Experiment_ID,Model,Model_Full_Name,Transfer_Learning_Mode,Initialization,Train_Dataset_A,Train_Dataset_B,Train_Combination,Test_Dataset_C,Train_A_Path,Train_B_Path,Test_C_Path,Train_Split,Validation_Split,Test_Split,Experiment_Description,Localization_F1,No_Damage_F1,Minor_Damage_F1,Major_Damage_F1,Destroyed_F1,Damage_Macro_F1,Overall_Score,Run_Status,Notes
HRTBDA_COMBO_0001,HRTBDA,High Resolution Transformer Building Damage Assessment,No Transfer Learning,Random initialization,EARTHQUAKE-TURKEY,HURRICANE-DELTA,EARTHQUAKE-TURKEY + HURRICANE-DELTA,EARTHQUAKE-TURKEY,/homes/j244s673/documents/wsu/phd/dataset/EARTHQUAKE-TURKEY,/homes/j244s673/documents/wsu/phd/dataset/HURRICANE-DELTA,/homes/j244s673/documents/wsu/phd/dataset/EARTHQUAKE-TURKEY,train,val,test,"Train HRTBDA from scratch on EARTHQUAKE-TURKEY + HURRICANE-DELTA, test on EARTHQUAKE-TURKEY",,,,,,,,Not started,
HRTBDA_COMBO_0002,HRTBDA,High Resolution Transformer Building Damage Assessment,xBD Transfer Learning,xBD pretrained HRTBDA checkpoint,EARTHQUAKE-TURKEY,HURRICANE-DELTA,EARTHQUAKE-TURKEY + HURRICANE-DELTA,EARTHQUAKE-TURKEY,/homes/j244s673/documents/wsu/phd/dataset/EARTHQUAKE-TURKEY,/homes/j244s673/documents/wsu/phd/dataset/HURRICANE-DELTA,/homes/j244s673/documents/wsu/phd/dataset/EARTHQUAKE-TURKEY,train,val,test,"Initialize HRTBDA with xBD pretrained weights, fine-tune on EARTHQUAKE-TURKEY + HURRICANE-DELTA, test on EARTHQUAKE-TURKEY",,,,,,,,Not started,
HRTBDA_COMBO_0003,HRTBDA,High Resolution Transformer Building Damage Assessment,No Transfer Learning,Random initialization,EARTHQUAKE-TURKEY,HURRICANE-DELTA,EARTHQUAKE-TURKEY + HURRICANE-DELTA,HURRICANE-DELTA,/homes/j244s673/documents/wsu/phd/dataset/EARTHQUAKE-TURKEY,/homes/j244s673/documents/wsu/phd/dataset/HURRICANE-DELTA,/homes/j244s673/documents/wsu/phd/dataset/HURRICANE-DELTA,train,val,test,"Train HRTBDA from scratch on EARTHQUAKE-TURKEY + HURRICANE-DELTA, test on HURRICANE-DELTA",,,,,,,,Not started,
HRTBDA_COMBO_0004,HRTBDA,High Resolution Transformer Building Damage Assessment,xBD Transfer Learning,xBD pretrained HRTBDA checkpoint,EARTHQUAKE-TURKEY,HURRICANE-DELTA,EARTHQUAKE-TURKEY + HURRICANE-DELTA,HURRICANE-DELTA,/homes/j244s673/documents/wsu/phd/dataset/EARTHQUAKE-TURKEY,/homes/j244s673/documents/wsu/phd/dataset/HURRICANE-DELTA,/homes/j244s673/documents/wsu/phd/dataset/HURRICANE-DELTA,train,val,test,"Initialize HRTBDA with xBD pretrained weights, fine-tune on EARTHQUAKE-TURKEY + HURRICANE-DELTA, test on HURRICANE-DELTA",,,,,,,,Not started,
HRTBDA_COMBO_0005,HRTBDA,High Resolution Transformer Building Damage Assessment,No Transfer Learning,Random initialization,EARTHQUAKE-TURKEY,HURRICANE-DELTA,EARTHQUAKE-TURKEY + HURRICANE-DELTA,HURRICANE-IAN,/homes/j244s673/documents/wsu/phd/dataset/EARTHQUAKE-TURKEY,/homes/j244s673/documents/wsu/phd/dataset/HURRICANE-DELTA,/homes/j244s673/documents/wsu/phd/dataset/HURRICANE-IAN,train,val,test,"Train HRTBDA from scratch on EARTHQUAKE-TURKEY + HURRICANE-DELTA, test on HURRICANE-IAN",,,,,,,,Not started,
HRTBDA_COMBO_0006,HRTBDA,High Resolution Transformer Building Damage Assessment,xBD Transfer Learning,xBD pretrained HRTBDA checkpoint,EARTHQUAKE-TURKEY,HURRICANE-DELTA,EARTHQUAKE-TURKEY + HURRICANE-DELTA,HURRICANE-IAN,/homes/j244s673/documents/wsu/phd/dataset/EARTHQUAKE-TURKEY,/homes/j244s673/documents/wsu/phd/dataset/HURRICANE-DELTA,/homes/j244s673/documents/wsu/phd/dataset/HURRICANE-IAN,train,val,test,"Initialize HRTBDA with xBD pretrained weights, fine-tune on EARTHQUAKE-TURKEY + HURRICANE-DELTA, test on HURRICANE-IAN",,,,,,,,Not started,
HRTBDA_COMBO_0007,HRTBDA,High Resolution Transformer Building Damage Assessment,No Transfer Learning,Random initialization,EARTHQUAKE-TURKEY,HURRICANE-DELTA,EARTHQUAKE-TURKEY + HURRICANE-DELTA,HURRICANE-LAURA,/homes/j244s673/documents/wsu/phd/dataset/EARTHQUAKE-TURKEY,/homes/j244s673/documents/wsu/phd/dataset/HURRICANE-DELTA,/homes/j244s673/documents/wsu/phd/dataset/HURRICANE-LAURA,train,val,test,"Train HRTBDA from scratch on EARTHQUAKE-TURKEY + HURRICANE-DELTA, test on HURRICANE-LAURA",,,,,,,,Not started,
HRTBDA_COMBO_0008,HRTBDA,High Resolution Transformer Building Damage Assessment,xBD Transfer Learning,xBD pretrained HRTBDA checkpoint,EARTHQUAKE-TURKEY,HURRICANE-DELTA,EARTHQUAKE-TURKEY + HURRICANE-DELTA,HURRICANE-LAURA,/homes/j244s673/documents/wsu/phd/dataset/EARTHQUAKE-TURKEY,/homes/j244s673/documents/wsu/phd/dataset/HURRICANE-DELTA,/homes/j244s673/documents/wsu/phd/dataset/HURRICANE-LAURA,train,val,test,"Initialize HRTBDA with xBD pretrained weights, fine-tune on EARTHQUAKE-TURKEY + HURRICANE-DELTA, test on HURRICANE-LAURA",,,,,,,,Not started,
HRTBDA_COMBO_0009,HRTBDA,High Resolution Transformer Building Damage Assessment,No Transfer Learning,Random initialization,EARTHQUAKE-TURKEY,HURRICANE-DELTA,EARTHQUAKE-TURKEY + HURRICANE-DELTA,MOUNT-SEMERU-ERUPTION,/homes/j244s673/documents/wsu/phd/dataset/EARTHQUAKE-TURKEY,/homes/j244s673/documents/wsu/phd/dataset/HURRICANE-DELTA,/homes/j244s673/documents/wsu/phd/dataset/MOUNT-SEMERU-ERUPTION,train,val,test,"Train HRTBDA from scratch on EARTHQUAKE-TURKEY + HURRICANE-DELTA, test on MOUNT-SEMERU-ERUPTION",,,,,,,,Not started,
HRTBDA_COMBO_0010,HRTBDA,High Resolution Transformer Building Damage Assessment,xBD Transfer Learning,xBD pretrained HRTBDA checkpoint,EARTHQUAKE-TURKEY,HURRICANE-DELTA,EARTHQUAKE-TURKEY + HURRICANE-DELTA,MOUNT-SEMERU-ERUPTION,/homes/j244s673/documents/wsu/phd/dataset/EARTHQUAKE-TURKEY,/homes/j244s673/documents/wsu/phd/dataset/HURRICANE-DELTA,/homes/j244s673/documents/wsu/phd/dataset/MOUNT-SEMERU-ERUPTION,train,val,test,"Initialize HRTBDA with xBD pretrained weights, fine-tune on EARTHQUAKE-TURKEY + HURRICANE-DELTA, test on MOUNT-SEMERU-ERUPTION",,,,,,,,Not started,
HRTBDA_COMBO_0011,HRTBDA,High Resolution Transformer Building Damage Assessment,No Transfer Learning,Random initialization,EARTHQUAKE-TURKEY,HURRICANE-DELTA,EARTHQUAKE-TURKEY + HURRICANE-DELTA,STVINCENT-VOLCANO,/homes/j244s673/documents/wsu/phd/dataset/EARTHQUAKE-TURKEY,/homes/j244s673/documents/wsu/phd/dataset/HURRICANE-DELTA,/homes/j244s673/documents/wsu/phd/dataset/STVINCENT-VOLCANO,train,val,test,"Train HRTBDA from scratch on EARTHQUAKE-TURKEY + HURRICANE-DELTA, test on STVINCENT-VOLCANO",,,,,,,,Not started,
HRTBDA_COMBO_0012,HRTBDA,High Resolution Transformer Building Damage Assessment,xBD Transfer Learning,xBD pretrained HRTBDA checkpoint,EARTHQUAKE-TURKEY,HURRICANE-DELTA,EARTHQUAKE-TURKEY + HURRICANE-DELTA,STVINCENT-VOLCANO,/homes/j244s673/documents/wsu/phd/dataset/EARTHQUAKE-TURKEY,/homes/j244s673/documents/wsu/phd/dataset/HURRICANE-DELTA,/homes/j244s673/documents/wsu/phd/dataset/STVINCENT-VOLCANO,train,val,test,"Initialize HRTBDA with xBD pretrained weights, fine-tune on EARTHQUAKE-TURKEY + HURRICANE-DELTA, test on STVINCENT-VOLCANO",,,,,,,,Not started,
HRTBDA_COMBO_0013,HRTBDA,High Resolution Transformer Building Damage Assessment,No Transfer Learning,Random initialization,EARTHQUAKE-TURKEY,HURRICANE-DELTA,EARTHQUAKE-TURKEY + HURRICANE-DELTA,TEXAS-TORNADOES,/homes/j244s673/documents/wsu/phd/dataset/EARTHQUAKE-TURKEY,/homes/j244s673/documents/wsu/phd/dataset/HURRICANE-DELTA,/homes/j244s673/documents/wsu/phd/dataset/TEXAS-TORNADOES,train,val,test,"Train HRTBDA from scratch on EARTHQUAKE-TURKEY + HURRICANE-DELTA, test on TEXAS-TORNADOES",,,,,,,,Not started,
HRTBDA_COMBO_0014,HRTBDA,High Resolution Transformer Building Damage Assessment,xBD Transfer Learning,xBD pretrained HRTBDA checkpoint,EARTHQUAKE-TURKEY,HURRICANE-DELTA,EARTHQUAKE-TURKEY + HURRICANE-DELTA,TEXAS-TORNADOES,/homes/j244s673/documents/wsu/phd/dataset/EARTHQUAKE-TURKEY,/homes/j244s673/documents/wsu/phd/dataset/HURRICANE-DELTA,/homes/j244s673/documents/wsu/phd/dataset/TEXAS-TORNADOES,train,val,test,"Initialize HRTBDA with xBD pretrained weights, fine-tune on EARTHQUAKE-TURKEY + HURRICANE-DELTA, test on TEXAS-TORNADOES",,,,,,,,Not started,
HRTBDA_COMBO_0015,HRTBDA,High Resolution Transformer Building Damage Assessment,No Transfer Learning,Random initialization,EARTHQUAKE-TURKEY,HURRICANE-DELTA,EARTHQUAKE-TURKEY + HURRICANE-DELTA,TONGA-VOLCANO,/homes/j244s673/documents/wsu/phd/dataset/EARTHQUAKE-TURKEY,/homes/j244s673/documents/wsu/phd/dataset/HURRICANE-DELTA,/homes/j244s673/documents/wsu/phd/dataset/TONGA-VOLCANO,train,val,test,"Train HRTBDA from scratch on EARTHQUAKE-TURKEY + HURRICANE-DELTA, test on TONGA-VOLCANO",,,,,,,,Not started,
HRTBDA_COMBO_0016,HRTBDA,High Resolution Transformer Building Damage Assessment,xBD Transfer Learning,xBD pretrained HRTBDA checkpoint,EARTHQUAKE-TURKEY,HURRICANE-DELTA,EARTHQUAKE-TURKEY + HURRICANE-DELTA,TONGA-VOLCANO,/homes/j244s673/documents/wsu/phd/dataset/EARTHQUAKE-TURKEY,/homes/j244s673/documents/wsu/phd/dataset/HURRICANE-DELTA,/homes/j244s673/documents/wsu/phd/dataset/TONGA-VOLCANO,train,val,test,"Initialize HRTBDA with xBD pretrained weights, fine-tune on EARTHQUAKE-TURKEY + HURRICANE-DELTA, test on TONGA-VOLCANO",,,,,,,,Not started,
HRTBDA_COMBO_0017,HRTBDA,High Resolution Transformer Building Damage Assessment,No Transfer Learning,Random initialization,EARTHQUAKE-TURKEY,HURRICANE-DELTA,EARTHQUAKE-TURKEY + HURRICANE-DELTA,xBD,/homes/j244s673/documents/wsu/phd/dataset/EARTHQUAKE-TURKEY,/homes/j244s673/documents/wsu/phd/dataset/HURRICANE-DELTA,/homes/j244s673/documents/wsu/phd/dataset/xBD,train,val,test,"Train HRTBDA from scratch on EARTHQUAKE-TURKEY + HURRICANE-DELTA, test on xBD",,,,,,,,Not started,
HRTBDA_COMBO_0018,HRTBDA,High Resolution Transformer Building Damage Assessment,xBD Transfer Learning,xBD pretrained HRTBDA checkpoint,EARTHQUAKE-TURKEY,HURRICANE-DELTA,EARTHQUAKE-TURKEY + HURRICANE-DELTA,xBD,/homes/j244s673/documents/wsu/phd/dataset/EARTHQUAKE-TURKEY,/homes/j244s673/documents/wsu/phd/dataset/HURRICANE-DELTA,/homes/j244s673/documents/wsu/phd/dataset/xBD,train,val,test,"Initialize HRTBDA with xBD pretrained weights, fine-tune on EARTHQUAKE-TURKEY + HURRICANE-DELTA, test on xBD",,,,,,,,Not started,
HRTBDA_COMBO_0019,HRTBDA,High Resolution Transformer Building Damage Assessment,No Transfer Learning,Random initialization,EARTHQUAKE-TURKEY,HURRICANE-IAN,EARTHQUAKE-TURKEY + HURRICANE-IAN,EARTHQUAKE-TURKEY,/homes/j244s673/documents/wsu/phd/dataset/EARTHQUAKE-TURKEY,/homes/j244s673/documents/wsu/phd/dataset/HURRICANE-IAN,/homes/j244s673/documents/wsu/phd/dataset/EARTHQUAKE-TURKEY,train,val,test,"Train HRTBDA from scratch on EARTHQUAKE-TURKEY + HURRICANE-IAN, test on EARTHQUAKE-TURKEY",,,,,,,,Not started,
HRTBDA_COMBO_0020,HRTBDA,High Resolution Transformer Building Damage Assessment,xBD Transfer Learning,xBD pretrained HRTBDA checkpoint,EARTHQUAKE-TURKEY,HURRICANE-IAN,EARTHQUAKE-TURKEY + HURRICANE-IAN,EARTHQUAKE-TURKEY,/homes/j244s673/documents/wsu/phd/dataset/EARTHQUAKE-TURKEY,/homes/j244s673/documents/wsu/phd/dataset/HURRICANE-IAN,/homes/j244s673/documents/wsu/phd/dataset/EARTHQUAKE-TURKEY,train,val,test,"Initialize HRTBDA with xBD pretrained weights, fine-tune on EARTHQUAKE-TURKEY + HURRICANE-IAN, test on EARTHQUAKE-TURKEY",,,,,,,,Not started,
HRTBDA_COMBO_0021,HRTBDA,High Resolution Transformer Building Damage Assessment,No Transfer Learning,Random initialization,EARTHQUAKE-TURKEY,HURRICANE-IAN,EARTHQUAKE-TURKEY + HURRICANE-IAN,HURRICANE-DELTA,/homes/j244s673/documents/wsu/phd/dataset/EARTHQUAKE-TURKEY,/homes/j244s673/documents/wsu/phd/dataset/HURRICANE-IAN,/homes/j244s673/documents/wsu/phd/dataset/HURRICANE-DELTA,train,val,test,"Train HRTBDA from scratch on EARTHQUAKE-TURKEY + HURRICANE-IAN, test on HURRICANE-DELTA",,,,,,,,Not started,
HRTBDA_COMBO_0022,HRTBDA,High Resolution Transformer Building Damage Assessment,xBD Transfer Learning,xBD pretrained HRTBDA checkpoint,EARTHQUAKE-TURKEY,HURRICANE-IAN,EARTHQUAKE-TURKEY + HURRICANE-IAN,HURRICANE-DELTA,/homes/j244s673/documents/wsu/phd/dataset/EARTHQUAKE-TURKEY,/homes/j244s673/documents/wsu/phd/dataset/HURRICANE-IAN,/homes/j244s673/documents/wsu/phd/dataset/HURRICANE-DELTA,train,val,test,"Initialize HRTBDA with xBD pretrained weights, fine-tune on EARTHQUAKE-TURKEY + HURRICANE-IAN, test on HURRICANE-DELTA",,,,,,,,Not started,
HRTBDA_COMBO_0023,HRTBDA,High Resolution Transformer Building Damage Assessment,No Transfer Learning,Random initialization,EARTHQUAKE-TURKEY,HURRICANE-IAN,EARTHQUAKE-TURKEY + HURRICANE-IAN,HURRICANE-IAN,/homes/j244s673/documents/wsu/phd/dataset/EARTHQUAKE-TURKEY,/homes/j244s673/documents/wsu/phd/dataset/HURRICANE-IAN,/homes/j244s673/documents/wsu/phd/dataset/HURRICANE-IAN,train,val,test,"Train HRTBDA from scratch on EARTHQUAKE-TURKEY + HURRICANE-IAN, test on HURRICANE-IAN",,,,,,,,Not started,
HRTBDA_COMBO_0024,HRTBDA,High Resolution Transformer Building Damage Assessment,xBD Transfer Learning,xBD pretrained HRTBDA checkpoint,EARTHQUAKE-TURKEY,HURRICANE-IAN,EARTHQUAKE-TURKEY + HURRICANE-IAN,HURRICANE-IAN,/homes/j244s673/documents/wsu/phd/dataset/EARTHQUAKE-TURKEY,/homes/j244s673/documents/wsu/phd/dataset/HURRICANE-IAN,/homes/j244s673/documents/wsu/phd/dataset/HURRICANE-IAN,train,val,test,"Initialize HRTBDA with xBD pretrained weights, fine-tune on EARTHQUAKE-TURKEY + HURRICANE-IAN, test on HURRICANE-IAN",,,,,,,,Not started,
HRTBDA_COMBO_0025,HRTBDA,High Resolution Transformer Building Damage Assessment,No Transfer Learning,Random initialization,EARTHQUAKE-TURKEY,HURRICANE-IAN,EARTHQUAKE-TURKEY + HURRICANE-IAN,HURRICANE-LAURA,/homes/j244s673/documents/wsu/phd/dataset/EARTHQUAKE-TURKEY,/homes/j244s673/documents/wsu/phd/dataset/HURRICANE-IAN,/homes/j244s673/documents/wsu/phd/dataset/HURRICANE-LAURA,train,val,test,"Train HRTBDA from scratch on EARTHQUAKE-TURKEY + HURRICANE-IAN, test on HURRICANE-LAURA",,,,,,,,Not started,
HRTBDA_COMBO_0026,HRTBDA,High Resolution Transformer Building Damage Assessment,xBD Transfer Learning,xBD pretrained HRTBDA checkpoint,EARTHQUAKE-TURKEY,HURRICANE-IAN,EARTHQUAKE-TURKEY + HURRICANE-IAN,HURRICANE-LAURA,/homes/j244s673/documents/wsu/phd/dataset/EARTHQUAKE-TURKEY,/homes/j244s673/documents/wsu/phd/dataset/HURRICANE-IAN,/homes/j244s673/documents/wsu/phd/dataset/HURRICANE-LAURA,train,val,test,"Initialize HRTBDA with xBD pretrained weights, fine-tune on EARTHQUAKE-TURKEY + HURRICANE-IAN, test on HURRICANE-LAURA",,,,,,,,Not started,
HRTBDA_COMBO_0027,HRTBDA,High Resolution Transformer Building Damage Assessment,No Transfer Learning,Random initialization,EARTHQUAKE-TURKEY,HURRICANE-IAN,EARTHQUAKE-TURKEY + HURRICANE-IAN,MOUNT-SEMERU-ERUPTION,/homes/j244s673/documents/wsu/phd/dataset/EARTHQUAKE-TURKEY,/homes/j244s673/documents/wsu/phd/dataset/HURRICANE-IAN,/homes/j244s673/documents/wsu/phd/dataset/MOUNT-SEMERU-ERUPTION,train,val,test,"Train HRTBDA from scratch on EARTHQUAKE-TURKEY + HURRICANE-IAN, test on MOUNT-SEMERU-ERUPTION",,,,,,,,Not started,
HRTBDA_COMBO_0028,HRTBDA,High Resolution Transformer Building Damage Assessment,xBD Transfer Learning,xBD pretrained HRTBDA checkpoint,EARTHQUAKE-TURKEY,HURRICANE-IAN,EARTHQUAKE-TURKEY + HURRICANE-IAN,MOUNT-SEMERU-ERUPTION,/homes/j244s673/documents/wsu/phd/dataset/EARTHQUAKE-TURKEY,/homes/j244s673/documents/wsu/phd/dataset/HURRICANE-IAN,/homes/j244s673/documents/wsu/phd/dataset/MOUNT-SEMERU-ERUPTION,train,val,test,"Initialize HRTBDA with xBD pretrained weights, fine-tune on EARTHQUAKE-TURKEY + HURRICANE-IAN, test on MOUNT-SEMERU-ERUPTION",,,,,,,,Not started,
HRTBDA_COMBO_0029,HRTBDA,High Resolution Transformer Building Damage Assessment,No Transfer Learning,Random initialization,EARTHQUAKE-TURKEY,HURRICANE-IAN,EARTHQUAKE-TURKEY + HURRICANE-IAN,STVINCENT-VOLCANO,/homes/j244s673/documents/wsu/phd/dataset/EARTHQUAKE-TURKEY,/homes/j244s673/documents/wsu/phd/dataset/HURRICANE-IAN,/homes/j244s673/documents/wsu/phd/dataset/STVINCENT-VOLCANO,train,val,test,"Train HRTBDA from scratch on EARTHQUAKE-TURKEY + HURRICANE-IAN, test on STVINCENT-VOLCANO",,,,,,,,Not started,
HRTBDA_COMBO_0030,HRTBDA,High Resolution Transformer Building Damage Assessment,xBD Transfer Learning,xBD pretrained HRTBDA checkpoint,EARTHQUAKE-TURKEY,HURRICANE-IAN,EARTHQUAKE-TURKEY + HURRICANE-IAN,STVINCENT-VOLCANO,/homes/j244s673/documents/wsu/phd/dataset/EARTHQUAKE-TURKEY,/homes/j244s673/documents/wsu/phd/dataset/HURRICANE-IAN,/homes/j244s673/documents/wsu/phd/dataset/STVINCENT-VOLCANO,train,val,test,"Initialize HRTBDA with xBD pretrained weights, fine-tune on EARTHQUAKE-TURKEY + HURRICANE-IAN, test on STVINCENT-VOLCANO",,,,,,,,Not started,
HRTBDA_COMBO_0031,HRTBDA,High Resolution Transformer Building Damage Assessment,No Transfer Learning,Random initialization,EARTHQUAKE-TURKEY,HURRICANE-IAN,EARTHQUAKE-TURKEY + HURRICANE-IAN,TEXAS-TORNADOES,/homes/j244s673/documents/wsu/phd/dataset/EARTHQUAKE-TURKEY,/homes/j244s673/documents/wsu/phd/dataset/HURRICANE-IAN,/homes/j244s673/documents/wsu/phd/dataset/TEXAS-TORNADOES,train,val,test,"Train HRTBDA from scratch on EARTHQUAKE-TURKEY + HURRICANE-IAN, test on TEXAS-TORNADOES",,,,,,,,Not started,
HRTBDA_COMBO_0032,HRTBDA,High Resolution Transformer Building Damage Assessment,xBD Transfer Learning,xBD pretrained HRTBDA checkpoint,EARTHQUAKE-TURKEY,HURRICANE-IAN,EARTHQUAKE-TURKEY + HURRICANE-IAN,TEXAS-TORNADOES,/homes/j244s673/documents/wsu/phd/dataset/EARTHQUAKE-TURKEY,/homes/j244s673/documents/wsu/phd/dataset/HURRICANE-IAN,/homes/j244s673/documents/wsu/phd/dataset/TEXAS-TORNADOES,train,val,test,"Initialize HRTBDA with xBD pretrained weights, fine-tune on EARTHQUAKE-TURKEY + HURRICANE-IAN, test on TEXAS-TORNADOES",,,,,,,,Not started,
HRTBDA_COMBO_0033,HRTBDA,High Resolution Transformer Building Damage Assessment,No Transfer Learning,Random initialization,EARTHQUAKE-TURKEY,HURRICANE-IAN,EARTHQUAKE-TURKEY + HURRICANE-IAN,TONGA-VOLCANO,/homes/j244s673/documents/wsu/phd/dataset/EARTHQUAKE-TURKEY,/homes/j244s673/documents/wsu/phd/dataset/HURRICANE-IAN,/homes/j244s673/documents/wsu/phd/dataset/TONGA-VOLCANO,train,val,test,"Train HRTBDA from scratch on EARTHQUAKE-TURKEY + HURRICANE-IAN, test on TONGA-VOLCANO",,,,,,,,Not started,
HRTBDA_COMBO_0034,HRTBDA,High Resolution Transformer Building Damage Assessment,xBD Transfer Learning,xBD pretrained HRTBDA checkpoint,EARTHQUAKE-TURKEY,HURRICANE-IAN,EARTHQUAKE-TURKEY + HURRICANE-IAN,TONGA-VOLCANO,/homes/j244s673/documents/wsu/phd/dataset/EARTHQUAKE-TURKEY,/homes/j244s673/documents/wsu/phd/dataset/HURRICANE-IAN,/homes/j244s673/documents/wsu/phd/dataset/TONGA-VOLCANO,train,val,test,"Initialize HRTBDA with xBD pretrained weights, fine-tune on EARTHQUAKE-TURKEY + HURRICANE-IAN, test on TONGA-VOLCANO",,,,,,,,Not started,
HRTBDA_COMBO_0035,HRTBDA,High Resolution Transformer Building Damage Assessment,No Transfer Learning,Random initialization,EARTHQUAKE-TURKEY,HURRICANE-IAN,EARTHQUAKE-TURKEY + HURRICANE-IAN,xBD,/homes/j244s673/documents/wsu/phd/dataset/EARTHQUAKE-TURKEY,/homes/j244s673/documents/wsu/phd/dataset/HURRICANE-IAN,/homes/j244s673/documents/wsu/phd/dataset/xBD,train,val,test,"Train HRTBDA from scratch on EARTHQUAKE-TURKEY + HURRICANE-IAN, test on xBD",,,,,,,,Not started,
HRTBDA_COMBO_0036,HRTBDA,High Resolution Transformer Building Damage Assessment,xBD Transfer Learning,xBD pretrained HRTBDA checkpoint,EARTHQUAKE-TURKEY,HURRICANE-IAN,EARTHQUAKE-TURKEY + HURRICANE-IAN,xBD,/homes/j244s673/documents/wsu/phd/dataset/EARTHQUAKE-TURKEY,/homes/j244s673/documents/wsu/phd/dataset/HURRICANE-IAN,/homes/j244s673/documents/wsu/phd/dataset/xBD,train,val,test,"Initialize HRTBDA with xBD pretrained weights, fine-tune on EARTHQUAKE-TURKEY + HURRICANE-IAN, test on xBD",,,,,,,,Not started,
HRTBDA_COMBO_0037,HRTBDA,High Resolution Transformer Building Damage Assessment,No Transfer Learning,Random initialization,EARTHQUAKE-TURKEY,HURRICANE-LAURA,EARTHQUAKE-TURKEY + HURRICANE-LAURA,EARTHQUAKE-TURKEY,/homes/j244s673/documents/wsu/phd/dataset/EARTHQUAKE-TURKEY,/homes/j244s673/documents/wsu/phd/dataset/HURRICANE-LAURA,/homes/j244s673/documents/wsu/phd/dataset/EARTHQUAKE-TURKEY,train,val,test,"Train HRTBDA from scratch on EARTHQUAKE-TURKEY + HURRICANE-LAURA, test on EARTHQUAKE-TURKEY",,,,,,,,Not started,
HRTBDA_COMBO_0038,HRTBDA,High Resolution Transformer Building Damage Assessment,xBD Transfer Learning,xBD pretrained HRTBDA checkpoint,EARTHQUAKE-TURKEY,HURRICANE-LAURA,EARTHQUAKE-TURKEY + HURRICANE-LAURA,EARTHQUAKE-TURKEY,/homes/j244s673/documents/wsu/phd/dataset/EARTHQUAKE-TURKEY,/homes/j244s673/documents/wsu/phd/dataset/HURRICANE-LAURA,/homes/j244s673/documents/wsu/phd/dataset/EARTHQUAKE-TURKEY,train,val,test,"Initialize HRTBDA with xBD pretrained weights, fine-tune on EARTHQUAKE-TURKEY + HURRICANE-LAURA, test on EARTHQUAKE-TURKEY",,,,,,,,Not started,
HRTBDA_COMBO_0039,HRTBDA,High Resolution Transformer Building Damage Assessment,No Transfer Learning,Random initialization,EARTHQUAKE-TURKEY,HURRICANE-LAURA,EARTHQUAKE-TURKEY + HURRICANE-LAURA,HURRICANE-DELTA,/homes/j244s673/documents/wsu/phd/dataset/EARTHQUAKE-TURKEY,/homes/j244s673/documents/wsu/phd/dataset/HURRICANE-LAURA,/homes/j244s673/documents/wsu/phd/dataset/HURRICANE-DELTA,train,val,test,"Train HRTBDA from scratch on EARTHQUAKE-TURKEY + HURRICANE-LAURA, test on HURRICANE-DELTA",,,,,,,,Not started,
HRTBDA_COMBO_0040,HRTBDA,High Resolution Transformer Building Damage Assessment,xBD Transfer Learning,xBD pretrained HRTBDA checkpoint,EARTHQUAKE-TURKEY,HURRICANE-LAURA,EARTHQUAKE-TURKEY + HURRICANE-LAURA,HURRICANE-DELTA,/homes/j244s673/documents/wsu/phd/dataset/EARTHQUAKE-TURKEY,/homes/j244s673/documents/wsu/phd/dataset/HURRICANE-LAURA,/homes/j244s673/documents/wsu/phd/dataset/HURRICANE-DELTA,train,val,test,"Initialize HRTBDA with xBD pretrained weights, fine-tune on EARTHQUAKE-TURKEY + HURRICANE-LAURA, test on HURRICANE-DELTA",,,,,,,,Not started,
HRTBDA_COMBO_0041,HRTBDA,High Resolution Transformer Building Damage Assessment,No Transfer Learning,Random initialization,EARTHQUAKE-TURKEY,HURRICANE-LAURA,EARTHQUAKE-TURKEY + HURRICANE-LAURA,HURRICANE-IAN,/homes/j244s673/documents/wsu/phd/dataset/EARTHQUAKE-TURKEY,/homes/j244s673/documents/wsu/phd/dataset/HURRICANE-LAURA,/homes/j244s673/documents/wsu/phd/dataset/HURRICANE-IAN,train,val,test,"Train HRTBDA from scratch on EARTHQUAKE-TURKEY + HURRICANE-LAURA, test on HURRICANE-IAN",,,,,,,,Not started,
HRTBDA_COMBO_0042,HRTBDA,High Resolution Transformer Building Damage Assessment,xBD Transfer Learning,xBD pretrained HRTBDA checkpoint,EARTHQUAKE-TURKEY,HURRICANE-LAURA,EARTHQUAKE-TURKEY + HURRICANE-LAURA,HURRICANE-IAN,/homes/j244s673/documents/wsu/phd/dataset/EARTHQUAKE-TURKEY,/homes/j244s673/documents/wsu/phd/dataset/HURRICANE-LAURA,/homes/j244s673/documents/wsu/phd/dataset/HURRICANE-IAN,train,val,test,"Initialize HRTBDA with xBD pretrained weights, fine-tune on EARTHQUAKE-TURKEY + HURRICANE-LAURA, test on HURRICANE-IAN",,,,,,,,Not started,
HRTBDA_COMBO_0043,HRTBDA,High Resolution Transformer Building Damage Assessment,No Transfer Learning,Random initialization,EARTHQUAKE-TURKEY,HURRICANE-LAURA,EARTHQUAKE-TURKEY + HURRICANE-LAURA,HURRICANE-LAURA,/homes/j244s673/documents/wsu/phd/dataset/EARTHQUAKE-TURKEY,/homes/j244s673/documents/wsu/phd/dataset/HURRICANE-LAURA,/homes/j244s673/documents/wsu/phd/dataset/HURRICANE-LAURA,train,val,test,"Train HRTBDA from scratch on EARTHQUAKE-TURKEY + HURRICANE-LAURA, test on HURRICANE-LAURA",,,,,,,,Not started,
HRTBDA_COMBO_0044,HRTBDA,High Resolution Transformer Building Damage Assessment,xBD Transfer Learning,xBD pretrained HRTBDA checkpoint,EARTHQUAKE-TURKEY,HURRICANE-LAURA,EARTHQUAKE-TURKEY + HURRICANE-LAURA,HURRICANE-LAURA,/homes/j244s673/documents/wsu/phd/dataset/EARTHQUAKE-TURKEY,/homes/j244s673/documents/wsu/phd/dataset/HURRICANE-LAURA,/homes/j244s673/documents/wsu/phd/dataset/HURRICANE-LAURA,train,val,test,"Initialize HRTBDA with xBD pretrained weights, fine-tune on EARTHQUAKE-TURKEY + HURRICANE-LAURA, test on HURRICANE-LAURA",,,,,,,,Not started,
HRTBDA_COMBO_0045,HRTBDA,High Resolution Transformer Building Damage Assessment,No Transfer Learning,Random initialization,EARTHQUAKE-TURKEY,HURRICANE-LAURA,EARTHQUAKE-TURKEY + HURRICANE-LAURA,MOUNT-SEMERU-ERUPTION,/homes/j244s673/documents/wsu/phd/dataset/EARTHQUAKE-TURKEY,/homes/j244s673/documents/wsu/phd/dataset/HURRICANE-LAURA,/homes/j244s673/documents/wsu/phd/dataset/MOUNT-SEMERU-ERUPTION,train,val,test,"Train HRTBDA from scratch on EARTHQUAKE-TURKEY + HURRICANE-LAURA, test on MOUNT-SEMERU-ERUPTION",,,,,,,,Not started,
HRTBDA_COMBO_0046,HRTBDA,High Resolution Transformer Building Damage Assessment,xBD Transfer Learning,xBD pretrained HRTBDA checkpoint,EARTHQUAKE-TURKEY,HURRICANE-LAURA,EARTHQUAKE-TURKEY + HURRICANE-LAURA,MOUNT-SEMERU-ERUPTION,/homes/j244s673/documents/wsu/phd/dataset/EARTHQUAKE-TURKEY,/homes/j244s673/documents/wsu/phd/dataset/HURRICANE-LAURA,/homes/j244s673/documents/wsu/phd/dataset/MOUNT-SEMERU-ERUPTION,train,val,test,"Initialize HRTBDA with xBD pretrained weights, fine-tune on EARTHQUAKE-TURKEY + HURRICANE-LAURA, test on MOUNT-SEMERU-ERUPTION",,,,,,,,Not started,
HRTBDA_COMBO_0047,HRTBDA,High Resolution Transformer Building Damage Assessment,No Transfer Learning,Random initialization,EARTHQUAKE-TURKEY,HURRICANE-LAURA,EARTHQUAKE-TURKEY + HURRICANE-LAURA,STVINCENT-VOLCANO,/homes/j244s673/documents/wsu/phd/dataset/EARTHQUAKE-TURKEY,/homes/j244s673/documents/wsu/phd/dataset/HURRICANE-LAURA,/homes/j244s673/documents/wsu/phd/dataset/STVINCENT-VOLCANO,train,val,test,"Train HRTBDA from scratch on EARTHQUAKE-TURKEY + HURRICANE-LAURA, test on STVINCENT-VOLCANO",,,,,,,,Not started,
HRTBDA_COMBO_0048,HRTBDA,High Resolution Transformer Building Damage Assessment,xBD Transfer Learning,xBD pretrained HRTBDA checkpoint,EARTHQUAKE-TURKEY,HURRICANE-LAURA,EARTHQUAKE-TURKEY + HURRICANE-LAURA,STVINCENT-VOLCANO,/homes/j244s673/documents/wsu/phd/dataset/EARTHQUAKE-TURKEY,/homes/j244s673/documents/wsu/phd/dataset/HURRICANE-LAURA,/homes/j244s673/documents/wsu/phd/dataset/STVINCENT-VOLCANO,train,val,test,"Initialize HRTBDA with xBD pretrained weights, fine-tune on EARTHQUAKE-TURKEY + HURRICANE-LAURA, test on STVINCENT-VOLCANO",,,,,,,,Not started,
HRTBDA_COMBO_0049,HRTBDA,High Resolution Transformer Building Damage Assessment,No Transfer Learning,Random initialization,EARTHQUAKE-TURKEY,HURRICANE-LAURA,EARTHQUAKE-TURKEY + HURRICANE-LAURA,TEXAS-TORNADOES,/homes/j244s673/documents/wsu/phd/dataset/EARTHQUAKE-TURKEY,/homes/j244s673/documents/wsu/phd/dataset/HURRICANE-LAURA,/homes/j244s673/documents/wsu/phd/dataset/TEXAS-TORNADOES,train,val,test,"Train HRTBDA from scratch on EARTHQUAKE-TURKEY + HURRICANE-LAURA, test on TEXAS-TORNADOES",,,,,,,,Not started,
HRTBDA_COMBO_0050,HRTBDA,High Resolution Transformer Building Damage Assessment,xBD Transfer Learning,xBD pretrained HRTBDA checkpoint,EARTHQUAKE-TURKEY,HURRICANE-LAURA,EARTHQUAKE-TURKEY + HURRICANE-LAURA,TEXAS-TORNADOES,/homes/j244s673/documents/wsu/phd/dataset/EARTHQUAKE-TURKEY,/homes/j244s673/documents/wsu/phd/dataset/HURRICANE-LAURA,/homes/j244s673/documents/wsu/phd/dataset/TEXAS-TORNADOES,train,val,test,"Initialize HRTBDA with xBD pretrained weights, fine-tune on EARTHQUAKE-TURKEY + HURRICANE-LAURA, test on TEXAS-TORNADOES",,,,,,,,Not started,
HRTBDA_COMBO_0051,HRTBDA,High Resolution Transformer Building Damage Assessment,No Transfer Learning,Random initialization,EARTHQUAKE-TURKEY,HURRICANE-LAURA,EARTHQUAKE-TURKEY + HURRICANE-LAURA,TONGA-VOLCANO,/homes/j244s673/documents/wsu/phd/dataset/EARTHQUAKE-TURKEY,/homes/j244s673/documents/wsu/phd/dataset/HURRICANE-LAURA,/homes/j244s673/documents/wsu/phd/dataset/TONGA-VOLCANO,train,val,test,"Train HRTBDA from scratch on EARTHQUAKE-TURKEY + HURRICANE-LAURA, test on TONGA-VOLCANO",,,,,,,,Not started,
HRTBDA_COMBO_0052,HRTBDA,High Resolution Transformer Building Damage Assessment,xBD Transfer Learning,xBD pretrained HRTBDA checkpoint,EARTHQUAKE-TURKEY,HURRICANE-LAURA,EARTHQUAKE-TURKEY + HURRICANE-LAURA,TONGA-VOLCANO,/homes/j244s673/documents/wsu/phd/dataset/EARTHQUAKE-TURKEY,/homes/j244s673/documents/wsu/phd/dataset/HURRICANE-LAURA,/homes/j244s673/documents/wsu/phd/dataset/TONGA-VOLCANO,train,val,test,"Initialize HRTBDA with xBD pretrained weights, fine-tune on EARTHQUAKE-TURKEY + HURRICANE-LAURA, test on TONGA-VOLCANO",,,,,,,,Not started,
HRTBDA_COMBO_0053,HRTBDA,High Resolution Transformer Building Damage Assessment,No Transfer Learning,Random initialization,EARTHQUAKE-TURKEY,HURRICANE-LAURA,EARTHQUAKE-TURKEY + HURRICANE-LAURA,xBD,/homes/j244s673/documents/wsu/phd/dataset/EARTHQUAKE-TURKEY,/homes/j244s673/documents/wsu/phd/dataset/HURRICANE-LAURA,/homes/j244s673/documents/wsu/phd/dataset/xBD,train,val,test,"Train HRTBDA from scratch on EARTHQUAKE-TURKEY + HURRICANE-LAURA, test on xBD",,,,,,,,Not started,
HRTBDA_COMBO_0054,HRTBDA,High Resolution Transformer Building Damage Assessment,xBD Transfer Learning,xBD pretrained HRTBDA checkpoint,EARTHQUAKE-TURKEY,HURRICANE-LAURA,EARTHQUAKE-TURKEY + HURRICANE-LAURA,xBD,/homes/j244s673/documents/wsu/phd/dataset/EARTHQUAKE-TURKEY,/homes/j244s673/documents/wsu/phd/dataset/HURRICANE-LAURA,/homes/j244s673/documents/wsu/phd/dataset/xBD,train,val,test,"Initialize HRTBDA with xBD pretrained weights, fine-tune on EARTHQUAKE-TURKEY + HURRICANE-LAURA, test on xBD",,,,,,,,Not started,
HRTBDA_COMBO_0055,HRTBDA,High Resolution Transformer Building Damage Assessment,No Transfer Learning,Random initialization,EARTHQUAKE-TURKEY,MOUNT-SEMERU-ERUPTION,EARTHQUAKE-TURKEY + MOUNT-SEMERU-ERUPTION,EARTHQUAKE-TURKEY,/homes/j244s673/documents/wsu/phd/dataset/EARTHQUAKE-TURKEY,/homes/j244s673/documents/wsu/phd/dataset/MOUNT-SEMERU-ERUPTION,/homes/j244s673/documents/wsu/phd/dataset/EARTHQUAKE-TURKEY,train,val,test,"Train HRTBDA from scratch on EARTHQUAKE-TURKEY + MOUNT-SEMERU-ERUPTION, test on EARTHQUAKE-TURKEY",,,,,,,,Not started,
HRTBDA_COMBO_0056,HRTBDA,High Resolution Transformer Building Damage Assessment,xBD Transfer Learning,xBD pretrained HRTBDA checkpoint,EARTHQUAKE-TURKEY,MOUNT-SEMERU-ERUPTION,EARTHQUAKE-TURKEY + MOUNT-SEMERU-ERUPTION,EARTHQUAKE-TURKEY,/homes/j244s673/documents/wsu/phd/dataset/EARTHQUAKE-TURKEY,/homes/j244s673/documents/wsu/phd/dataset/MOUNT-SEMERU-ERUPTION,/homes/j244s673/documents/wsu/phd/dataset/EARTHQUAKE-TURKEY,train,val,test,"Initialize HRTBDA with xBD pretrained weights, fine-tune on EARTHQUAKE-TURKEY + MOUNT-SEMERU-ERUPTION, test on EARTHQUAKE-TURKEY",,,,,,,,Not started,
HRTBDA_COMBO_0057,HRTBDA,High Resolution Transformer Building Damage Assessment,No Transfer Learning,Random initialization,EARTHQUAKE-TURKEY,MOUNT-SEMERU-ERUPTION,EARTHQUAKE-TURKEY + MOUNT-SEMERU-ERUPTION,HURRICANE-DELTA,/homes/j244s673/documents/wsu/phd/dataset/EARTHQUAKE-TURKEY,/homes/j244s673/documents/wsu/phd/dataset/MOUNT-SEMERU-ERUPTION,/homes/j244s673/documents/wsu/phd/dataset/HURRICANE-DELTA,train,val,test,"Train HRTBDA from scratch on EARTHQUAKE-TURKEY + MOUNT-SEMERU-ERUPTION, test on HURRICANE-DELTA",,,,,,,,Not started,
HRTBDA_COMBO_0058,HRTBDA,High Resolution Transformer Building Damage Assessment,xBD Transfer Learning,xBD pretrained HRTBDA checkpoint,EARTHQUAKE-TURKEY,MOUNT-SEMERU-ERUPTION,EARTHQUAKE-TURKEY + MOUNT-SEMERU-ERUPTION,HURRICANE-DELTA,/homes/j244s673/documents/wsu/phd/dataset/EARTHQUAKE-TURKEY,/homes/j244s673/documents/wsu/phd/dataset/MOUNT-SEMERU-ERUPTION,/homes/j244s673/documents/wsu/phd/dataset/HURRICANE-DELTA,train,val,test,"Initialize HRTBDA with xBD pretrained weights, fine-tune on EARTHQUAKE-TURKEY + MOUNT-SEMERU-ERUPTION, test on HURRICANE-DELTA",,,,,,,,Not started,
HRTBDA_COMBO_0059,HRTBDA,High Resolution Transformer Building Damage Assessment,No Transfer Learning,Random initialization,EARTHQUAKE-TURKEY,MOUNT-SEMERU-ERUPTION,EARTHQUAKE-TURKEY + MOUNT-SEMERU-ERUPTION,HURRICANE-IAN,/homes/j244s673/documents/wsu/phd/dataset/EARTHQUAKE-TURKEY,/homes/j244s673/documents/wsu/phd/dataset/MOUNT-SEMERU-ERUPTION,/homes/j244s673/documents/wsu/phd/dataset/HURRICANE-IAN,train,val,test,"Train HRTBDA from scratch on EARTHQUAKE-TURKEY + MOUNT-SEMERU-ERUPTION, test on HURRICANE-IAN",,,,,,,,Not started,
HRTBDA_COMBO_0060,HRTBDA,High Resolution Transformer Building Damage Assessment,xBD Transfer Learning,xBD pretrained HRTBDA checkpoint,EARTHQUAKE-TURKEY,MOUNT-SEMERU-ERUPTION,EARTHQUAKE-TURKEY + MOUNT-SEMERU-ERUPTION,HURRICANE-IAN,/homes/j244s673/documents/wsu/phd/dataset/EARTHQUAKE-TURKEY,/homes/j244s673/documents/wsu/phd/dataset/MOUNT-SEMERU-ERUPTION,/homes/j244s673/documents/wsu/phd/dataset/HURRICANE-IAN,train,val,test,"Initialize HRTBDA with xBD pretrained weights, fine-tune on EARTHQUAKE-TURKEY + MOUNT-SEMERU-ERUPTION, test on HURRICANE-IAN",,,,,,,,Not started,
HRTBDA_COMBO_0061,HRTBDA,High Resolution Transformer Building Damage Assessment,No Transfer Learning,Random initialization,EARTHQUAKE-TURKEY,MOUNT-SEMERU-ERUPTION,EARTHQUAKE-TURKEY + MOUNT-SEMERU-ERUPTION,HURRICANE-LAURA,/homes/j244s673/documents/wsu/phd/dataset/EARTHQUAKE-TURKEY,/homes/j244s673/documents/wsu/phd/dataset/MOUNT-SEMERU-ERUPTION,/homes/j244s673/documents/wsu/phd/dataset/HURRICANE-LAURA,train,val,test,"Train HRTBDA from scratch on EARTHQUAKE-TURKEY + MOUNT-SEMERU-ERUPTION, test on HURRICANE-LAURA",,,,,,,,Not started,
HRTBDA_COMBO_0062,HRTBDA,High Resolution Transformer Building Damage Assessment,xBD Transfer Learning,xBD pretrained HRTBDA checkpoint,EARTHQUAKE-TURKEY,MOUNT-SEMERU-ERUPTION,EARTHQUAKE-TURKEY + MOUNT-SEMERU-ERUPTION,HURRICANE-LAURA,/homes/j244s673/documents/wsu/phd/dataset/EARTHQUAKE-TURKEY,/homes/j244s673/documents/wsu/phd/dataset/MOUNT-SEMERU-ERUPTION,/homes/j244s673/documents/wsu/phd/dataset/HURRICANE-LAURA,train,val,test,"Initialize HRTBDA with xBD pretrained weights, fine-tune on EARTHQUAKE-TURKEY + MOUNT-SEMERU-ERUPTION, test on HURRICANE-LAURA",,,,,,,,Not started,
HRTBDA_COMBO_0063,HRTBDA,High Resolution Transformer Building Damage Assessment,No Transfer Learning,Random initialization,EARTHQUAKE-TURKEY,MOUNT-SEMERU-ERUPTION,EARTHQUAKE-TURKEY + MOUNT-SEMERU-ERUPTION,MOUNT-SEMERU-ERUPTION,/homes/j244s673/documents/wsu/phd/dataset/EARTHQUAKE-TURKEY,/homes/j244s673/documents/wsu/phd/dataset/MOUNT-SEMERU-ERUPTION,/homes/j244s673/documents/wsu/phd/dataset/MOUNT-SEMERU-ERUPTION,train,val,test,"Train HRTBDA from scratch on EARTHQUAKE-TURKEY + MOUNT-SEMERU-ERUPTION, test on MOUNT-SEMERU-ERUPTION",,,,,,,,Not started,
HRTBDA_COMBO_0064,HRTBDA,High Resolution Transformer Building Damage Assessment,xBD Transfer Learning,xBD pretrained HRTBDA checkpoint,EARTHQUAKE-TURKEY,MOUNT-SEMERU-ERUPTION,EARTHQUAKE-TURKEY + MOUNT-SEMERU-ERUPTION,MOUNT-SEMERU-ERUPTION,/homes/j244s673/documents/wsu/phd/dataset/EARTHQUAKE-TURKEY,/homes/j244s673/documents/wsu/phd/dataset/MOUNT-SEMERU-ERUPTION,/homes/j244s673/documents/wsu/phd/dataset/MOUNT-SEMERU-ERUPTION,train,val,test,"Initialize HRTBDA with xBD pretrained weights, fine-tune on EARTHQUAKE-TURKEY + MOUNT-SEMERU-ERUPTION, test on MOUNT-SEMERU-ERUPTION",,,,,,,,Not started,
HRTBDA_COMBO_0065,HRTBDA,High Resolution Transformer Building Damage Assessment,No Transfer Learning,Random initialization,EARTHQUAKE-TURKEY,MOUNT-SEMERU-ERUPTION,EARTHQUAKE-TURKEY + MOUNT-SEMERU-ERUPTION,STVINCENT-VOLCANO,/homes/j244s673/documents/wsu/phd/dataset/EARTHQUAKE-TURKEY,/homes/j244s673/documents/wsu/phd/dataset/MOUNT-SEMERU-ERUPTION,/homes/j244s673/documents/wsu/phd/dataset/STVINCENT-VOLCANO,train,val,test,"Train HRTBDA from scratch on EARTHQUAKE-TURKEY + MOUNT-SEMERU-ERUPTION, test on STVINCENT-VOLCANO",,,,,,,,Not started,
HRTBDA_COMBO_0066,HRTBDA,High Resolution Transformer Building Damage Assessment,xBD Transfer Learning,xBD pretrained HRTBDA checkpoint,EARTHQUAKE-TURKEY,MOUNT-SEMERU-ERUPTION,EARTHQUAKE-TURKEY + MOUNT-SEMERU-ERUPTION,STVINCENT-VOLCANO,/homes/j244s673/documents/wsu/phd/dataset/EARTHQUAKE-TURKEY,/homes/j244s673/documents/wsu/phd/dataset/MOUNT-SEMERU-ERUPTION,/homes/j244s673/documents/wsu/phd/dataset/STVINCENT-VOLCANO,train,val,test,"Initialize HRTBDA with xBD pretrained weights, fine-tune on EARTHQUAKE-TURKEY + MOUNT-SEMERU-ERUPTION, test on STVINCENT-VOLCANO",,,,,,,,Not started,
HRTBDA_COMBO_0067,HRTBDA,High Resolution Transformer Building Damage Assessment,No Transfer Learning,Random initialization,EARTHQUAKE-TURKEY,MOUNT-SEMERU-ERUPTION,EARTHQUAKE-TURKEY + MOUNT-SEMERU-ERUPTION,TEXAS-TORNADOES,/homes/j244s673/documents/wsu/phd/dataset/EARTHQUAKE-TURKEY,/homes/j244s673/documents/wsu/phd/dataset/MOUNT-SEMERU-ERUPTION,/homes/j244s673/documents/wsu/phd/dataset/TEXAS-TORNADOES,train,val,test,"Train HRTBDA from scratch on EARTHQUAKE-TURKEY + MOUNT-SEMERU-ERUPTION, test on TEXAS-TORNADOES",,,,,,,,Not started,
HRTBDA_COMBO_0068,HRTBDA,High Resolution Transformer Building Damage Assessment,xBD Transfer Learning,xBD pretrained HRTBDA checkpoint,EARTHQUAKE-TURKEY,MOUNT-SEMERU-ERUPTION,EARTHQUAKE-TURKEY + MOUNT-SEMERU-ERUPTION,TEXAS-TORNADOES,/homes/j244s673/documents/wsu/phd/dataset/EARTHQUAKE-TURKEY,/homes/j244s673/documents/wsu/phd/dataset/MOUNT-SEMERU-ERUPTION,/homes/j244s673/documents/wsu/phd/dataset/TEXAS-TORNADOES,train,val,test,"Initialize HRTBDA with xBD pretrained weights, fine-tune on EARTHQUAKE-TURKEY + MOUNT-SEMERU-ERUPTION, test on TEXAS-TORNADOES",,,,,,,,Not started,
HRTBDA_COMBO_0069,HRTBDA,High Resolution Transformer Building Damage Assessment,No Transfer Learning,Random initialization,EARTHQUAKE-TURKEY,MOUNT-SEMERU-ERUPTION,EARTHQUAKE-TURKEY + MOUNT-SEMERU-ERUPTION,TONGA-VOLCANO,/homes/j244s673/documents/wsu/phd/dataset/EARTHQUAKE-TURKEY,/homes/j244s673/documents/wsu/phd/dataset/MOUNT-SEMERU-ERUPTION,/homes/j244s673/documents/wsu/phd/dataset/TONGA-VOLCANO,train,val,test,"Train HRTBDA from scratch on EARTHQUAKE-TURKEY + MOUNT-SEMERU-ERUPTION, test on TONGA-VOLCANO",,,,,,,,Not started,
HRTBDA_COMBO_0070,HRTBDA,High Resolution Transformer Building Damage Assessment,xBD Transfer Learning,xBD pretrained HRTBDA checkpoint,EARTHQUAKE-TURKEY,MOUNT-SEMERU-ERUPTION,EARTHQUAKE-TURKEY + MOUNT-SEMERU-ERUPTION,TONGA-VOLCANO,/homes/j244s673/documents/wsu/phd/dataset/EARTHQUAKE-TURKEY,/homes/j244s673/documents/wsu/phd/dataset/MOUNT-SEMERU-ERUPTION,/homes/j244s673/documents/wsu/phd/dataset/TONGA-VOLCANO,train,val,test,"Initialize HRTBDA with xBD pretrained weights, fine-tune on EARTHQUAKE-TURKEY + MOUNT-SEMERU-ERUPTION, test on TONGA-VOLCANO",,,,,,,,Not started,
HRTBDA_COMBO_0071,HRTBDA,High Resolution Transformer Building Damage Assessment,No Transfer Learning,Random initialization,EARTHQUAKE-TURKEY,MOUNT-SEMERU-ERUPTION,EARTHQUAKE-TURKEY + MOUNT-SEMERU-ERUPTION,xBD,/homes/j244s673/documents/wsu/phd/dataset/EARTHQUAKE-TURKEY,/homes/j244s673/documents/wsu/phd/dataset/MOUNT-SEMERU-ERUPTION,/homes/j244s673/documents/wsu/phd/dataset/xBD,train,val,test,"Train HRTBDA from scratch on EARTHQUAKE-TURKEY + MOUNT-SEMERU-ERUPTION, test on xBD",,,,,,,,Not started,
HRTBDA_COMBO_0072,HRTBDA,High Resolution Transformer Building Damage Assessment,xBD Transfer Learning,xBD pretrained HRTBDA checkpoint,EARTHQUAKE-TURKEY,MOUNT-SEMERU-ERUPTION,EARTHQUAKE-TURKEY + MOUNT-SEMERU-ERUPTION,xBD,/homes/j244s673/documents/wsu/phd/dataset/EARTHQUAKE-TURKEY,/homes/j244s673/documents/wsu/phd/dataset/MOUNT-SEMERU-ERUPTION,/homes/j244s673/documents/wsu/phd/dataset/xBD,train,val,test,"Initialize HRTBDA with xBD pretrained weights, fine-tune on EARTHQUAKE-TURKEY + MOUNT-SEMERU-ERUPTION, test on xBD",,,,,,,,Not started,
HRTBDA_COMBO_0073,HRTBDA,High Resolution Transformer Building Damage Assessment,No Transfer Learning,Random initialization,EARTHQUAKE-TURKEY,STVINCENT-VOLCANO,EARTHQUAKE-TURKEY + STVINCENT-VOLCANO,EARTHQUAKE-TURKEY,/homes/j244s673/documents/wsu/phd/dataset/EARTHQUAKE-TURKEY,/homes/j244s673/documents/wsu/phd/dataset/STVINCENT-VOLCANO,/homes/j244s673/documents/wsu/phd/dataset/EARTHQUAKE-TURKEY,train,val,test,"Train HRTBDA from scratch on EARTHQUAKE-TURKEY + STVINCENT-VOLCANO, test on EARTHQUAKE-TURKEY",,,,,,,,Not started,
HRTBDA_COMBO_0074,HRTBDA,High Resolution Transformer Building Damage Assessment,xBD Transfer Learning,xBD pretrained HRTBDA checkpoint,EARTHQUAKE-TURKEY,STVINCENT-VOLCANO,EARTHQUAKE-TURKEY + STVINCENT-VOLCANO,EARTHQUAKE-TURKEY,/homes/j244s673/documents/wsu/phd/dataset/EARTHQUAKE-TURKEY,/homes/j244s673/documents/wsu/phd/dataset/STVINCENT-VOLCANO,/homes/j244s673/documents/wsu/phd/dataset/EARTHQUAKE-TURKEY,train,val,test,"Initialize HRTBDA with xBD pretrained weights, fine-tune on EARTHQUAKE-TURKEY + STVINCENT-VOLCANO, test on EARTHQUAKE-TURKEY",,,,,,,,Not started,
HRTBDA_COMBO_0075,HRTBDA,High Resolution Transformer Building Damage Assessment,No Transfer Learning,Random initialization,EARTHQUAKE-TURKEY,STVINCENT-VOLCANO,EARTHQUAKE-TURKEY + STVINCENT-VOLCANO,HURRICANE-DELTA,/homes/j244s673/documents/wsu/phd/dataset/EARTHQUAKE-TURKEY,/homes/j244s673/documents/wsu/phd/dataset/STVINCENT-VOLCANO,/homes/j244s673/documents/wsu/phd/dataset/HURRICANE-DELTA,train,val,test,"Train HRTBDA from scratch on EARTHQUAKE-TURKEY + STVINCENT-VOLCANO, test on HURRICANE-DELTA",,,,,,,,Not started,
HRTBDA_COMBO_0076,HRTBDA,High Resolution Transformer Building Damage Assessment,xBD Transfer Learning,xBD pretrained HRTBDA checkpoint,EARTHQUAKE-TURKEY,STVINCENT-VOLCANO,EARTHQUAKE-TURKEY + STVINCENT-VOLCANO,HURRICANE-DELTA,/homes/j244s673/documents/wsu/phd/dataset/EARTHQUAKE-TURKEY,/homes/j244s673/documents/wsu/phd/dataset/STVINCENT-VOLCANO,/homes/j244s673/documents/wsu/phd/dataset/HURRICANE-DELTA,train,val,test,"Initialize HRTBDA with xBD pretrained weights, fine-tune on EARTHQUAKE-TURKEY + STVINCENT-VOLCANO, test on HURRICANE-DELTA",,,,,,,,Not started,
HRTBDA_COMBO_0077,HRTBDA,High Resolution Transformer Building Damage Assessment,No Transfer Learning,Random initialization,EARTHQUAKE-TURKEY,STVINCENT-VOLCANO,EARTHQUAKE-TURKEY + STVINCENT-VOLCANO,HURRICANE-IAN,/homes/j244s673/documents/wsu/phd/dataset/EARTHQUAKE-TURKEY,/homes/j244s673/documents/wsu/phd/dataset/STVINCENT-VOLCANO,/homes/j244s673/documents/wsu/phd/dataset/HURRICANE-IAN,train,val,test,"Train HRTBDA from scratch on EARTHQUAKE-TURKEY + STVINCENT-VOLCANO, test on HURRICANE-IAN",,,,,,,,Not started,
HRTBDA_COMBO_0078,HRTBDA,High Resolution Transformer Building Damage Assessment,xBD Transfer Learning,xBD pretrained HRTBDA checkpoint,EARTHQUAKE-TURKEY,STVINCENT-VOLCANO,EARTHQUAKE-TURKEY + STVINCENT-VOLCANO,HURRICANE-IAN,/homes/j244s673/documents/wsu/phd/dataset/EARTHQUAKE-TURKEY,/homes/j244s673/documents/wsu/phd/dataset/STVINCENT-VOLCANO,/homes/j244s673/documents/wsu/phd/dataset/HURRICANE-IAN,train,val,test,"Initialize HRTBDA with xBD pretrained weights, fine-tune on EARTHQUAKE-TURKEY + STVINCENT-VOLCANO, test on HURRICANE-IAN",,,,,,,,Not started,
HRTBDA_COMBO_0079,HRTBDA,High Resolution Transformer Building Damage Assessment,No Transfer Learning,Random initialization,EARTHQUAKE-TURKEY,STVINCENT-VOLCANO,EARTHQUAKE-TURKEY + STVINCENT-VOLCANO,HURRICANE-LAURA,/homes/j244s673/documents/wsu/phd/dataset/EARTHQUAKE-TURKEY,/homes/j244s673/documents/wsu/phd/dataset/STVINCENT-VOLCANO,/homes/j244s673/documents/wsu/phd/dataset/HURRICANE-LAURA,train,val,test,"Train HRTBDA from scratch on EARTHQUAKE-TURKEY + STVINCENT-VOLCANO, test on HURRICANE-LAURA",,,,,,,,Not started,
HRTBDA_COMBO_0080,HRTBDA,High Resolution Transformer Building Damage Assessment,xBD Transfer Learning,xBD pretrained HRTBDA checkpoint,EARTHQUAKE-TURKEY,STVINCENT-VOLCANO,EARTHQUAKE-TURKEY + STVINCENT-VOLCANO,HURRICANE-LAURA,/homes/j244s673/documents/wsu/phd/dataset/EARTHQUAKE-TURKEY,/homes/j244s673/documents/wsu/phd/dataset/STVINCENT-VOLCANO,/homes/j244s673/documents/wsu/phd/dataset/HURRICANE-LAURA,train,val,test,"Initialize HRTBDA with xBD pretrained weights, fine-tune on EARTHQUAKE-TURKEY + STVINCENT-VOLCANO, test on HURRICANE-LAURA",,,,,,,,Not started,
HRTBDA_COMBO_0081,HRTBDA,High Resolution Transformer Building Damage Assessment,No Transfer Learning,Random initialization,EARTHQUAKE-TURKEY,STVINCENT-VOLCANO,EARTHQUAKE-TURKEY + STVINCENT-VOLCANO,MOUNT-SEMERU-ERUPTION,/homes/j244s673/documents/wsu/phd/dataset/EARTHQUAKE-TURKEY,/homes/j244s673/documents/wsu/phd/dataset/STVINCENT-VOLCANO,/homes/j244s673/documents/wsu/phd/dataset/MOUNT-SEMERU-ERUPTION,train,val,test,"Train HRTBDA from scratch on EARTHQUAKE-TURKEY + STVINCENT-VOLCANO, test on MOUNT-SEMERU-ERUPTION",,,,,,,,Not started,
HRTBDA_COMBO_0082,HRTBDA,High Resolution Transformer Building Damage Assessment,xBD Transfer Learning,xBD pretrained HRTBDA checkpoint,EARTHQUAKE-TURKEY,STVINCENT-VOLCANO,EARTHQUAKE-TURKEY + STVINCENT-VOLCANO,MOUNT-SEMERU-ERUPTION,/homes/j244s673/documents/wsu/phd/dataset/EARTHQUAKE-TURKEY,/homes/j244s673/documents/wsu/phd/dataset/STVINCENT-VOLCANO,/homes/j244s673/documents/wsu/phd/dataset/MOUNT-SEMERU-ERUPTION,train,val,test,"Initialize HRTBDA with xBD pretrained weights, fine-tune on EARTHQUAKE-TURKEY + STVINCENT-VOLCANO, test on MOUNT-SEMERU-ERUPTION",,,,,,,,Not started,
HRTBDA_COMBO_0083,HRTBDA,High Resolution Transformer Building Damage Assessment,No Transfer Learning,Random initialization,EARTHQUAKE-TURKEY,STVINCENT-VOLCANO,EARTHQUAKE-TURKEY + STVINCENT-VOLCANO,STVINCENT-VOLCANO,/homes/j244s673/documents/wsu/phd/dataset/EARTHQUAKE-TURKEY,/homes/j244s673/documents/wsu/phd/dataset/STVINCENT-VOLCANO,/homes/j244s673/documents/wsu/phd/dataset/STVINCENT-VOLCANO,train,val,test,"Train HRTBDA from scratch on EARTHQUAKE-TURKEY + STVINCENT-VOLCANO, test on STVINCENT-VOLCANO",,,,,,,,Not started,
HRTBDA_COMBO_0084,HRTBDA,High Resolution Transformer Building Damage Assessment,xBD Transfer Learning,xBD pretrained HRTBDA checkpoint,EARTHQUAKE-TURKEY,STVINCENT-VOLCANO,EARTHQUAKE-TURKEY + STVINCENT-VOLCANO,STVINCENT-VOLCANO,/homes/j244s673/documents/wsu/phd/dataset/EARTHQUAKE-TURKEY,/homes/j244s673/documents/wsu/phd/dataset/STVINCENT-VOLCANO,/homes/j244s673/documents/wsu/phd/dataset/STVINCENT-VOLCANO,train,val,test,"Initialize HRTBDA with xBD pretrained weights, fine-tune on EARTHQUAKE-TURKEY + STVINCENT-VOLCANO, test on STVINCENT-VOLCANO",,,,,,,,Not started,
HRTBDA_COMBO_0085,HRTBDA,High Resolution Transformer Building Damage Assessment,No Transfer Learning,Random initialization,EARTHQUAKE-TURKEY,STVINCENT-VOLCANO,EARTHQUAKE-TURKEY + STVINCENT-VOLCANO,TEXAS-TORNADOES,/homes/j244s673/documents/wsu/phd/dataset/EARTHQUAKE-TURKEY,/homes/j244s673/documents/wsu/phd/dataset/STVINCENT-VOLCANO,/homes/j244s673/documents/wsu/phd/dataset/TEXAS-TORNADOES,train,val,test,"Train HRTBDA from scratch on EARTHQUAKE-TURKEY + STVINCENT-VOLCANO, test on TEXAS-TORNADOES",,,,,,,,Not started,
HRTBDA_COMBO_0086,HRTBDA,High Resolution Transformer Building Damage Assessment,xBD Transfer Learning,xBD pretrained HRTBDA checkpoint,EARTHQUAKE-TURKEY,STVINCENT-VOLCANO,EARTHQUAKE-TURKEY + STVINCENT-VOLCANO,TEXAS-TORNADOES,/homes/j244s673/documents/wsu/phd/dataset/EARTHQUAKE-TURKEY,/homes/j244s673/documents/wsu/phd/dataset/STVINCENT-VOLCANO,/homes/j244s673/documents/wsu/phd/dataset/TEXAS-TORNADOES,train,val,test,"Initialize HRTBDA with xBD pretrained weights, fine-tune on EARTHQUAKE-TURKEY + STVINCENT-VOLCANO, test on TEXAS-TORNADOES",,,,,,,,Not started,
HRTBDA_COMBO_0087,HRTBDA,High Resolution Transformer Building Damage Assessment,No Transfer Learning,Random initialization,EARTHQUAKE-TURKEY,STVINCENT-VOLCANO,EARTHQUAKE-TURKEY + STVINCENT-VOLCANO,TONGA-VOLCANO,/homes/j244s673/documents/wsu/phd/dataset/EARTHQUAKE-TURKEY,/homes/j244s673/documents/wsu/phd/dataset/STVINCENT-VOLCANO,/homes/j244s673/documents/wsu/phd/dataset/TONGA-VOLCANO,train,val,test,"Train HRTBDA from scratch on EARTHQUAKE-TURKEY + STVINCENT-VOLCANO, test on TONGA-VOLCANO",,,,,,,,Not started,
HRTBDA_COMBO_0088,HRTBDA,High Resolution Transformer Building Damage Assessment,xBD Transfer Learning,xBD pretrained HRTBDA checkpoint,EARTHQUAKE-TURKEY,STVINCENT-VOLCANO,EARTHQUAKE-TURKEY + STVINCENT-VOLCANO,TONGA-VOLCANO,/homes/j244s673/documents/wsu/phd/dataset/EARTHQUAKE-TURKEY,/homes/j244s673/documents/wsu/phd/dataset/STVINCENT-VOLCANO,/homes/j244s673/documents/wsu/phd/dataset/TONGA-VOLCANO,train,val,test,"Initialize HRTBDA with xBD pretrained weights, fine-tune on EARTHQUAKE-TURKEY + STVINCENT-VOLCANO, test on TONGA-VOLCANO",,,,,,,,Not started,
HRTBDA_COMBO_0089,HRTBDA,High Resolution Transformer Building Damage Assessment,No Transfer Learning,Random initialization,EARTHQUAKE-TURKEY,STVINCENT-VOLCANO,EARTHQUAKE-TURKEY + STVINCENT-VOLCANO,xBD,/homes/j244s673/documents/wsu/phd/dataset/EARTHQUAKE-TURKEY,/homes/j244s673/documents/wsu/phd/dataset/STVINCENT-VOLCANO,/homes/j244s673/documents/wsu/phd/dataset/xBD,train,val,test,"Train HRTBDA from scratch on EARTHQUAKE-TURKEY + STVINCENT-VOLCANO, test on xBD",,,,,,,,Not started,
HRTBDA_COMBO_0090,HRTBDA,High Resolution Transformer Building Damage Assessment,xBD Transfer Learning,xBD pretrained HRTBDA checkpoint,EARTHQUAKE-TURKEY,STVINCENT-VOLCANO,EARTHQUAKE-TURKEY + STVINCENT-VOLCANO,xBD,/homes/j244s673/documents/wsu/phd/dataset/EARTHQUAKE-TURKEY,/homes/j244s673/documents/wsu/phd/dataset/STVINCENT-VOLCANO,/homes/j244s673/documents/wsu/phd/dataset/xBD,train,val,test,"Initialize HRTBDA with xBD pretrained weights, fine-tune on EARTHQUAKE-TURKEY + STVINCENT-VOLCANO, test on xBD",,,,,,,,Not started,
HRTBDA_COMBO_0091,HRTBDA,High Resolution Transformer Building Damage Assessment,No Transfer Learning,Random initialization,EARTHQUAKE-TURKEY,TEXAS-TORNADOES,EARTHQUAKE-TURKEY + TEXAS-TORNADOES,EARTHQUAKE-TURKEY,/homes/j244s673/documents/wsu/phd/dataset/EARTHQUAKE-TURKEY,/homes/j244s673/documents/wsu/phd/dataset/TEXAS-TORNADOES,/homes/j244s673/documents/wsu/phd/dataset/EARTHQUAKE-TURKEY,train,val,test,"Train HRTBDA from scratch on EARTHQUAKE-TURKEY + TEXAS-TORNADOES, test on EARTHQUAKE-TURKEY",,,,,,,,Not started,
HRTBDA_COMBO_0092,HRTBDA,High Resolution Transformer Building Damage Assessment,xBD Transfer Learning,xBD pretrained HRTBDA checkpoint,EARTHQUAKE-TURKEY,TEXAS-TORNADOES,EARTHQUAKE-TURKEY + TEXAS-TORNADOES,EARTHQUAKE-TURKEY,/homes/j244s673/documents/wsu/phd/dataset/EARTHQUAKE-TURKEY,/homes/j244s673/documents/wsu/phd/dataset/TEXAS-TORNADOES,/homes/j244s673/documents/wsu/phd/dataset/EARTHQUAKE-TURKEY,train,val,test,"Initialize HRTBDA with xBD pretrained weights, fine-tune on EARTHQUAKE-TURKEY + TEXAS-TORNADOES, test on EARTHQUAKE-TURKEY",,,,,,,,Not started,
HRTBDA_COMBO_0093,HRTBDA,High Resolution Transformer Building Damage Assessment,No Transfer Learning,Random initialization,EARTHQUAKE-TURKEY,TEXAS-TORNADOES,EARTHQUAKE-TURKEY + TEXAS-TORNADOES,HURRICANE-DELTA,/homes/j244s673/documents/wsu/phd/dataset/EARTHQUAKE-TURKEY,/homes/j244s673/documents/wsu/phd/dataset/TEXAS-TORNADOES,/homes/j244s673/documents/wsu/phd/dataset/HURRICANE-DELTA,train,val,test,"Train HRTBDA from scratch on EARTHQUAKE-TURKEY + TEXAS-TORNADOES, test on HURRICANE-DELTA",,,,,,,,Not started,
HRTBDA_COMBO_0094,HRTBDA,High Resolution Transformer Building Damage Assessment,xBD Transfer Learning,xBD pretrained HRTBDA checkpoint,EARTHQUAKE-TURKEY,TEXAS-TORNADOES,EARTHQUAKE-TURKEY + TEXAS-TORNADOES,HURRICANE-DELTA,/homes/j244s673/documents/wsu/phd/dataset/EARTHQUAKE-TURKEY,/homes/j244s673/documents/wsu/phd/dataset/TEXAS-TORNADOES,/homes/j244s673/documents/wsu/phd/dataset/HURRICANE-DELTA,train,val,test,"Initialize HRTBDA with xBD pretrained weights, fine-tune on EARTHQUAKE-TURKEY + TEXAS-TORNADOES, test on HURRICANE-DELTA",,,,,,,,Not started,
HRTBDA_COMBO_0095,HRTBDA,High Resolution Transformer Building Damage Assessment,No Transfer Learning,Random initialization,EARTHQUAKE-TURKEY,TEXAS-TORNADOES,EARTHQUAKE-TURKEY + TEXAS-TORNADOES,HURRICANE-IAN,/homes/j244s673/documents/wsu/phd/dataset/EARTHQUAKE-TURKEY,/homes/j244s673/documents/wsu/phd/dataset/TEXAS-TORNADOES,/homes/j244s673/documents/wsu/phd/dataset/HURRICANE-IAN,train,val,test,"Train HRTBDA from scratch on EARTHQUAKE-TURKEY + TEXAS-TORNADOES, test on HURRICANE-IAN",,,,,,,,Not started,
HRTBDA_COMBO_0096,HRTBDA,High Resolution Transformer Building Damage Assessment,xBD Transfer Learning,xBD pretrained HRTBDA checkpoint,EARTHQUAKE-TURKEY,TEXAS-TORNADOES,EARTHQUAKE-TURKEY + TEXAS-TORNADOES,HURRICANE-IAN,/homes/j244s673/documents/wsu/phd/dataset/EARTHQUAKE-TURKEY,/homes/j244s673/documents/wsu/phd/dataset/TEXAS-TORNADOES,/homes/j244s673/documents/wsu/phd/dataset/HURRICANE-IAN,train,val,test,"Initialize HRTBDA with xBD pretrained weights, fine-tune on EARTHQUAKE-TURKEY + TEXAS-TORNADOES, test on HURRICANE-IAN",,,,,,,,Not started,
HRTBDA_COMBO_0097,HRTBDA,High Resolution Transformer Building Damage Assessment,No Transfer Learning,Random initialization,EARTHQUAKE-TURKEY,TEXAS-TORNADOES,EARTHQUAKE-TURKEY + TEXAS-TORNADOES,HURRICANE-LAURA,/homes/j244s673/documents/wsu/phd/dataset/EARTHQUAKE-TURKEY,/homes/j244s673/documents/wsu/phd/dataset/TEXAS-TORNADOES,/homes/j244s673/documents/wsu/phd/dataset/HURRICANE-LAURA,train,val,test,"Train HRTBDA from scratch on EARTHQUAKE-TURKEY + TEXAS-TORNADOES, test on HURRICANE-LAURA",,,,,,,,Not started,
HRTBDA_COMBO_0098,HRTBDA,High Resolution Transformer Building Damage Assessment,xBD Transfer Learning,xBD pretrained HRTBDA checkpoint,EARTHQUAKE-TURKEY,TEXAS-TORNADOES,EARTHQUAKE-TURKEY + TEXAS-TORNADOES,HURRICANE-LAURA,/homes/j244s673/documents/wsu/phd/dataset/EARTHQUAKE-TURKEY,/homes/j244s673/documents/wsu/phd/dataset/TEXAS-TORNADOES,/homes/j244s673/documents/wsu/phd/dataset/HURRICANE-LAURA,train,val,test,"Initialize HRTBDA with xBD pretrained weights, fine-tune on EARTHQUAKE-TURKEY + TEXAS-TORNADOES, test on HURRICANE-LAURA",,,,,,,,Not started,
HRTBDA_COMBO_0099,HRTBDA,High Resolution Transformer Building Damage Assessment,No Transfer Learning,Random initialization,EARTHQUAKE-TURKEY,TEXAS-TORNADOES,EARTHQUAKE-TURKEY + TEXAS-TORNADOES,MOUNT-SEMERU-ERUPTION,/homes/j244s673/documents/wsu/phd/dataset/EARTHQUAKE-TURKEY,/homes/j244s673/documents/wsu/phd/dataset/TEXAS-TORNADOES,/homes/j244s673/documents/wsu/phd/dataset/MOUNT-SEMERU-ERUPTION,train,val,test,"Train HRTBDA from scratch on EARTHQUAKE-TURKEY + TEXAS-TORNADOES, test on MOUNT-SEMERU-ERUPTION",,,,,,,,Not started,
HRTBDA_COMBO_0100,HRTBDA,High Resolution Transformer Building Damage Assessment,xBD Transfer Learning,xBD pretrained HRTBDA checkpoint,EARTHQUAKE-TURKEY,TEXAS-TORNADOES,EARTHQUAKE-TURKEY + TEXAS-TORNADOES,MOUNT-SEMERU-ERUPTION,/homes/j244s673/documents/wsu/phd/dataset/EARTHQUAKE-TURKEY,/homes/j244s673/documents/wsu/phd/dataset/TEXAS-TORNADOES,/homes/j244s673/documents/wsu/phd/dataset/MOUNT-SEMERU-ERUPTION,train,val,test,"Initialize HRTBDA with xBD pretrained weights, fine-tune on EARTHQUAKE-TURKEY + TEXAS-TORNADOES, test on MOUNT-SEMERU-ERUPTION",,,,,,,,Not started,
HRTBDA_COMBO_0101,HRTBDA,High Resolution Transformer Building Damage Assessment,No Transfer Learning,Random initialization,EARTHQUAKE-TURKEY,TEXAS-TORNADOES,EARTHQUAKE-TURKEY + TEXAS-TORNADOES,STVINCENT-VOLCANO,/homes/j244s673/documents/wsu/phd/dataset/EARTHQUAKE-TURKEY,/homes/j244s673/documents/wsu/phd/dataset/TEXAS-TORNADOES,/homes/j244s673/documents/wsu/phd/dataset/STVINCENT-VOLCANO,train,val,test,"Train HRTBDA from scratch on EARTHQUAKE-TURKEY + TEXAS-TORNADOES, test on STVINCENT-VOLCANO",,,,,,,,Not started,
HRTBDA_COMBO_0102,HRTBDA,High Resolution Transformer Building Damage Assessment,xBD Transfer Learning,xBD pretrained HRTBDA checkpoint,EARTHQUAKE-TURKEY,TEXAS-TORNADOES,EARTHQUAKE-TURKEY + TEXAS-TORNADOES,STVINCENT-VOLCANO,/homes/j244s673/documents/wsu/phd/dataset/EARTHQUAKE-TURKEY,/homes/j244s673/documents/wsu/phd/dataset/TEXAS-TORNADOES,/homes/j244s673/documents/wsu/phd/dataset/STVINCENT-VOLCANO,train,val,test,"Initialize HRTBDA with xBD pretrained weights, fine-tune on EARTHQUAKE-TURKEY + TEXAS-TORNADOES, test on STVINCENT-VOLCANO",,,,,,,,Not started,
HRTBDA_COMBO_0103,HRTBDA,High Resolution Transformer Building Damage Assessment,No Transfer Learning,Random initialization,EARTHQUAKE-TURKEY,TEXAS-TORNADOES,EARTHQUAKE-TURKEY + TEXAS-TORNADOES,TEXAS-TORNADOES,/homes/j244s673/documents/wsu/phd/dataset/EARTHQUAKE-TURKEY,/homes/j244s673/documents/wsu/phd/dataset/TEXAS-TORNADOES,/homes/j244s673/documents/wsu/phd/dataset/TEXAS-TORNADOES,train,val,test,"Train HRTBDA from scratch on EARTHQUAKE-TURKEY + TEXAS-TORNADOES, test on TEXAS-TORNADOES",,,,,,,,Not started,
HRTBDA_COMBO_0104,HRTBDA,High Resolution Transformer Building Damage Assessment,xBD Transfer Learning,xBD pretrained HRTBDA checkpoint,EARTHQUAKE-TURKEY,TEXAS-TORNADOES,EARTHQUAKE-TURKEY + TEXAS-TORNADOES,TEXAS-TORNADOES,/homes/j244s673/documents/wsu/phd/dataset/EARTHQUAKE-TURKEY,/homes/j244s673/documents/wsu/phd/dataset/TEXAS-TORNADOES,/homes/j244s673/documents/wsu/phd/dataset/TEXAS-TORNADOES,train,val,test,"Initialize HRTBDA with xBD pretrained weights, fine-tune on EARTHQUAKE-TURKEY + TEXAS-TORNADOES, test on TEXAS-TORNADOES",,,,,,,,Not started,
HRTBDA_COMBO_0105,HRTBDA,High Resolution Transformer Building Damage Assessment,No Transfer Learning,Random initialization,EARTHQUAKE-TURKEY,TEXAS-TORNADOES,EARTHQUAKE-TURKEY + TEXAS-TORNADOES,TONGA-VOLCANO,/homes/j244s673/documents/wsu/phd/dataset/EARTHQUAKE-TURKEY,/homes/j244s673/documents/wsu/phd/dataset/TEXAS-TORNADOES,/homes/j244s673/documents/wsu/phd/dataset/TONGA-VOLCANO,train,val,test,"Train HRTBDA from scratch on EARTHQUAKE-TURKEY + TEXAS-TORNADOES, test on TONGA-VOLCANO",,,,,,,,Not started,
HRTBDA_COMBO_0106,HRTBDA,High Resolution Transformer Building Damage Assessment,xBD Transfer Learning,xBD pretrained HRTBDA checkpoint,EARTHQUAKE-TURKEY,TEXAS-TORNADOES,EARTHQUAKE-TURKEY + TEXAS-TORNADOES,TONGA-VOLCANO,/homes/j244s673/documents/wsu/phd/dataset/EARTHQUAKE-TURKEY,/homes/j244s673/documents/wsu/phd/dataset/TEXAS-TORNADOES,/homes/j244s673/documents/wsu/phd/dataset/TONGA-VOLCANO,train,val,test,"Initialize HRTBDA with xBD pretrained weights, fine-tune on EARTHQUAKE-TURKEY + TEXAS-TORNADOES, test on TONGA-VOLCANO",,,,,,,,Not started,
HRTBDA_COMBO_0107,HRTBDA,High Resolution Transformer Building Damage Assessment,No Transfer Learning,Random initialization,EARTHQUAKE-TURKEY,TEXAS-TORNADOES,EARTHQUAKE-TURKEY + TEXAS-TORNADOES,xBD,/homes/j244s673/documents/wsu/phd/dataset/EARTHQUAKE-TURKEY,/homes/j244s673/documents/wsu/phd/dataset/TEXAS-TORNADOES,/homes/j244s673/documents/wsu/phd/dataset/xBD,train,val,test,"Train HRTBDA from scratch on EARTHQUAKE-TURKEY + TEXAS-TORNADOES, test on xBD",,,,,,,,Not started,
HRTBDA_COMBO_0108,HRTBDA,High Resolution Transformer Building Damage Assessment,xBD Transfer Learning,xBD pretrained HRTBDA checkpoint,EARTHQUAKE-TURKEY,TEXAS-TORNADOES,EARTHQUAKE-TURKEY + TEXAS-TORNADOES,xBD,/homes/j244s673/documents/wsu/phd/dataset/EARTHQUAKE-TURKEY,/homes/j244s673/documents/wsu/phd/dataset/TEXAS-TORNADOES,/homes/j244s673/documents/wsu/phd/dataset/xBD,train,val,test,"Initialize HRTBDA with xBD pretrained weights, fine-tune on EARTHQUAKE-TURKEY + TEXAS-TORNADOES, test on xBD",,,,,,,,Not started,
HRTBDA_COMBO_0109,HRTBDA,High Resolution Transformer Building Damage Assessment,No Transfer Learning,Random initialization,EARTHQUAKE-TURKEY,TONGA-VOLCANO,EARTHQUAKE-TURKEY + TONGA-VOLCANO,EARTHQUAKE-TURKEY,/homes/j244s673/documents/wsu/phd/dataset/EARTHQUAKE-TURKEY,/homes/j244s673/documents/wsu/phd/dataset/TONGA-VOLCANO,/homes/j244s673/documents/wsu/phd/dataset/EARTHQUAKE-TURKEY,train,val,test,"Train HRTBDA from scratch on EARTHQUAKE-TURKEY + TONGA-VOLCANO, test on EARTHQUAKE-TURKEY",,,,,,,,Not started,
HRTBDA_COMBO_0110,HRTBDA,High Resolution Transformer Building Damage Assessment,xBD Transfer Learning,xBD pretrained HRTBDA checkpoint,EARTHQUAKE-TURKEY,TONGA-VOLCANO,EARTHQUAKE-TURKEY + TONGA-VOLCANO,EARTHQUAKE-TURKEY,/homes/j244s673/documents/wsu/phd/dataset/EARTHQUAKE-TURKEY,/homes/j244s673/documents/wsu/phd/dataset/TONGA-VOLCANO,/homes/j244s673/documents/wsu/phd/dataset/EARTHQUAKE-TURKEY,train,val,test,"Initialize HRTBDA with xBD pretrained weights, fine-tune on EARTHQUAKE-TURKEY + TONGA-VOLCANO, test on EARTHQUAKE-TURKEY",,,,,,,,Not started,
HRTBDA_COMBO_0111,HRTBDA,High Resolution Transformer Building Damage Assessment,No Transfer Learning,Random initialization,EARTHQUAKE-TURKEY,TONGA-VOLCANO,EARTHQUAKE-TURKEY + TONGA-VOLCANO,HURRICANE-DELTA,/homes/j244s673/documents/wsu/phd/dataset/EARTHQUAKE-TURKEY,/homes/j244s673/documents/wsu/phd/dataset/TONGA-VOLCANO,/homes/j244s673/documents/wsu/phd/dataset/HURRICANE-DELTA,train,val,test,"Train HRTBDA from scratch on EARTHQUAKE-TURKEY + TONGA-VOLCANO, test on HURRICANE-DELTA",,,,,,,,Not started,
HRTBDA_COMBO_0112,HRTBDA,High Resolution Transformer Building Damage Assessment,xBD Transfer Learning,xBD pretrained HRTBDA checkpoint,EARTHQUAKE-TURKEY,TONGA-VOLCANO,EARTHQUAKE-TURKEY + TONGA-VOLCANO,HURRICANE-DELTA,/homes/j244s673/documents/wsu/phd/dataset/EARTHQUAKE-TURKEY,/homes/j244s673/documents/wsu/phd/dataset/TONGA-VOLCANO,/homes/j244s673/documents/wsu/phd/dataset/HURRICANE-DELTA,train,val,test,"Initialize HRTBDA with xBD pretrained weights, fine-tune on EARTHQUAKE-TURKEY + TONGA-VOLCANO, test on HURRICANE-DELTA",,,,,,,,Not started,
HRTBDA_COMBO_0113,HRTBDA,High Resolution Transformer Building Damage Assessment,No Transfer Learning,Random initialization,EARTHQUAKE-TURKEY,TONGA-VOLCANO,EARTHQUAKE-TURKEY + TONGA-VOLCANO,HURRICANE-IAN,/homes/j244s673/documents/wsu/phd/dataset/EARTHQUAKE-TURKEY,/homes/j244s673/documents/wsu/phd/dataset/TONGA-VOLCANO,/homes/j244s673/documents/wsu/phd/dataset/HURRICANE-IAN,train,val,test,"Train HRTBDA from scratch on EARTHQUAKE-TURKEY + TONGA-VOLCANO, test on HURRICANE-IAN",,,,,,,,Not started,
HRTBDA_COMBO_0114,HRTBDA,High Resolution Transformer Building Damage Assessment,xBD Transfer Learning,xBD pretrained HRTBDA checkpoint,EARTHQUAKE-TURKEY,TONGA-VOLCANO,EARTHQUAKE-TURKEY + TONGA-VOLCANO,HURRICANE-IAN,/homes/j244s673/documents/wsu/phd/dataset/EARTHQUAKE-TURKEY,/homes/j244s673/documents/wsu/phd/dataset/TONGA-VOLCANO,/homes/j244s673/documents/wsu/phd/dataset/HURRICANE-IAN,train,val,test,"Initialize HRTBDA with xBD pretrained weights, fine-tune on EARTHQUAKE-TURKEY + TONGA-VOLCANO, test on HURRICANE-IAN",,,,,,,,Not started,
HRTBDA_COMBO_0115,HRTBDA,High Resolution Transformer Building Damage Assessment,No Transfer Learning,Random initialization,EARTHQUAKE-TURKEY,TONGA-VOLCANO,EARTHQUAKE-TURKEY + TONGA-VOLCANO,HURRICANE-LAURA,/homes/j244s673/documents/wsu/phd/dataset/EARTHQUAKE-TURKEY,/homes/j244s673/documents/wsu/phd/dataset/TONGA-VOLCANO,/homes/j244s673/documents/wsu/phd/dataset/HURRICANE-LAURA,train,val,test,"Train HRTBDA from scratch on EARTHQUAKE-TURKEY + TONGA-VOLCANO, test on HURRICANE-LAURA",,,,,,,,Not started,
HRTBDA_COMBO_0116,HRTBDA,High Resolution Transformer Building Damage Assessment,xBD Transfer Learning,xBD pretrained HRTBDA checkpoint,EARTHQUAKE-TURKEY,TONGA-VOLCANO,EARTHQUAKE-TURKEY + TONGA-VOLCANO,HURRICANE-LAURA,/homes/j244s673/documents/wsu/phd/dataset/EARTHQUAKE-TURKEY,/homes/j244s673/documents/wsu/phd/dataset/TONGA-VOLCANO,/homes/j244s673/documents/wsu/phd/dataset/HURRICANE-LAURA,train,val,test,"Initialize HRTBDA with xBD pretrained weights, fine-tune on EARTHQUAKE-TURKEY + TONGA-VOLCANO, test on HURRICANE-LAURA",,,,,,,,Not started,
HRTBDA_COMBO_0117,HRTBDA,High Resolution Transformer Building Damage Assessment,No Transfer Learning,Random initialization,EARTHQUAKE-TURKEY,TONGA-VOLCANO,EARTHQUAKE-TURKEY + TONGA-VOLCANO,MOUNT-SEMERU-ERUPTION,/homes/j244s673/documents/wsu/phd/dataset/EARTHQUAKE-TURKEY,/homes/j244s673/documents/wsu/phd/dataset/TONGA-VOLCANO,/homes/j244s673/documents/wsu/phd/dataset/MOUNT-SEMERU-ERUPTION,train,val,test,"Train HRTBDA from scratch on EARTHQUAKE-TURKEY + TONGA-VOLCANO, test on MOUNT-SEMERU-ERUPTION",,,,,,,,Not started,
HRTBDA_COMBO_0118,HRTBDA,High Resolution Transformer Building Damage Assessment,xBD Transfer Learning,xBD pretrained HRTBDA checkpoint,EARTHQUAKE-TURKEY,TONGA-VOLCANO,EARTHQUAKE-TURKEY + TONGA-VOLCANO,MOUNT-SEMERU-ERUPTION,/homes/j244s673/documents/wsu/phd/dataset/EARTHQUAKE-TURKEY,/homes/j244s673/documents/wsu/phd/dataset/TONGA-VOLCANO,/homes/j244s673/documents/wsu/phd/dataset/MOUNT-SEMERU-ERUPTION,train,val,test,"Initialize HRTBDA with xBD pretrained weights, fine-tune on EARTHQUAKE-TURKEY + TONGA-VOLCANO, test on MOUNT-SEMERU-ERUPTION",,,,,,,,Not started,
HRTBDA_COMBO_0119,HRTBDA,High Resolution Transformer Building Damage Assessment,No Transfer Learning,Random initialization,EARTHQUAKE-TURKEY,TONGA-VOLCANO,EARTHQUAKE-TURKEY + TONGA-VOLCANO,STVINCENT-VOLCANO,/homes/j244s673/documents/wsu/phd/dataset/EARTHQUAKE-TURKEY,/homes/j244s673/documents/wsu/phd/dataset/TONGA-VOLCANO,/homes/j244s673/documents/wsu/phd/dataset/STVINCENT-VOLCANO,train,val,test,"Train HRTBDA from scratch on EARTHQUAKE-TURKEY + TONGA-VOLCANO, test on STVINCENT-VOLCANO",,,,,,,,Not started,
HRTBDA_COMBO_0120,HRTBDA,High Resolution Transformer Building Damage Assessment,xBD Transfer Learning,xBD pretrained HRTBDA checkpoint,EARTHQUAKE-TURKEY,TONGA-VOLCANO,EARTHQUAKE-TURKEY + TONGA-VOLCANO,STVINCENT-VOLCANO,/homes/j244s673/documents/wsu/phd/dataset/EARTHQUAKE-TURKEY,/homes/j244s673/documents/wsu/phd/dataset/TONGA-VOLCANO,/homes/j244s673/documents/wsu/phd/dataset/STVINCENT-VOLCANO,train,val,test,"Initialize HRTBDA with xBD pretrained weights, fine-tune on EARTHQUAKE-TURKEY + TONGA-VOLCANO, test on STVINCENT-VOLCANO",,,,,,,,Not started,
HRTBDA_COMBO_0121,HRTBDA,High Resolution Transformer Building Damage Assessment,No Transfer Learning,Random initialization,EARTHQUAKE-TURKEY,TONGA-VOLCANO,EARTHQUAKE-TURKEY + TONGA-VOLCANO,TEXAS-TORNADOES,/homes/j244s673/documents/wsu/phd/dataset/EARTHQUAKE-TURKEY,/homes/j244s673/documents/wsu/phd/dataset/TONGA-VOLCANO,/homes/j244s673/documents/wsu/phd/dataset/TEXAS-TORNADOES,train,val,test,"Train HRTBDA from scratch on EARTHQUAKE-TURKEY + TONGA-VOLCANO, test on TEXAS-TORNADOES",,,,,,,,Not started,
HRTBDA_COMBO_0122,HRTBDA,High Resolution Transformer Building Damage Assessment,xBD Transfer Learning,xBD pretrained HRTBDA checkpoint,EARTHQUAKE-TURKEY,TONGA-VOLCANO,EARTHQUAKE-TURKEY + TONGA-VOLCANO,TEXAS-TORNADOES,/homes/j244s673/documents/wsu/phd/dataset/EARTHQUAKE-TURKEY,/homes/j244s673/documents/wsu/phd/dataset/TONGA-VOLCANO,/homes/j244s673/documents/wsu/phd/dataset/TEXAS-TORNADOES,train,val,test,"Initialize HRTBDA with xBD pretrained weights, fine-tune on EARTHQUAKE-TURKEY + TONGA-VOLCANO, test on TEXAS-TORNADOES",,,,,,,,Not started,
HRTBDA_COMBO_0123,HRTBDA,High Resolution Transformer Building Damage Assessment,No Transfer Learning,Random initialization,EARTHQUAKE-TURKEY,TONGA-VOLCANO,EARTHQUAKE-TURKEY + TONGA-VOLCANO,TONGA-VOLCANO,/homes/j244s673/documents/wsu/phd/dataset/EARTHQUAKE-TURKEY,/homes/j244s673/documents/wsu/phd/dataset/TONGA-VOLCANO,/homes/j244s673/documents/wsu/phd/dataset/TONGA-VOLCANO,train,val,test,"Train HRTBDA from scratch on EARTHQUAKE-TURKEY + TONGA-VOLCANO, test on TONGA-VOLCANO",,,,,,,,Not started,
HRTBDA_COMBO_0124,HRTBDA,High Resolution Transformer Building Damage Assessment,xBD Transfer Learning,xBD pretrained HRTBDA checkpoint,EARTHQUAKE-TURKEY,TONGA-VOLCANO,EARTHQUAKE-TURKEY + TONGA-VOLCANO,TONGA-VOLCANO,/homes/j244s673/documents/wsu/phd/dataset/EARTHQUAKE-TURKEY,/homes/j244s673/documents/wsu/phd/dataset/TONGA-VOLCANO,/homes/j244s673/documents/wsu/phd/dataset/TONGA-VOLCANO,train,val,test,"Initialize HRTBDA with xBD pretrained weights, fine-tune on EARTHQUAKE-TURKEY + TONGA-VOLCANO, test on TONGA-VOLCANO",,,,,,,,Not started,
HRTBDA_COMBO_0125,HRTBDA,High Resolution Transformer Building Damage Assessment,No Transfer Learning,Random initialization,EARTHQUAKE-TURKEY,TONGA-VOLCANO,EARTHQUAKE-TURKEY + TONGA-VOLCANO,xBD,/homes/j244s673/documents/wsu/phd/dataset/EARTHQUAKE-TURKEY,/homes/j244s673/documents/wsu/phd/dataset/TONGA-VOLCANO,/homes/j244s673/documents/wsu/phd/dataset/xBD,train,val,test,"Train HRTBDA from scratch on EARTHQUAKE-TURKEY + TONGA-VOLCANO, test on xBD",,,,,,,,Not started,
HRTBDA_COMBO_0126,HRTBDA,High Resolution Transformer Building Damage Assessment,xBD Transfer Learning,xBD pretrained HRTBDA checkpoint,EARTHQUAKE-TURKEY,TONGA-VOLCANO,EARTHQUAKE-TURKEY + TONGA-VOLCANO,xBD,/homes/j244s673/documents/wsu/phd/dataset/EARTHQUAKE-TURKEY,/homes/j244s673/documents/wsu/phd/dataset/TONGA-VOLCANO,/homes/j244s673/documents/wsu/phd/dataset/xBD,train,val,test,"Initialize HRTBDA with xBD pretrained weights, fine-tune on EARTHQUAKE-TURKEY + TONGA-VOLCANO, test on xBD",,,,,,,,Not started,
HRTBDA_COMBO_0127,HRTBDA,High Resolution Transformer Building Damage Assessment,No Transfer Learning,Random initialization,EARTHQUAKE-TURKEY,xBD,EARTHQUAKE-TURKEY + xBD,EARTHQUAKE-TURKEY,/homes/j244s673/documents/wsu/phd/dataset/EARTHQUAKE-TURKEY,/homes/j244s673/documents/wsu/phd/dataset/xBD,/homes/j244s673/documents/wsu/phd/dataset/EARTHQUAKE-TURKEY,train,val,test,"Train HRTBDA from scratch on EARTHQUAKE-TURKEY + xBD, test on EARTHQUAKE-TURKEY",,,,,,,,Not started,
HRTBDA_COMBO_0128,HRTBDA,High Resolution Transformer Building Damage Assessment,xBD Transfer Learning,xBD pretrained HRTBDA checkpoint,EARTHQUAKE-TURKEY,xBD,EARTHQUAKE-TURKEY + xBD,EARTHQUAKE-TURKEY,/homes/j244s673/documents/wsu/phd/dataset/EARTHQUAKE-TURKEY,/homes/j244s673/documents/wsu/phd/dataset/xBD,/homes/j244s673/documents/wsu/phd/dataset/EARTHQUAKE-TURKEY,train,val,test,"Initialize HRTBDA with xBD pretrained weights, fine-tune on EARTHQUAKE-TURKEY + xBD, test on EARTHQUAKE-TURKEY",,,,,,,,Not started,
HRTBDA_COMBO_0129,HRTBDA,High Resolution Transformer Building Damage Assessment,No Transfer Learning,Random initialization,EARTHQUAKE-TURKEY,xBD,EARTHQUAKE-TURKEY + xBD,HURRICANE-DELTA,/homes/j244s673/documents/wsu/phd/dataset/EARTHQUAKE-TURKEY,/homes/j244s673/documents/wsu/phd/dataset/xBD,/homes/j244s673/documents/wsu/phd/dataset/HURRICANE-DELTA,train,val,test,"Train HRTBDA from scratch on EARTHQUAKE-TURKEY + xBD, test on HURRICANE-DELTA",,,,,,,,Not started,
HRTBDA_COMBO_0130,HRTBDA,High Resolution Transformer Building Damage Assessment,xBD Transfer Learning,xBD pretrained HRTBDA checkpoint,EARTHQUAKE-TURKEY,xBD,EARTHQUAKE-TURKEY + xBD,HURRICANE-DELTA,/homes/j244s673/documents/wsu/phd/dataset/EARTHQUAKE-TURKEY,/homes/j244s673/documents/wsu/phd/dataset/xBD,/homes/j244s673/documents/wsu/phd/dataset/HURRICANE-DELTA,train,val,test,"Initialize HRTBDA with xBD pretrained weights, fine-tune on EARTHQUAKE-TURKEY + xBD, test on HURRICANE-DELTA",,,,,,,,Not started,
HRTBDA_COMBO_0131,HRTBDA,High Resolution Transformer Building Damage Assessment,No Transfer Learning,Random initialization,EARTHQUAKE-TURKEY,xBD,EARTHQUAKE-TURKEY + xBD,HURRICANE-IAN,/homes/j244s673/documents/wsu/phd/dataset/EARTHQUAKE-TURKEY,/homes/j244s673/documents/wsu/phd/dataset/xBD,/homes/j244s673/documents/wsu/phd/dataset/HURRICANE-IAN,train,val,test,"Train HRTBDA from scratch on EARTHQUAKE-TURKEY + xBD, test on HURRICANE-IAN",,,,,,,,Not started,
HRTBDA_COMBO_0132,HRTBDA,High Resolution Transformer Building Damage Assessment,xBD Transfer Learning,xBD pretrained HRTBDA checkpoint,EARTHQUAKE-TURKEY,xBD,EARTHQUAKE-TURKEY + xBD,HURRICANE-IAN,/homes/j244s673/documents/wsu/phd/dataset/EARTHQUAKE-TURKEY,/homes/j244s673/documents/wsu/phd/dataset/xBD,/homes/j244s673/documents/wsu/phd/dataset/HURRICANE-IAN,train,val,test,"Initialize HRTBDA with xBD pretrained weights, fine-tune on EARTHQUAKE-TURKEY + xBD, test on HURRICANE-IAN",,,,,,,,Not started,
HRTBDA_COMBO_0133,HRTBDA,High Resolution Transformer Building Damage Assessment,No Transfer Learning,Random initialization,EARTHQUAKE-TURKEY,xBD,EARTHQUAKE-TURKEY + xBD,HURRICANE-LAURA,/homes/j244s673/documents/wsu/phd/dataset/EARTHQUAKE-TURKEY,/homes/j244s673/documents/wsu/phd/dataset/xBD,/homes/j244s673/documents/wsu/phd/dataset/HURRICANE-LAURA,train,val,test,"Train HRTBDA from scratch on EARTHQUAKE-TURKEY + xBD, test on HURRICANE-LAURA",,,,,,,,Not started,
HRTBDA_COMBO_0134,HRTBDA,High Resolution Transformer Building Damage Assessment,xBD Transfer Learning,xBD pretrained HRTBDA checkpoint,EARTHQUAKE-TURKEY,xBD,EARTHQUAKE-TURKEY + xBD,HURRICANE-LAURA,/homes/j244s673/documents/wsu/phd/dataset/EARTHQUAKE-TURKEY,/homes/j244s673/documents/wsu/phd/dataset/xBD,/homes/j244s673/documents/wsu/phd/dataset/HURRICANE-LAURA,train,val,test,"Initialize HRTBDA with xBD pretrained weights, fine-tune on EARTHQUAKE-TURKEY + xBD, test on HURRICANE-LAURA",,,,,,,,Not started,
HRTBDA_COMBO_0135,HRTBDA,High Resolution Transformer Building Damage Assessment,No Transfer Learning,Random initialization,EARTHQUAKE-TURKEY,xBD,EARTHQUAKE-TURKEY + xBD,MOUNT-SEMERU-ERUPTION,/homes/j244s673/documents/wsu/phd/dataset/EARTHQUAKE-TURKEY,/homes/j244s673/documents/wsu/phd/dataset/xBD,/homes/j244s673/documents/wsu/phd/dataset/MOUNT-SEMERU-ERUPTION,train,val,test,"Train HRTBDA from scratch on EARTHQUAKE-TURKEY + xBD, test on MOUNT-SEMERU-ERUPTION",,,,,,,,Not started,
HRTBDA_COMBO_0136,HRTBDA,High Resolution Transformer Building Damage Assessment,xBD Transfer Learning,xBD pretrained HRTBDA checkpoint,EARTHQUAKE-TURKEY,xBD,EARTHQUAKE-TURKEY + xBD,MOUNT-SEMERU-ERUPTION,/homes/j244s673/documents/wsu/phd/dataset/EARTHQUAKE-TURKEY,/homes/j244s673/documents/wsu/phd/dataset/xBD,/homes/j244s673/documents/wsu/phd/dataset/MOUNT-SEMERU-ERUPTION,train,val,test,"Initialize HRTBDA with xBD pretrained weights, fine-tune on EARTHQUAKE-TURKEY + xBD, test on MOUNT-SEMERU-ERUPTION",,,,,,,,Not started,
HRTBDA_COMBO_0137,HRTBDA,High Resolution Transformer Building Damage Assessment,No Transfer Learning,Random initialization,EARTHQUAKE-TURKEY,xBD,EARTHQUAKE-TURKEY + xBD,STVINCENT-VOLCANO,/homes/j244s673/documents/wsu/phd/dataset/EARTHQUAKE-TURKEY,/homes/j244s673/documents/wsu/phd/dataset/xBD,/homes/j244s673/documents/wsu/phd/dataset/STVINCENT-VOLCANO,train,val,test,"Train HRTBDA from scratch on EARTHQUAKE-TURKEY + xBD, test on STVINCENT-VOLCANO",,,,,,,,Not started,
HRTBDA_COMBO_0138,HRTBDA,High Resolution Transformer Building Damage Assessment,xBD Transfer Learning,xBD pretrained HRTBDA checkpoint,EARTHQUAKE-TURKEY,xBD,EARTHQUAKE-TURKEY + xBD,STVINCENT-VOLCANO,/homes/j244s673/documents/wsu/phd/dataset/EARTHQUAKE-TURKEY,/homes/j244s673/documents/wsu/phd/dataset/xBD,/homes/j244s673/documents/wsu/phd/dataset/STVINCENT-VOLCANO,train,val,test,"Initialize HRTBDA with xBD pretrained weights, fine-tune on EARTHQUAKE-TURKEY + xBD, test on STVINCENT-VOLCANO",,,,,,,,Not started,
HRTBDA_COMBO_0139,HRTBDA,High Resolution Transformer Building Damage Assessment,No Transfer Learning,Random initialization,EARTHQUAKE-TURKEY,xBD,EARTHQUAKE-TURKEY + xBD,TEXAS-TORNADOES,/homes/j244s673/documents/wsu/phd/dataset/EARTHQUAKE-TURKEY,/homes/j244s673/documents/wsu/phd/dataset/xBD,/homes/j244s673/documents/wsu/phd/dataset/TEXAS-TORNADOES,train,val,test,"Train HRTBDA from scratch on EARTHQUAKE-TURKEY + xBD, test on TEXAS-TORNADOES",,,,,,,,Not started,
HRTBDA_COMBO_0140,HRTBDA,High Resolution Transformer Building Damage Assessment,xBD Transfer Learning,xBD pretrained HRTBDA checkpoint,EARTHQUAKE-TURKEY,xBD,EARTHQUAKE-TURKEY + xBD,TEXAS-TORNADOES,/homes/j244s673/documents/wsu/phd/dataset/EARTHQUAKE-TURKEY,/homes/j244s673/documents/wsu/phd/dataset/xBD,/homes/j244s673/documents/wsu/phd/dataset/TEXAS-TORNADOES,train,val,test,"Initialize HRTBDA with xBD pretrained weights, fine-tune on EARTHQUAKE-TURKEY + xBD, test on TEXAS-TORNADOES",,,,,,,,Not started,
HRTBDA_COMBO_0141,HRTBDA,High Resolution Transformer Building Damage Assessment,No Transfer Learning,Random initialization,EARTHQUAKE-TURKEY,xBD,EARTHQUAKE-TURKEY + xBD,TONGA-VOLCANO,/homes/j244s673/documents/wsu/phd/dataset/EARTHQUAKE-TURKEY,/homes/j244s673/documents/wsu/phd/dataset/xBD,/homes/j244s673/documents/wsu/phd/dataset/TONGA-VOLCANO,train,val,test,"Train HRTBDA from scratch on EARTHQUAKE-TURKEY + xBD, test on TONGA-VOLCANO",,,,,,,,Not started,
HRTBDA_COMBO_0142,HRTBDA,High Resolution Transformer Building Damage Assessment,xBD Transfer Learning,xBD pretrained HRTBDA checkpoint,EARTHQUAKE-TURKEY,xBD,EARTHQUAKE-TURKEY + xBD,TONGA-VOLCANO,/homes/j244s673/documents/wsu/phd/dataset/EARTHQUAKE-TURKEY,/homes/j244s673/documents/wsu/phd/dataset/xBD,/homes/j244s673/documents/wsu/phd/dataset/TONGA-VOLCANO,train,val,test,"Initialize HRTBDA with xBD pretrained weights, fine-tune on EARTHQUAKE-TURKEY + xBD, test on TONGA-VOLCANO",,,,,,,,Not started,
HRTBDA_COMBO_0143,HRTBDA,High Resolution Transformer Building Damage Assessment,No Transfer Learning,Random initialization,EARTHQUAKE-TURKEY,xBD,EARTHQUAKE-TURKEY + xBD,xBD,/homes/j244s673/documents/wsu/phd/dataset/EARTHQUAKE-TURKEY,/homes/j244s673/documents/wsu/phd/dataset/xBD,/homes/j244s673/documents/wsu/phd/dataset/xBD,train,val,test,"Train HRTBDA from scratch on EARTHQUAKE-TURKEY + xBD, test on xBD",,,,,,,,Not started,
HRTBDA_COMBO_0144,HRTBDA,High Resolution Transformer Building Damage Assessment,xBD Transfer Learning,xBD pretrained HRTBDA checkpoint,EARTHQUAKE-TURKEY,xBD,EARTHQUAKE-TURKEY + xBD,xBD,/homes/j244s673/documents/wsu/phd/dataset/EARTHQUAKE-TURKEY,/homes/j244s673/documents/wsu/phd/dataset/xBD,/homes/j244s673/documents/wsu/phd/dataset/xBD,train,val,test,"Initialize HRTBDA with xBD pretrained weights, fine-tune on EARTHQUAKE-TURKEY + xBD, test on xBD",,,,,,,,Not started,
HRTBDA_COMBO_0145,HRTBDA,High Resolution Transformer Building Damage Assessment,No Transfer Learning,Random initialization,HURRICANE-DELTA,HURRICANE-IAN,HURRICANE-DELTA + HURRICANE-IAN,EARTHQUAKE-TURKEY,/homes/j244s673/documents/wsu/phd/dataset/HURRICANE-DELTA,/homes/j244s673/documents/wsu/phd/dataset/HURRICANE-IAN,/homes/j244s673/documents/wsu/phd/dataset/EARTHQUAKE-TURKEY,train,val,test,"Train HRTBDA from scratch on HURRICANE-DELTA + HURRICANE-IAN, test on EARTHQUAKE-TURKEY",,,,,,,,Not started,
HRTBDA_COMBO_0146,HRTBDA,High Resolution Transformer Building Damage Assessment,xBD Transfer Learning,xBD pretrained HRTBDA checkpoint,HURRICANE-DELTA,HURRICANE-IAN,HURRICANE-DELTA + HURRICANE-IAN,EARTHQUAKE-TURKEY,/homes/j244s673/documents/wsu/phd/dataset/HURRICANE-DELTA,/homes/j244s673/documents/wsu/phd/dataset/HURRICANE-IAN,/homes/j244s673/documents/wsu/phd/dataset/EARTHQUAKE-TURKEY,train,val,test,"Initialize HRTBDA with xBD pretrained weights, fine-tune on HURRICANE-DELTA + HURRICANE-IAN, test on EARTHQUAKE-TURKEY",,,,,,,,Not started,
HRTBDA_COMBO_0147,HRTBDA,High Resolution Transformer Building Damage Assessment,No Transfer Learning,Random initialization,HURRICANE-DELTA,HURRICANE-IAN,HURRICANE-DELTA + HURRICANE-IAN,HURRICANE-DELTA,/homes/j244s673/documents/wsu/phd/dataset/HURRICANE-DELTA,/homes/j244s673/documents/wsu/phd/dataset/HURRICANE-IAN,/homes/j244s673/documents/wsu/phd/dataset/HURRICANE-DELTA,train,val,test,"Train HRTBDA from scratch on HURRICANE-DELTA + HURRICANE-IAN, test on HURRICANE-DELTA",,,,,,,,Not started,
HRTBDA_COMBO_0148,HRTBDA,High Resolution Transformer Building Damage Assessment,xBD Transfer Learning,xBD pretrained HRTBDA checkpoint,HURRICANE-DELTA,HURRICANE-IAN,HURRICANE-DELTA + HURRICANE-IAN,HURRICANE-DELTA,/homes/j244s673/documents/wsu/phd/dataset/HURRICANE-DELTA,/homes/j244s673/documents/wsu/phd/dataset/HURRICANE-IAN,/homes/j244s673/documents/wsu/phd/dataset/HURRICANE-DELTA,train,val,test,"Initialize HRTBDA with xBD pretrained weights, fine-tune on HURRICANE-DELTA + HURRICANE-IAN, test on HURRICANE-DELTA",,,,,,,,Not started,
HRTBDA_COMBO_0149,HRTBDA,High Resolution Transformer Building Damage Assessment,No Transfer Learning,Random initialization,HURRICANE-DELTA,HURRICANE-IAN,HURRICANE-DELTA + HURRICANE-IAN,HURRICANE-IAN,/homes/j244s673/documents/wsu/phd/dataset/HURRICANE-DELTA,/homes/j244s673/documents/wsu/phd/dataset/HURRICANE-IAN,/homes/j244s673/documents/wsu/phd/dataset/HURRICANE-IAN,train,val,test,"Train HRTBDA from scratch on HURRICANE-DELTA + HURRICANE-IAN, test on HURRICANE-IAN",,,,,,,,Not started,
HRTBDA_COMBO_0150,HRTBDA,High Resolution Transformer Building Damage Assessment,xBD Transfer Learning,xBD pretrained HRTBDA checkpoint,HURRICANE-DELTA,HURRICANE-IAN,HURRICANE-DELTA + HURRICANE-IAN,HURRICANE-IAN,/homes/j244s673/documents/wsu/phd/dataset/HURRICANE-DELTA,/homes/j244s673/documents/wsu/phd/dataset/HURRICANE-IAN,/homes/j244s673/documents/wsu/phd/dataset/HURRICANE-IAN,train,val,test,"Initialize HRTBDA with xBD pretrained weights, fine-tune on HURRICANE-DELTA + HURRICANE-IAN, test on HURRICANE-IAN",,,,,,,,Not started,
HRTBDA_COMBO_0151,HRTBDA,High Resolution Transformer Building Damage Assessment,No Transfer Learning,Random initialization,HURRICANE-DELTA,HURRICANE-IAN,HURRICANE-DELTA + HURRICANE-IAN,HURRICANE-LAURA,/homes/j244s673/documents/wsu/phd/dataset/HURRICANE-DELTA,/homes/j244s673/documents/wsu/phd/dataset/HURRICANE-IAN,/homes/j244s673/documents/wsu/phd/dataset/HURRICANE-LAURA,train,val,test,"Train HRTBDA from scratch on HURRICANE-DELTA + HURRICANE-IAN, test on HURRICANE-LAURA",,,,,,,,Not started,
HRTBDA_COMBO_0152,HRTBDA,High Resolution Transformer Building Damage Assessment,xBD Transfer Learning,xBD pretrained HRTBDA checkpoint,HURRICANE-DELTA,HURRICANE-IAN,HURRICANE-DELTA + HURRICANE-IAN,HURRICANE-LAURA,/homes/j244s673/documents/wsu/phd/dataset/HURRICANE-DELTA,/homes/j244s673/documents/wsu/phd/dataset/HURRICANE-IAN,/homes/j244s673/documents/wsu/phd/dataset/HURRICANE-LAURA,train,val,test,"Initialize HRTBDA with xBD pretrained weights, fine-tune on HURRICANE-DELTA + HURRICANE-IAN, test on HURRICANE-LAURA",,,,,,,,Not started,
HRTBDA_COMBO_0153,HRTBDA,High Resolution Transformer Building Damage Assessment,No Transfer Learning,Random initialization,HURRICANE-DELTA,HURRICANE-IAN,HURRICANE-DELTA + HURRICANE-IAN,MOUNT-SEMERU-ERUPTION,/homes/j244s673/documents/wsu/phd/dataset/HURRICANE-DELTA,/homes/j244s673/documents/wsu/phd/dataset/HURRICANE-IAN,/homes/j244s673/documents/wsu/phd/dataset/MOUNT-SEMERU-ERUPTION,train,val,test,"Train HRTBDA from scratch on HURRICANE-DELTA + HURRICANE-IAN, test on MOUNT-SEMERU-ERUPTION",,,,,,,,Not started,
HRTBDA_COMBO_0154,HRTBDA,High Resolution Transformer Building Damage Assessment,xBD Transfer Learning,xBD pretrained HRTBDA checkpoint,HURRICANE-DELTA,HURRICANE-IAN,HURRICANE-DELTA + HURRICANE-IAN,MOUNT-SEMERU-ERUPTION,/homes/j244s673/documents/wsu/phd/dataset/HURRICANE-DELTA,/homes/j244s673/documents/wsu/phd/dataset/HURRICANE-IAN,/homes/j244s673/documents/wsu/phd/dataset/MOUNT-SEMERU-ERUPTION,train,val,test,"Initialize HRTBDA with xBD pretrained weights, fine-tune on HURRICANE-DELTA + HURRICANE-IAN, test on MOUNT-SEMERU-ERUPTION",,,,,,,,Not started,
HRTBDA_COMBO_0155,HRTBDA,High Resolution Transformer Building Damage Assessment,No Transfer Learning,Random initialization,HURRICANE-DELTA,HURRICANE-IAN,HURRICANE-DELTA + HURRICANE-IAN,STVINCENT-VOLCANO,/homes/j244s673/documents/wsu/phd/dataset/HURRICANE-DELTA,/homes/j244s673/documents/wsu/phd/dataset/HURRICANE-IAN,/homes/j244s673/documents/wsu/phd/dataset/STVINCENT-VOLCANO,train,val,test,"Train HRTBDA from scratch on HURRICANE-DELTA + HURRICANE-IAN, test on STVINCENT-VOLCANO",,,,,,,,Not started,
HRTBDA_COMBO_0156,HRTBDA,High Resolution Transformer Building Damage Assessment,xBD Transfer Learning,xBD pretrained HRTBDA checkpoint,HURRICANE-DELTA,HURRICANE-IAN,HURRICANE-DELTA + HURRICANE-IAN,STVINCENT-VOLCANO,/homes/j244s673/documents/wsu/phd/dataset/HURRICANE-DELTA,/homes/j244s673/documents/wsu/phd/dataset/HURRICANE-IAN,/homes/j244s673/documents/wsu/phd/dataset/STVINCENT-VOLCANO,train,val,test,"Initialize HRTBDA with xBD pretrained weights, fine-tune on HURRICANE-DELTA + HURRICANE-IAN, test on STVINCENT-VOLCANO",,,,,,,,Not started,
HRTBDA_COMBO_0157,HRTBDA,High Resolution Transformer Building Damage Assessment,No Transfer Learning,Random initialization,HURRICANE-DELTA,HURRICANE-IAN,HURRICANE-DELTA + HURRICANE-IAN,TEXAS-TORNADOES,/homes/j244s673/documents/wsu/phd/dataset/HURRICANE-DELTA,/homes/j244s673/documents/wsu/phd/dataset/HURRICANE-IAN,/homes/j244s673/documents/wsu/phd/dataset/TEXAS-TORNADOES,train,val,test,"Train HRTBDA from scratch on HURRICANE-DELTA + HURRICANE-IAN, test on TEXAS-TORNADOES",,,,,,,,Not started,
HRTBDA_COMBO_0158,HRTBDA,High Resolution Transformer Building Damage Assessment,xBD Transfer Learning,xBD pretrained HRTBDA checkpoint,HURRICANE-DELTA,HURRICANE-IAN,HURRICANE-DELTA + HURRICANE-IAN,TEXAS-TORNADOES,/homes/j244s673/documents/wsu/phd/dataset/HURRICANE-DELTA,/homes/j244s673/documents/wsu/phd/dataset/HURRICANE-IAN,/homes/j244s673/documents/wsu/phd/dataset/TEXAS-TORNADOES,train,val,test,"Initialize HRTBDA with xBD pretrained weights, fine-tune on HURRICANE-DELTA + HURRICANE-IAN, test on TEXAS-TORNADOES",,,,,,,,Not started,
HRTBDA_COMBO_0159,HRTBDA,High Resolution Transformer Building Damage Assessment,No Transfer Learning,Random initialization,HURRICANE-DELTA,HURRICANE-IAN,HURRICANE-DELTA + HURRICANE-IAN,TONGA-VOLCANO,/homes/j244s673/documents/wsu/phd/dataset/HURRICANE-DELTA,/homes/j244s673/documents/wsu/phd/dataset/HURRICANE-IAN,/homes/j244s673/documents/wsu/phd/dataset/TONGA-VOLCANO,train,val,test,"Train HRTBDA from scratch on HURRICANE-DELTA + HURRICANE-IAN, test on TONGA-VOLCANO",,,,,,,,Not started,
HRTBDA_COMBO_0160,HRTBDA,High Resolution Transformer Building Damage Assessment,xBD Transfer Learning,xBD pretrained HRTBDA checkpoint,HURRICANE-DELTA,HURRICANE-IAN,HURRICANE-DELTA + HURRICANE-IAN,TONGA-VOLCANO,/homes/j244s673/documents/wsu/phd/dataset/HURRICANE-DELTA,/homes/j244s673/documents/wsu/phd/dataset/HURRICANE-IAN,/homes/j244s673/documents/wsu/phd/dataset/TONGA-VOLCANO,train,val,test,"Initialize HRTBDA with xBD pretrained weights, fine-tune on HURRICANE-DELTA + HURRICANE-IAN, test on TONGA-VOLCANO",,,,,,,,Not started,
HRTBDA_COMBO_0161,HRTBDA,High Resolution Transformer Building Damage Assessment,No Transfer Learning,Random initialization,HURRICANE-DELTA,HURRICANE-IAN,HURRICANE-DELTA + HURRICANE-IAN,xBD,/homes/j244s673/documents/wsu/phd/dataset/HURRICANE-DELTA,/homes/j244s673/documents/wsu/phd/dataset/HURRICANE-IAN,/homes/j244s673/documents/wsu/phd/dataset/xBD,train,val,test,"Train HRTBDA from scratch on HURRICANE-DELTA + HURRICANE-IAN, test on xBD",,,,,,,,Not started,
HRTBDA_COMBO_0162,HRTBDA,High Resolution Transformer Building Damage Assessment,xBD Transfer Learning,xBD pretrained HRTBDA checkpoint,HURRICANE-DELTA,HURRICANE-IAN,HURRICANE-DELTA + HURRICANE-IAN,xBD,/homes/j244s673/documents/wsu/phd/dataset/HURRICANE-DELTA,/homes/j244s673/documents/wsu/phd/dataset/HURRICANE-IAN,/homes/j244s673/documents/wsu/phd/dataset/xBD,train,val,test,"Initialize HRTBDA with xBD pretrained weights, fine-tune on HURRICANE-DELTA + HURRICANE-IAN, test on xBD",,,,,,,,Not started,
HRTBDA_COMBO_0163,HRTBDA,High Resolution Transformer Building Damage Assessment,No Transfer Learning,Random initialization,HURRICANE-DELTA,HURRICANE-LAURA,HURRICANE-DELTA + HURRICANE-LAURA,EARTHQUAKE-TURKEY,/homes/j244s673/documents/wsu/phd/dataset/HURRICANE-DELTA,/homes/j244s673/documents/wsu/phd/dataset/HURRICANE-LAURA,/homes/j244s673/documents/wsu/phd/dataset/EARTHQUAKE-TURKEY,train,val,test,"Train HRTBDA from scratch on HURRICANE-DELTA + HURRICANE-LAURA, test on EARTHQUAKE-TURKEY",,,,,,,,Not started,
HRTBDA_COMBO_0164,HRTBDA,High Resolution Transformer Building Damage Assessment,xBD Transfer Learning,xBD pretrained HRTBDA checkpoint,HURRICANE-DELTA,HURRICANE-LAURA,HURRICANE-DELTA + HURRICANE-LAURA,EARTHQUAKE-TURKEY,/homes/j244s673/documents/wsu/phd/dataset/HURRICANE-DELTA,/homes/j244s673/documents/wsu/phd/dataset/HURRICANE-LAURA,/homes/j244s673/documents/wsu/phd/dataset/EARTHQUAKE-TURKEY,train,val,test,"Initialize HRTBDA with xBD pretrained weights, fine-tune on HURRICANE-DELTA + HURRICANE-LAURA, test on EARTHQUAKE-TURKEY",,,,,,,,Not started,
HRTBDA_COMBO_0165,HRTBDA,High Resolution Transformer Building Damage Assessment,No Transfer Learning,Random initialization,HURRICANE-DELTA,HURRICANE-LAURA,HURRICANE-DELTA + HURRICANE-LAURA,HURRICANE-DELTA,/homes/j244s673/documents/wsu/phd/dataset/HURRICANE-DELTA,/homes/j244s673/documents/wsu/phd/dataset/HURRICANE-LAURA,/homes/j244s673/documents/wsu/phd/dataset/HURRICANE-DELTA,train,val,test,"Train HRTBDA from scratch on HURRICANE-DELTA + HURRICANE-LAURA, test on HURRICANE-DELTA",,,,,,,,Not started,
HRTBDA_COMBO_0166,HRTBDA,High Resolution Transformer Building Damage Assessment,xBD Transfer Learning,xBD pretrained HRTBDA checkpoint,HURRICANE-DELTA,HURRICANE-LAURA,HURRICANE-DELTA + HURRICANE-LAURA,HURRICANE-DELTA,/homes/j244s673/documents/wsu/phd/dataset/HURRICANE-DELTA,/homes/j244s673/documents/wsu/phd/dataset/HURRICANE-LAURA,/homes/j244s673/documents/wsu/phd/dataset/HURRICANE-DELTA,train,val,test,"Initialize HRTBDA with xBD pretrained weights, fine-tune on HURRICANE-DELTA + HURRICANE-LAURA, test on HURRICANE-DELTA",,,,,,,,Not started,
HRTBDA_COMBO_0167,HRTBDA,High Resolution Transformer Building Damage Assessment,No Transfer Learning,Random initialization,HURRICANE-DELTA,HURRICANE-LAURA,HURRICANE-DELTA + HURRICANE-LAURA,HURRICANE-IAN,/homes/j244s673/documents/wsu/phd/dataset/HURRICANE-DELTA,/homes/j244s673/documents/wsu/phd/dataset/HURRICANE-LAURA,/homes/j244s673/documents/wsu/phd/dataset/HURRICANE-IAN,train,val,test,"Train HRTBDA from scratch on HURRICANE-DELTA + HURRICANE-LAURA, test on HURRICANE-IAN",,,,,,,,Not started,
HRTBDA_COMBO_0168,HRTBDA,High Resolution Transformer Building Damage Assessment,xBD Transfer Learning,xBD pretrained HRTBDA checkpoint,HURRICANE-DELTA,HURRICANE-LAURA,HURRICANE-DELTA + HURRICANE-LAURA,HURRICANE-IAN,/homes/j244s673/documents/wsu/phd/dataset/HURRICANE-DELTA,/homes/j244s673/documents/wsu/phd/dataset/HURRICANE-LAURA,/homes/j244s673/documents/wsu/phd/dataset/HURRICANE-IAN,train,val,test,"Initialize HRTBDA with xBD pretrained weights, fine-tune on HURRICANE-DELTA + HURRICANE-LAURA, test on HURRICANE-IAN",,,,,,,,Not started,
HRTBDA_COMBO_0169,HRTBDA,High Resolution Transformer Building Damage Assessment,No Transfer Learning,Random initialization,HURRICANE-DELTA,HURRICANE-LAURA,HURRICANE-DELTA + HURRICANE-LAURA,HURRICANE-LAURA,/homes/j244s673/documents/wsu/phd/dataset/HURRICANE-DELTA,/homes/j244s673/documents/wsu/phd/dataset/HURRICANE-LAURA,/homes/j244s673/documents/wsu/phd/dataset/HURRICANE-LAURA,train,val,test,"Train HRTBDA from scratch on HURRICANE-DELTA + HURRICANE-LAURA, test on HURRICANE-LAURA",,,,,,,,Not started,
HRTBDA_COMBO_0170,HRTBDA,High Resolution Transformer Building Damage Assessment,xBD Transfer Learning,xBD pretrained HRTBDA checkpoint,HURRICANE-DELTA,HURRICANE-LAURA,HURRICANE-DELTA + HURRICANE-LAURA,HURRICANE-LAURA,/homes/j244s673/documents/wsu/phd/dataset/HURRICANE-DELTA,/homes/j244s673/documents/wsu/phd/dataset/HURRICANE-LAURA,/homes/j244s673/documents/wsu/phd/dataset/HURRICANE-LAURA,train,val,test,"Initialize HRTBDA with xBD pretrained weights, fine-tune on HURRICANE-DELTA + HURRICANE-LAURA, test on HURRICANE-LAURA",,,,,,,,Not started,
HRTBDA_COMBO_0171,HRTBDA,High Resolution Transformer Building Damage Assessment,No Transfer Learning,Random initialization,HURRICANE-DELTA,HURRICANE-LAURA,HURRICANE-DELTA + HURRICANE-LAURA,MOUNT-SEMERU-ERUPTION,/homes/j244s673/documents/wsu/phd/dataset/HURRICANE-DELTA,/homes/j244s673/documents/wsu/phd/dataset/HURRICANE-LAURA,/homes/j244s673/documents/wsu/phd/dataset/MOUNT-SEMERU-ERUPTION,train,val,test,"Train HRTBDA from scratch on HURRICANE-DELTA + HURRICANE-LAURA, test on MOUNT-SEMERU-ERUPTION",,,,,,,,Not started,
HRTBDA_COMBO_0172,HRTBDA,High Resolution Transformer Building Damage Assessment,xBD Transfer Learning,xBD pretrained HRTBDA checkpoint,HURRICANE-DELTA,HURRICANE-LAURA,HURRICANE-DELTA + HURRICANE-LAURA,MOUNT-SEMERU-ERUPTION,/homes/j244s673/documents/wsu/phd/dataset/HURRICANE-DELTA,/homes/j244s673/documents/wsu/phd/dataset/HURRICANE-LAURA,/homes/j244s673/documents/wsu/phd/dataset/MOUNT-SEMERU-ERUPTION,train,val,test,"Initialize HRTBDA with xBD pretrained weights, fine-tune on HURRICANE-DELTA + HURRICANE-LAURA, test on MOUNT-SEMERU-ERUPTION",,,,,,,,Not started,
HRTBDA_COMBO_0173,HRTBDA,High Resolution Transformer Building Damage Assessment,No Transfer Learning,Random initialization,HURRICANE-DELTA,HURRICANE-LAURA,HURRICANE-DELTA + HURRICANE-LAURA,STVINCENT-VOLCANO,/homes/j244s673/documents/wsu/phd/dataset/HURRICANE-DELTA,/homes/j244s673/documents/wsu/phd/dataset/HURRICANE-LAURA,/homes/j244s673/documents/wsu/phd/dataset/STVINCENT-VOLCANO,train,val,test,"Train HRTBDA from scratch on HURRICANE-DELTA + HURRICANE-LAURA, test on STVINCENT-VOLCANO",,,,,,,,Not started,
HRTBDA_COMBO_0174,HRTBDA,High Resolution Transformer Building Damage Assessment,xBD Transfer Learning,xBD pretrained HRTBDA checkpoint,HURRICANE-DELTA,HURRICANE-LAURA,HURRICANE-DELTA + HURRICANE-LAURA,STVINCENT-VOLCANO,/homes/j244s673/documents/wsu/phd/dataset/HURRICANE-DELTA,/homes/j244s673/documents/wsu/phd/dataset/HURRICANE-LAURA,/homes/j244s673/documents/wsu/phd/dataset/STVINCENT-VOLCANO,train,val,test,"Initialize HRTBDA with xBD pretrained weights, fine-tune on HURRICANE-DELTA + HURRICANE-LAURA, test on STVINCENT-VOLCANO",,,,,,,,Not started,
HRTBDA_COMBO_0175,HRTBDA,High Resolution Transformer Building Damage Assessment,No Transfer Learning,Random initialization,HURRICANE-DELTA,HURRICANE-LAURA,HURRICANE-DELTA + HURRICANE-LAURA,TEXAS-TORNADOES,/homes/j244s673/documents/wsu/phd/dataset/HURRICANE-DELTA,/homes/j244s673/documents/wsu/phd/dataset/HURRICANE-LAURA,/homes/j244s673/documents/wsu/phd/dataset/TEXAS-TORNADOES,train,val,test,"Train HRTBDA from scratch on HURRICANE-DELTA + HURRICANE-LAURA, test on TEXAS-TORNADOES",,,,,,,,Not started,
HRTBDA_COMBO_0176,HRTBDA,High Resolution Transformer Building Damage Assessment,xBD Transfer Learning,xBD pretrained HRTBDA checkpoint,HURRICANE-DELTA,HURRICANE-LAURA,HURRICANE-DELTA + HURRICANE-LAURA,TEXAS-TORNADOES,/homes/j244s673/documents/wsu/phd/dataset/HURRICANE-DELTA,/homes/j244s673/documents/wsu/phd/dataset/HURRICANE-LAURA,/homes/j244s673/documents/wsu/phd/dataset/TEXAS-TORNADOES,train,val,test,"Initialize HRTBDA with xBD pretrained weights, fine-tune on HURRICANE-DELTA + HURRICANE-LAURA, test on TEXAS-TORNADOES",,,,,,,,Not started,
HRTBDA_COMBO_0177,HRTBDA,High Resolution Transformer Building Damage Assessment,No Transfer Learning,Random initialization,HURRICANE-DELTA,HURRICANE-LAURA,HURRICANE-DELTA + HURRICANE-LAURA,TONGA-VOLCANO,/homes/j244s673/documents/wsu/phd/dataset/HURRICANE-DELTA,/homes/j244s673/documents/wsu/phd/dataset/HURRICANE-LAURA,/homes/j244s673/documents/wsu/phd/dataset/TONGA-VOLCANO,train,val,test,"Train HRTBDA from scratch on HURRICANE-DELTA + HURRICANE-LAURA, test on TONGA-VOLCANO",,,,,,,,Not started,
HRTBDA_COMBO_0178,HRTBDA,High Resolution Transformer Building Damage Assessment,xBD Transfer Learning,xBD pretrained HRTBDA checkpoint,HURRICANE-DELTA,HURRICANE-LAURA,HURRICANE-DELTA + HURRICANE-LAURA,TONGA-VOLCANO,/homes/j244s673/documents/wsu/phd/dataset/HURRICANE-DELTA,/homes/j244s673/documents/wsu/phd/dataset/HURRICANE-LAURA,/homes/j244s673/documents/wsu/phd/dataset/TONGA-VOLCANO,train,val,test,"Initialize HRTBDA with xBD pretrained weights, fine-tune on HURRICANE-DELTA + HURRICANE-LAURA, test on TONGA-VOLCANO",,,,,,,,Not started,
HRTBDA_COMBO_0179,HRTBDA,High Resolution Transformer Building Damage Assessment,No Transfer Learning,Random initialization,HURRICANE-DELTA,HURRICANE-LAURA,HURRICANE-DELTA + HURRICANE-LAURA,xBD,/homes/j244s673/documents/wsu/phd/dataset/HURRICANE-DELTA,/homes/j244s673/documents/wsu/phd/dataset/HURRICANE-LAURA,/homes/j244s673/documents/wsu/phd/dataset/xBD,train,val,test,"Train HRTBDA from scratch on HURRICANE-DELTA + HURRICANE-LAURA, test on xBD",,,,,,,,Not started,
HRTBDA_COMBO_0180,HRTBDA,High Resolution Transformer Building Damage Assessment,xBD Transfer Learning,xBD pretrained HRTBDA checkpoint,HURRICANE-DELTA,HURRICANE-LAURA,HURRICANE-DELTA + HURRICANE-LAURA,xBD,/homes/j244s673/documents/wsu/phd/dataset/HURRICANE-DELTA,/homes/j244s673/documents/wsu/phd/dataset/HURRICANE-LAURA,/homes/j244s673/documents/wsu/phd/dataset/xBD,train,val,test,"Initialize HRTBDA with xBD pretrained weights, fine-tune on HURRICANE-DELTA + HURRICANE-LAURA, test on xBD",,,,,,,,Not started,
HRTBDA_COMBO_0181,HRTBDA,High Resolution Transformer Building Damage Assessment,No Transfer Learning,Random initialization,HURRICANE-DELTA,MOUNT-SEMERU-ERUPTION,HURRICANE-DELTA + MOUNT-SEMERU-ERUPTION,EARTHQUAKE-TURKEY,/homes/j244s673/documents/wsu/phd/dataset/HURRICANE-DELTA,/homes/j244s673/documents/wsu/phd/dataset/MOUNT-SEMERU-ERUPTION,/homes/j244s673/documents/wsu/phd/dataset/EARTHQUAKE-TURKEY,train,val,test,"Train HRTBDA from scratch on HURRICANE-DELTA + MOUNT-SEMERU-ERUPTION, test on EARTHQUAKE-TURKEY",,,,,,,,Not started,
HRTBDA_COMBO_0182,HRTBDA,High Resolution Transformer Building Damage Assessment,xBD Transfer Learning,xBD pretrained HRTBDA checkpoint,HURRICANE-DELTA,MOUNT-SEMERU-ERUPTION,HURRICANE-DELTA + MOUNT-SEMERU-ERUPTION,EARTHQUAKE-TURKEY,/homes/j244s673/documents/wsu/phd/dataset/HURRICANE-DELTA,/homes/j244s673/documents/wsu/phd/dataset/MOUNT-SEMERU-ERUPTION,/homes/j244s673/documents/wsu/phd/dataset/EARTHQUAKE-TURKEY,train,val,test,"Initialize HRTBDA with xBD pretrained weights, fine-tune on HURRICANE-DELTA + MOUNT-SEMERU-ERUPTION, test on EARTHQUAKE-TURKEY",,,,,,,,Not started,
HRTBDA_COMBO_0183,HRTBDA,High Resolution Transformer Building Damage Assessment,No Transfer Learning,Random initialization,HURRICANE-DELTA,MOUNT-SEMERU-ERUPTION,HURRICANE-DELTA + MOUNT-SEMERU-ERUPTION,HURRICANE-DELTA,/homes/j244s673/documents/wsu/phd/dataset/HURRICANE-DELTA,/homes/j244s673/documents/wsu/phd/dataset/MOUNT-SEMERU-ERUPTION,/homes/j244s673/documents/wsu/phd/dataset/HURRICANE-DELTA,train,val,test,"Train HRTBDA from scratch on HURRICANE-DELTA + MOUNT-SEMERU-ERUPTION, test on HURRICANE-DELTA",,,,,,,,Not started,
HRTBDA_COMBO_0184,HRTBDA,High Resolution Transformer Building Damage Assessment,xBD Transfer Learning,xBD pretrained HRTBDA checkpoint,HURRICANE-DELTA,MOUNT-SEMERU-ERUPTION,HURRICANE-DELTA + MOUNT-SEMERU-ERUPTION,HURRICANE-DELTA,/homes/j244s673/documents/wsu/phd/dataset/HURRICANE-DELTA,/homes/j244s673/documents/wsu/phd/dataset/MOUNT-SEMERU-ERUPTION,/homes/j244s673/documents/wsu/phd/dataset/HURRICANE-DELTA,train,val,test,"Initialize HRTBDA with xBD pretrained weights, fine-tune on HURRICANE-DELTA + MOUNT-SEMERU-ERUPTION, test on HURRICANE-DELTA",,,,,,,,Not started,
HRTBDA_COMBO_0185,HRTBDA,High Resolution Transformer Building Damage Assessment,No Transfer Learning,Random initialization,HURRICANE-DELTA,MOUNT-SEMERU-ERUPTION,HURRICANE-DELTA + MOUNT-SEMERU-ERUPTION,HURRICANE-IAN,/homes/j244s673/documents/wsu/phd/dataset/HURRICANE-DELTA,/homes/j244s673/documents/wsu/phd/dataset/MOUNT-SEMERU-ERUPTION,/homes/j244s673/documents/wsu/phd/dataset/HURRICANE-IAN,train,val,test,"Train HRTBDA from scratch on HURRICANE-DELTA + MOUNT-SEMERU-ERUPTION, test on HURRICANE-IAN",,,,,,,,Not started,
HRTBDA_COMBO_0186,HRTBDA,High Resolution Transformer Building Damage Assessment,xBD Transfer Learning,xBD pretrained HRTBDA checkpoint,HURRICANE-DELTA,MOUNT-SEMERU-ERUPTION,HURRICANE-DELTA + MOUNT-SEMERU-ERUPTION,HURRICANE-IAN,/homes/j244s673/documents/wsu/phd/dataset/HURRICANE-DELTA,/homes/j244s673/documents/wsu/phd/dataset/MOUNT-SEMERU-ERUPTION,/homes/j244s673/documents/wsu/phd/dataset/HURRICANE-IAN,train,val,test,"Initialize HRTBDA with xBD pretrained weights, fine-tune on HURRICANE-DELTA + MOUNT-SEMERU-ERUPTION, test on HURRICANE-IAN",,,,,,,,Not started,
HRTBDA_COMBO_0187,HRTBDA,High Resolution Transformer Building Damage Assessment,No Transfer Learning,Random initialization,HURRICANE-DELTA,MOUNT-SEMERU-ERUPTION,HURRICANE-DELTA + MOUNT-SEMERU-ERUPTION,HURRICANE-LAURA,/homes/j244s673/documents/wsu/phd/dataset/HURRICANE-DELTA,/homes/j244s673/documents/wsu/phd/dataset/MOUNT-SEMERU-ERUPTION,/homes/j244s673/documents/wsu/phd/dataset/HURRICANE-LAURA,train,val,test,"Train HRTBDA from scratch on HURRICANE-DELTA + MOUNT-SEMERU-ERUPTION, test on HURRICANE-LAURA",,,,,,,,Not started,
HRTBDA_COMBO_0188,HRTBDA,High Resolution Transformer Building Damage Assessment,xBD Transfer Learning,xBD pretrained HRTBDA checkpoint,HURRICANE-DELTA,MOUNT-SEMERU-ERUPTION,HURRICANE-DELTA + MOUNT-SEMERU-ERUPTION,HURRICANE-LAURA,/homes/j244s673/documents/wsu/phd/dataset/HURRICANE-DELTA,/homes/j244s673/documents/wsu/phd/dataset/MOUNT-SEMERU-ERUPTION,/homes/j244s673/documents/wsu/phd/dataset/HURRICANE-LAURA,train,val,test,"Initialize HRTBDA with xBD pretrained weights, fine-tune on HURRICANE-DELTA + MOUNT-SEMERU-ERUPTION, test on HURRICANE-LAURA",,,,,,,,Not started,
HRTBDA_COMBO_0189,HRTBDA,High Resolution Transformer Building Damage Assessment,No Transfer Learning,Random initialization,HURRICANE-DELTA,MOUNT-SEMERU-ERUPTION,HURRICANE-DELTA + MOUNT-SEMERU-ERUPTION,MOUNT-SEMERU-ERUPTION,/homes/j244s673/documents/wsu/phd/dataset/HURRICANE-DELTA,/homes/j244s673/documents/wsu/phd/dataset/MOUNT-SEMERU-ERUPTION,/homes/j244s673/documents/wsu/phd/dataset/MOUNT-SEMERU-ERUPTION,train,val,test,"Train HRTBDA from scratch on HURRICANE-DELTA + MOUNT-SEMERU-ERUPTION, test on MOUNT-SEMERU-ERUPTION",,,,,,,,Not started,
HRTBDA_COMBO_0190,HRTBDA,High Resolution Transformer Building Damage Assessment,xBD Transfer Learning,xBD pretrained HRTBDA checkpoint,HURRICANE-DELTA,MOUNT-SEMERU-ERUPTION,HURRICANE-DELTA + MOUNT-SEMERU-ERUPTION,MOUNT-SEMERU-ERUPTION,/homes/j244s673/documents/wsu/phd/dataset/HURRICANE-DELTA,/homes/j244s673/documents/wsu/phd/dataset/MOUNT-SEMERU-ERUPTION,/homes/j244s673/documents/wsu/phd/dataset/MOUNT-SEMERU-ERUPTION,train,val,test,"Initialize HRTBDA with xBD pretrained weights, fine-tune on HURRICANE-DELTA + MOUNT-SEMERU-ERUPTION, test on MOUNT-SEMERU-ERUPTION",,,,,,,,Not started,
HRTBDA_COMBO_0191,HRTBDA,High Resolution Transformer Building Damage Assessment,No Transfer Learning,Random initialization,HURRICANE-DELTA,MOUNT-SEMERU-ERUPTION,HURRICANE-DELTA + MOUNT-SEMERU-ERUPTION,STVINCENT-VOLCANO,/homes/j244s673/documents/wsu/phd/dataset/HURRICANE-DELTA,/homes/j244s673/documents/wsu/phd/dataset/MOUNT-SEMERU-ERUPTION,/homes/j244s673/documents/wsu/phd/dataset/STVINCENT-VOLCANO,train,val,test,"Train HRTBDA from scratch on HURRICANE-DELTA + MOUNT-SEMERU-ERUPTION, test on STVINCENT-VOLCANO",,,,,,,,Not started,
HRTBDA_COMBO_0192,HRTBDA,High Resolution Transformer Building Damage Assessment,xBD Transfer Learning,xBD pretrained HRTBDA checkpoint,HURRICANE-DELTA,MOUNT-SEMERU-ERUPTION,HURRICANE-DELTA + MOUNT-SEMERU-ERUPTION,STVINCENT-VOLCANO,/homes/j244s673/documents/wsu/phd/dataset/HURRICANE-DELTA,/homes/j244s673/documents/wsu/phd/dataset/MOUNT-SEMERU-ERUPTION,/homes/j244s673/documents/wsu/phd/dataset/STVINCENT-VOLCANO,train,val,test,"Initialize HRTBDA with xBD pretrained weights, fine-tune on HURRICANE-DELTA + MOUNT-SEMERU-ERUPTION, test on STVINCENT-VOLCANO",,,,,,,,Not started,
HRTBDA_COMBO_0193,HRTBDA,High Resolution Transformer Building Damage Assessment,No Transfer Learning,Random initialization,HURRICANE-DELTA,MOUNT-SEMERU-ERUPTION,HURRICANE-DELTA + MOUNT-SEMERU-ERUPTION,TEXAS-TORNADOES,/homes/j244s673/documents/wsu/phd/dataset/HURRICANE-DELTA,/homes/j244s673/documents/wsu/phd/dataset/MOUNT-SEMERU-ERUPTION,/homes/j244s673/documents/wsu/phd/dataset/TEXAS-TORNADOES,train,val,test,"Train HRTBDA from scratch on HURRICANE-DELTA + MOUNT-SEMERU-ERUPTION, test on TEXAS-TORNADOES",,,,,,,,Not started,
HRTBDA_COMBO_0194,HRTBDA,High Resolution Transformer Building Damage Assessment,xBD Transfer Learning,xBD pretrained HRTBDA checkpoint,HURRICANE-DELTA,MOUNT-SEMERU-ERUPTION,HURRICANE-DELTA + MOUNT-SEMERU-ERUPTION,TEXAS-TORNADOES,/homes/j244s673/documents/wsu/phd/dataset/HURRICANE-DELTA,/homes/j244s673/documents/wsu/phd/dataset/MOUNT-SEMERU-ERUPTION,/homes/j244s673/documents/wsu/phd/dataset/TEXAS-TORNADOES,train,val,test,"Initialize HRTBDA with xBD pretrained weights, fine-tune on HURRICANE-DELTA + MOUNT-SEMERU-ERUPTION, test on TEXAS-TORNADOES",,,,,,,,Not started,
HRTBDA_COMBO_0195,HRTBDA,High Resolution Transformer Building Damage Assessment,No Transfer Learning,Random initialization,HURRICANE-DELTA,MOUNT-SEMERU-ERUPTION,HURRICANE-DELTA + MOUNT-SEMERU-ERUPTION,TONGA-VOLCANO,/homes/j244s673/documents/wsu/phd/dataset/HURRICANE-DELTA,/homes/j244s673/documents/wsu/phd/dataset/MOUNT-SEMERU-ERUPTION,/homes/j244s673/documents/wsu/phd/dataset/TONGA-VOLCANO,train,val,test,"Train HRTBDA from scratch on HURRICANE-DELTA + MOUNT-SEMERU-ERUPTION, test on TONGA-VOLCANO",,,,,,,,Not started,
HRTBDA_COMBO_0196,HRTBDA,High Resolution Transformer Building Damage Assessment,xBD Transfer Learning,xBD pretrained HRTBDA checkpoint,HURRICANE-DELTA,MOUNT-SEMERU-ERUPTION,HURRICANE-DELTA + MOUNT-SEMERU-ERUPTION,TONGA-VOLCANO,/homes/j244s673/documents/wsu/phd/dataset/HURRICANE-DELTA,/homes/j244s673/documents/wsu/phd/dataset/MOUNT-SEMERU-ERUPTION,/homes/j244s673/documents/wsu/phd/dataset/TONGA-VOLCANO,train,val,test,"Initialize HRTBDA with xBD pretrained weights, fine-tune on HURRICANE-DELTA + MOUNT-SEMERU-ERUPTION, test on TONGA-VOLCANO",,,,,,,,Not started,
HRTBDA_COMBO_0197,HRTBDA,High Resolution Transformer Building Damage Assessment,No Transfer Learning,Random initialization,HURRICANE-DELTA,MOUNT-SEMERU-ERUPTION,HURRICANE-DELTA + MOUNT-SEMERU-ERUPTION,xBD,/homes/j244s673/documents/wsu/phd/dataset/HURRICANE-DELTA,/homes/j244s673/documents/wsu/phd/dataset/MOUNT-SEMERU-ERUPTION,/homes/j244s673/documents/wsu/phd/dataset/xBD,train,val,test,"Train HRTBDA from scratch on HURRICANE-DELTA + MOUNT-SEMERU-ERUPTION, test on xBD",,,,,,,,Not started,
HRTBDA_COMBO_0198,HRTBDA,High Resolution Transformer Building Damage Assessment,xBD Transfer Learning,xBD pretrained HRTBDA checkpoint,HURRICANE-DELTA,MOUNT-SEMERU-ERUPTION,HURRICANE-DELTA + MOUNT-SEMERU-ERUPTION,xBD,/homes/j244s673/documents/wsu/phd/dataset/HURRICANE-DELTA,/homes/j244s673/documents/wsu/phd/dataset/MOUNT-SEMERU-ERUPTION,/homes/j244s673/documents/wsu/phd/dataset/xBD,train,val,test,"Initialize HRTBDA with xBD pretrained weights, fine-tune on HURRICANE-DELTA + MOUNT-SEMERU-ERUPTION, test on xBD",,,,,,,,Not started,
HRTBDA_COMBO_0199,HRTBDA,High Resolution Transformer Building Damage Assessment,No Transfer Learning,Random initialization,HURRICANE-DELTA,STVINCENT-VOLCANO,HURRICANE-DELTA + STVINCENT-VOLCANO,EARTHQUAKE-TURKEY,/homes/j244s673/documents/wsu/phd/dataset/HURRICANE-DELTA,/homes/j244s673/documents/wsu/phd/dataset/STVINCENT-VOLCANO,/homes/j244s673/documents/wsu/phd/dataset/EARTHQUAKE-TURKEY,train,val,test,"Train HRTBDA from scratch on HURRICANE-DELTA + STVINCENT-VOLCANO, test on EARTHQUAKE-TURKEY",,,,,,,,Not started,
HRTBDA_COMBO_0200,HRTBDA,High Resolution Transformer Building Damage Assessment,xBD Transfer Learning,xBD pretrained HRTBDA checkpoint,HURRICANE-DELTA,STVINCENT-VOLCANO,HURRICANE-DELTA + STVINCENT-VOLCANO,EARTHQUAKE-TURKEY,/homes/j244s673/documents/wsu/phd/dataset/HURRICANE-DELTA,/homes/j244s673/documents/wsu/phd/dataset/STVINCENT-VOLCANO,/homes/j244s673/documents/wsu/phd/dataset/EARTHQUAKE-TURKEY,train,val,test,"Initialize HRTBDA with xBD pretrained weights, fine-tune on HURRICANE-DELTA + STVINCENT-VOLCANO, test on EARTHQUAKE-TURKEY",,,,,,,,Not started,
HRTBDA_COMBO_0201,HRTBDA,High Resolution Transformer Building Damage Assessment,No Transfer Learning,Random initialization,HURRICANE-DELTA,STVINCENT-VOLCANO,HURRICANE-DELTA + STVINCENT-VOLCANO,HURRICANE-DELTA,/homes/j244s673/documents/wsu/phd/dataset/HURRICANE-DELTA,/homes/j244s673/documents/wsu/phd/dataset/STVINCENT-VOLCANO,/homes/j244s673/documents/wsu/phd/dataset/HURRICANE-DELTA,train,val,test,"Train HRTBDA from scratch on HURRICANE-DELTA + STVINCENT-VOLCANO, test on HURRICANE-DELTA",,,,,,,,Not started,
HRTBDA_COMBO_0202,HRTBDA,High Resolution Transformer Building Damage Assessment,xBD Transfer Learning,xBD pretrained HRTBDA checkpoint,HURRICANE-DELTA,STVINCENT-VOLCANO,HURRICANE-DELTA + STVINCENT-VOLCANO,HURRICANE-DELTA,/homes/j244s673/documents/wsu/phd/dataset/HURRICANE-DELTA,/homes/j244s673/documents/wsu/phd/dataset/STVINCENT-VOLCANO,/homes/j244s673/documents/wsu/phd/dataset/HURRICANE-DELTA,train,val,test,"Initialize HRTBDA with xBD pretrained weights, fine-tune on HURRICANE-DELTA + STVINCENT-VOLCANO, test on HURRICANE-DELTA",,,,,,,,Not started,
HRTBDA_COMBO_0203,HRTBDA,High Resolution Transformer Building Damage Assessment,No Transfer Learning,Random initialization,HURRICANE-DELTA,STVINCENT-VOLCANO,HURRICANE-DELTA + STVINCENT-VOLCANO,HURRICANE-IAN,/homes/j244s673/documents/wsu/phd/dataset/HURRICANE-DELTA,/homes/j244s673/documents/wsu/phd/dataset/STVINCENT-VOLCANO,/homes/j244s673/documents/wsu/phd/dataset/HURRICANE-IAN,train,val,test,"Train HRTBDA from scratch on HURRICANE-DELTA + STVINCENT-VOLCANO, test on HURRICANE-IAN",,,,,,,,Not started,
HRTBDA_COMBO_0204,HRTBDA,High Resolution Transformer Building Damage Assessment,xBD Transfer Learning,xBD pretrained HRTBDA checkpoint,HURRICANE-DELTA,STVINCENT-VOLCANO,HURRICANE-DELTA + STVINCENT-VOLCANO,HURRICANE-IAN,/homes/j244s673/documents/wsu/phd/dataset/HURRICANE-DELTA,/homes/j244s673/documents/wsu/phd/dataset/STVINCENT-VOLCANO,/homes/j244s673/documents/wsu/phd/dataset/HURRICANE-IAN,train,val,test,"Initialize HRTBDA with xBD pretrained weights, fine-tune on HURRICANE-DELTA + STVINCENT-VOLCANO, test on HURRICANE-IAN",,,,,,,,Not started,
HRTBDA_COMBO_0205,HRTBDA,High Resolution Transformer Building Damage Assessment,No Transfer Learning,Random initialization,HURRICANE-DELTA,STVINCENT-VOLCANO,HURRICANE-DELTA + STVINCENT-VOLCANO,HURRICANE-LAURA,/homes/j244s673/documents/wsu/phd/dataset/HURRICANE-DELTA,/homes/j244s673/documents/wsu/phd/dataset/STVINCENT-VOLCANO,/homes/j244s673/documents/wsu/phd/dataset/HURRICANE-LAURA,train,val,test,"Train HRTBDA from scratch on HURRICANE-DELTA + STVINCENT-VOLCANO, test on HURRICANE-LAURA",,,,,,,,Not started,
HRTBDA_COMBO_0206,HRTBDA,High Resolution Transformer Building Damage Assessment,xBD Transfer Learning,xBD pretrained HRTBDA checkpoint,HURRICANE-DELTA,STVINCENT-VOLCANO,HURRICANE-DELTA + STVINCENT-VOLCANO,HURRICANE-LAURA,/homes/j244s673/documents/wsu/phd/dataset/HURRICANE-DELTA,/homes/j244s673/documents/wsu/phd/dataset/STVINCENT-VOLCANO,/homes/j244s673/documents/wsu/phd/dataset/HURRICANE-LAURA,train,val,test,"Initialize HRTBDA with xBD pretrained weights, fine-tune on HURRICANE-DELTA + STVINCENT-VOLCANO, test on HURRICANE-LAURA",,,,,,,,Not started,
HRTBDA_COMBO_0207,HRTBDA,High Resolution Transformer Building Damage Assessment,No Transfer Learning,Random initialization,HURRICANE-DELTA,STVINCENT-VOLCANO,HURRICANE-DELTA + STVINCENT-VOLCANO,MOUNT-SEMERU-ERUPTION,/homes/j244s673/documents/wsu/phd/dataset/HURRICANE-DELTA,/homes/j244s673/documents/wsu/phd/dataset/STVINCENT-VOLCANO,/homes/j244s673/documents/wsu/phd/dataset/MOUNT-SEMERU-ERUPTION,train,val,test,"Train HRTBDA from scratch on HURRICANE-DELTA + STVINCENT-VOLCANO, test on MOUNT-SEMERU-ERUPTION",,,,,,,,Not started,
HRTBDA_COMBO_0208,HRTBDA,High Resolution Transformer Building Damage Assessment,xBD Transfer Learning,xBD pretrained HRTBDA checkpoint,HURRICANE-DELTA,STVINCENT-VOLCANO,HURRICANE-DELTA + STVINCENT-VOLCANO,MOUNT-SEMERU-ERUPTION,/homes/j244s673/documents/wsu/phd/dataset/HURRICANE-DELTA,/homes/j244s673/documents/wsu/phd/dataset/STVINCENT-VOLCANO,/homes/j244s673/documents/wsu/phd/dataset/MOUNT-SEMERU-ERUPTION,train,val,test,"Initialize HRTBDA with xBD pretrained weights, fine-tune on HURRICANE-DELTA + STVINCENT-VOLCANO, test on MOUNT-SEMERU-ERUPTION",,,,,,,,Not started,
HRTBDA_COMBO_0209,HRTBDA,High Resolution Transformer Building Damage Assessment,No Transfer Learning,Random initialization,HURRICANE-DELTA,STVINCENT-VOLCANO,HURRICANE-DELTA + STVINCENT-VOLCANO,STVINCENT-VOLCANO,/homes/j244s673/documents/wsu/phd/dataset/HURRICANE-DELTA,/homes/j244s673/documents/wsu/phd/dataset/STVINCENT-VOLCANO,/homes/j244s673/documents/wsu/phd/dataset/STVINCENT-VOLCANO,train,val,test,"Train HRTBDA from scratch on HURRICANE-DELTA + STVINCENT-VOLCANO, test on STVINCENT-VOLCANO",,,,,,,,Not started,
HRTBDA_COMBO_0210,HRTBDA,High Resolution Transformer Building Damage Assessment,xBD Transfer Learning,xBD pretrained HRTBDA checkpoint,HURRICANE-DELTA,STVINCENT-VOLCANO,HURRICANE-DELTA + STVINCENT-VOLCANO,STVINCENT-VOLCANO,/homes/j244s673/documents/wsu/phd/dataset/HURRICANE-DELTA,/homes/j244s673/documents/wsu/phd/dataset/STVINCENT-VOLCANO,/homes/j244s673/documents/wsu/phd/dataset/STVINCENT-VOLCANO,train,val,test,"Initialize HRTBDA with xBD pretrained weights, fine-tune on HURRICANE-DELTA + STVINCENT-VOLCANO, test on STVINCENT-VOLCANO",,,,,,,,Not started,
HRTBDA_COMBO_0211,HRTBDA,High Resolution Transformer Building Damage Assessment,No Transfer Learning,Random initialization,HURRICANE-DELTA,STVINCENT-VOLCANO,HURRICANE-DELTA + STVINCENT-VOLCANO,TEXAS-TORNADOES,/homes/j244s673/documents/wsu/phd/dataset/HURRICANE-DELTA,/homes/j244s673/documents/wsu/phd/dataset/STVINCENT-VOLCANO,/homes/j244s673/documents/wsu/phd/dataset/TEXAS-TORNADOES,train,val,test,"Train HRTBDA from scratch on HURRICANE-DELTA + STVINCENT-VOLCANO, test on TEXAS-TORNADOES",,,,,,,,Not started,
HRTBDA_COMBO_0212,HRTBDA,High Resolution Transformer Building Damage Assessment,xBD Transfer Learning,xBD pretrained HRTBDA checkpoint,HURRICANE-DELTA,STVINCENT-VOLCANO,HURRICANE-DELTA + STVINCENT-VOLCANO,TEXAS-TORNADOES,/homes/j244s673/documents/wsu/phd/dataset/HURRICANE-DELTA,/homes/j244s673/documents/wsu/phd/dataset/STVINCENT-VOLCANO,/homes/j244s673/documents/wsu/phd/dataset/TEXAS-TORNADOES,train,val,test,"Initialize HRTBDA with xBD pretrained weights, fine-tune on HURRICANE-DELTA + STVINCENT-VOLCANO, test on TEXAS-TORNADOES",,,,,,,,Not started,
HRTBDA_COMBO_0213,HRTBDA,High Resolution Transformer Building Damage Assessment,No Transfer Learning,Random initialization,HURRICANE-DELTA,STVINCENT-VOLCANO,HURRICANE-DELTA + STVINCENT-VOLCANO,TONGA-VOLCANO,/homes/j244s673/documents/wsu/phd/dataset/HURRICANE-DELTA,/homes/j244s673/documents/wsu/phd/dataset/STVINCENT-VOLCANO,/homes/j244s673/documents/wsu/phd/dataset/TONGA-VOLCANO,train,val,test,"Train HRTBDA from scratch on HURRICANE-DELTA + STVINCENT-VOLCANO, test on TONGA-VOLCANO",,,,,,,,Not started,
HRTBDA_COMBO_0214,HRTBDA,High Resolution Transformer Building Damage Assessment,xBD Transfer Learning,xBD pretrained HRTBDA checkpoint,HURRICANE-DELTA,STVINCENT-VOLCANO,HURRICANE-DELTA + STVINCENT-VOLCANO,TONGA-VOLCANO,/homes/j244s673/documents/wsu/phd/dataset/HURRICANE-DELTA,/homes/j244s673/documents/wsu/phd/dataset/STVINCENT-VOLCANO,/homes/j244s673/documents/wsu/phd/dataset/TONGA-VOLCANO,train,val,test,"Initialize HRTBDA with xBD pretrained weights, fine-tune on HURRICANE-DELTA + STVINCENT-VOLCANO, test on TONGA-VOLCANO",,,,,,,,Not started,
HRTBDA_COMBO_0215,HRTBDA,High Resolution Transformer Building Damage Assessment,No Transfer Learning,Random initialization,HURRICANE-DELTA,STVINCENT-VOLCANO,HURRICANE-DELTA + STVINCENT-VOLCANO,xBD,/homes/j244s673/documents/wsu/phd/dataset/HURRICANE-DELTA,/homes/j244s673/documents/wsu/phd/dataset/STVINCENT-VOLCANO,/homes/j244s673/documents/wsu/phd/dataset/xBD,train,val,test,"Train HRTBDA from scratch on HURRICANE-DELTA + STVINCENT-VOLCANO, test on xBD",,,,,,,,Not started,
HRTBDA_COMBO_0216,HRTBDA,High Resolution Transformer Building Damage Assessment,xBD Transfer Learning,xBD pretrained HRTBDA checkpoint,HURRICANE-DELTA,STVINCENT-VOLCANO,HURRICANE-DELTA + STVINCENT-VOLCANO,xBD,/homes/j244s673/documents/wsu/phd/dataset/HURRICANE-DELTA,/homes/j244s673/documents/wsu/phd/dataset/STVINCENT-VOLCANO,/homes/j244s673/documents/wsu/phd/dataset/xBD,train,val,test,"Initialize HRTBDA with xBD pretrained weights, fine-tune on HURRICANE-DELTA + STVINCENT-VOLCANO, test on xBD",,,,,,,,Not started,
HRTBDA_COMBO_0217,HRTBDA,High Resolution Transformer Building Damage Assessment,No Transfer Learning,Random initialization,HURRICANE-DELTA,TEXAS-TORNADOES,HURRICANE-DELTA + TEXAS-TORNADOES,EARTHQUAKE-TURKEY,/homes/j244s673/documents/wsu/phd/dataset/HURRICANE-DELTA,/homes/j244s673/documents/wsu/phd/dataset/TEXAS-TORNADOES,/homes/j244s673/documents/wsu/phd/dataset/EARTHQUAKE-TURKEY,train,val,test,"Train HRTBDA from scratch on HURRICANE-DELTA + TEXAS-TORNADOES, test on EARTHQUAKE-TURKEY",,,,,,,,Not started,
HRTBDA_COMBO_0218,HRTBDA,High Resolution Transformer Building Damage Assessment,xBD Transfer Learning,xBD pretrained HRTBDA checkpoint,HURRICANE-DELTA,TEXAS-TORNADOES,HURRICANE-DELTA + TEXAS-TORNADOES,EARTHQUAKE-TURKEY,/homes/j244s673/documents/wsu/phd/dataset/HURRICANE-DELTA,/homes/j244s673/documents/wsu/phd/dataset/TEXAS-TORNADOES,/homes/j244s673/documents/wsu/phd/dataset/EARTHQUAKE-TURKEY,train,val,test,"Initialize HRTBDA with xBD pretrained weights, fine-tune on HURRICANE-DELTA + TEXAS-TORNADOES, test on EARTHQUAKE-TURKEY",,,,,,,,Not started,
HRTBDA_COMBO_0219,HRTBDA,High Resolution Transformer Building Damage Assessment,No Transfer Learning,Random initialization,HURRICANE-DELTA,TEXAS-TORNADOES,HURRICANE-DELTA + TEXAS-TORNADOES,HURRICANE-DELTA,/homes/j244s673/documents/wsu/phd/dataset/HURRICANE-DELTA,/homes/j244s673/documents/wsu/phd/dataset/TEXAS-TORNADOES,/homes/j244s673/documents/wsu/phd/dataset/HURRICANE-DELTA,train,val,test,"Train HRTBDA from scratch on HURRICANE-DELTA + TEXAS-TORNADOES, test on HURRICANE-DELTA",,,,,,,,Not started,
HRTBDA_COMBO_0220,HRTBDA,High Resolution Transformer Building Damage Assessment,xBD Transfer Learning,xBD pretrained HRTBDA checkpoint,HURRICANE-DELTA,TEXAS-TORNADOES,HURRICANE-DELTA + TEXAS-TORNADOES,HURRICANE-DELTA,/homes/j244s673/documents/wsu/phd/dataset/HURRICANE-DELTA,/homes/j244s673/documents/wsu/phd/dataset/TEXAS-TORNADOES,/homes/j244s673/documents/wsu/phd/dataset/HURRICANE-DELTA,train,val,test,"Initialize HRTBDA with xBD pretrained weights, fine-tune on HURRICANE-DELTA + TEXAS-TORNADOES, test on HURRICANE-DELTA",,,,,,,,Not started,
HRTBDA_COMBO_0221,HRTBDA,High Resolution Transformer Building Damage Assessment,No Transfer Learning,Random initialization,HURRICANE-DELTA,TEXAS-TORNADOES,HURRICANE-DELTA + TEXAS-TORNADOES,HURRICANE-IAN,/homes/j244s673/documents/wsu/phd/dataset/HURRICANE-DELTA,/homes/j244s673/documents/wsu/phd/dataset/TEXAS-TORNADOES,/homes/j244s673/documents/wsu/phd/dataset/HURRICANE-IAN,train,val,test,"Train HRTBDA from scratch on HURRICANE-DELTA + TEXAS-TORNADOES, test on HURRICANE-IAN",,,,,,,,Not started,
HRTBDA_COMBO_0222,HRTBDA,High Resolution Transformer Building Damage Assessment,xBD Transfer Learning,xBD pretrained HRTBDA checkpoint,HURRICANE-DELTA,TEXAS-TORNADOES,HURRICANE-DELTA + TEXAS-TORNADOES,HURRICANE-IAN,/homes/j244s673/documents/wsu/phd/dataset/HURRICANE-DELTA,/homes/j244s673/documents/wsu/phd/dataset/TEXAS-TORNADOES,/homes/j244s673/documents/wsu/phd/dataset/HURRICANE-IAN,train,val,test,"Initialize HRTBDA with xBD pretrained weights, fine-tune on HURRICANE-DELTA + TEXAS-TORNADOES, test on HURRICANE-IAN",,,,,,,,Not started,
HRTBDA_COMBO_0223,HRTBDA,High Resolution Transformer Building Damage Assessment,No Transfer Learning,Random initialization,HURRICANE-DELTA,TEXAS-TORNADOES,HURRICANE-DELTA + TEXAS-TORNADOES,HURRICANE-LAURA,/homes/j244s673/documents/wsu/phd/dataset/HURRICANE-DELTA,/homes/j244s673/documents/wsu/phd/dataset/TEXAS-TORNADOES,/homes/j244s673/documents/wsu/phd/dataset/HURRICANE-LAURA,train,val,test,"Train HRTBDA from scratch on HURRICANE-DELTA + TEXAS-TORNADOES, test on HURRICANE-LAURA",,,,,,,,Not started,
HRTBDA_COMBO_0224,HRTBDA,High Resolution Transformer Building Damage Assessment,xBD Transfer Learning,xBD pretrained HRTBDA checkpoint,HURRICANE-DELTA,TEXAS-TORNADOES,HURRICANE-DELTA + TEXAS-TORNADOES,HURRICANE-LAURA,/homes/j244s673/documents/wsu/phd/dataset/HURRICANE-DELTA,/homes/j244s673/documents/wsu/phd/dataset/TEXAS-TORNADOES,/homes/j244s673/documents/wsu/phd/dataset/HURRICANE-LAURA,train,val,test,"Initialize HRTBDA with xBD pretrained weights, fine-tune on HURRICANE-DELTA + TEXAS-TORNADOES, test on HURRICANE-LAURA",,,,,,,,Not started,
HRTBDA_COMBO_0225,HRTBDA,High Resolution Transformer Building Damage Assessment,No Transfer Learning,Random initialization,HURRICANE-DELTA,TEXAS-TORNADOES,HURRICANE-DELTA + TEXAS-TORNADOES,MOUNT-SEMERU-ERUPTION,/homes/j244s673/documents/wsu/phd/dataset/HURRICANE-DELTA,/homes/j244s673/documents/wsu/phd/dataset/TEXAS-TORNADOES,/homes/j244s673/documents/wsu/phd/dataset/MOUNT-SEMERU-ERUPTION,train,val,test,"Train HRTBDA from scratch on HURRICANE-DELTA + TEXAS-TORNADOES, test on MOUNT-SEMERU-ERUPTION",,,,,,,,Not started,
HRTBDA_COMBO_0226,HRTBDA,High Resolution Transformer Building Damage Assessment,xBD Transfer Learning,xBD pretrained HRTBDA checkpoint,HURRICANE-DELTA,TEXAS-TORNADOES,HURRICANE-DELTA + TEXAS-TORNADOES,MOUNT-SEMERU-ERUPTION,/homes/j244s673/documents/wsu/phd/dataset/HURRICANE-DELTA,/homes/j244s673/documents/wsu/phd/dataset/TEXAS-TORNADOES,/homes/j244s673/documents/wsu/phd/dataset/MOUNT-SEMERU-ERUPTION,train,val,test,"Initialize HRTBDA with xBD pretrained weights, fine-tune on HURRICANE-DELTA + TEXAS-TORNADOES, test on MOUNT-SEMERU-ERUPTION",,,,,,,,Not started,
HRTBDA_COMBO_0227,HRTBDA,High Resolution Transformer Building Damage Assessment,No Transfer Learning,Random initialization,HURRICANE-DELTA,TEXAS-TORNADOES,HURRICANE-DELTA + TEXAS-TORNADOES,STVINCENT-VOLCANO,/homes/j244s673/documents/wsu/phd/dataset/HURRICANE-DELTA,/homes/j244s673/documents/wsu/phd/dataset/TEXAS-TORNADOES,/homes/j244s673/documents/wsu/phd/dataset/STVINCENT-VOLCANO,train,val,test,"Train HRTBDA from scratch on HURRICANE-DELTA + TEXAS-TORNADOES, test on STVINCENT-VOLCANO",,,,,,,,Not started,
HRTBDA_COMBO_0228,HRTBDA,High Resolution Transformer Building Damage Assessment,xBD Transfer Learning,xBD pretrained HRTBDA checkpoint,HURRICANE-DELTA,TEXAS-TORNADOES,HURRICANE-DELTA + TEXAS-TORNADOES,STVINCENT-VOLCANO,/homes/j244s673/documents/wsu/phd/dataset/HURRICANE-DELTA,/homes/j244s673/documents/wsu/phd/dataset/TEXAS-TORNADOES,/homes/j244s673/documents/wsu/phd/dataset/STVINCENT-VOLCANO,train,val,test,"Initialize HRTBDA with xBD pretrained weights, fine-tune on HURRICANE-DELTA + TEXAS-TORNADOES, test on STVINCENT-VOLCANO",,,,,,,,Not started,
HRTBDA_COMBO_0229,HRTBDA,High Resolution Transformer Building Damage Assessment,No Transfer Learning,Random initialization,HURRICANE-DELTA,TEXAS-TORNADOES,HURRICANE-DELTA + TEXAS-TORNADOES,TEXAS-TORNADOES,/homes/j244s673/documents/wsu/phd/dataset/HURRICANE-DELTA,/homes/j244s673/documents/wsu/phd/dataset/TEXAS-TORNADOES,/homes/j244s673/documents/wsu/phd/dataset/TEXAS-TORNADOES,train,val,test,"Train HRTBDA from scratch on HURRICANE-DELTA + TEXAS-TORNADOES, test on TEXAS-TORNADOES",,,,,,,,Not started,
HRTBDA_COMBO_0230,HRTBDA,High Resolution Transformer Building Damage Assessment,xBD Transfer Learning,xBD pretrained HRTBDA checkpoint,HURRICANE-DELTA,TEXAS-TORNADOES,HURRICANE-DELTA + TEXAS-TORNADOES,TEXAS-TORNADOES,/homes/j244s673/documents/wsu/phd/dataset/HURRICANE-DELTA,/homes/j244s673/documents/wsu/phd/dataset/TEXAS-TORNADOES,/homes/j244s673/documents/wsu/phd/dataset/TEXAS-TORNADOES,train,val,test,"Initialize HRTBDA with xBD pretrained weights, fine-tune on HURRICANE-DELTA + TEXAS-TORNADOES, test on TEXAS-TORNADOES",,,,,,,,Not started,
HRTBDA_COMBO_0231,HRTBDA,High Resolution Transformer Building Damage Assessment,No Transfer Learning,Random initialization,HURRICANE-DELTA,TEXAS-TORNADOES,HURRICANE-DELTA + TEXAS-TORNADOES,TONGA-VOLCANO,/homes/j244s673/documents/wsu/phd/dataset/HURRICANE-DELTA,/homes/j244s673/documents/wsu/phd/dataset/TEXAS-TORNADOES,/homes/j244s673/documents/wsu/phd/dataset/TONGA-VOLCANO,train,val,test,"Train HRTBDA from scratch on HURRICANE-DELTA + TEXAS-TORNADOES, test on TONGA-VOLCANO",,,,,,,,Not started,
HRTBDA_COMBO_0232,HRTBDA,High Resolution Transformer Building Damage Assessment,xBD Transfer Learning,xBD pretrained HRTBDA checkpoint,HURRICANE-DELTA,TEXAS-TORNADOES,HURRICANE-DELTA + TEXAS-TORNADOES,TONGA-VOLCANO,/homes/j244s673/documents/wsu/phd/dataset/HURRICANE-DELTA,/homes/j244s673/documents/wsu/phd/dataset/TEXAS-TORNADOES,/homes/j244s673/documents/wsu/phd/dataset/TONGA-VOLCANO,train,val,test,"Initialize HRTBDA with xBD pretrained weights, fine-tune on HURRICANE-DELTA + TEXAS-TORNADOES, test on TONGA-VOLCANO",,,,,,,,Not started,
HRTBDA_COMBO_0233,HRTBDA,High Resolution Transformer Building Damage Assessment,No Transfer Learning,Random initialization,HURRICANE-DELTA,TEXAS-TORNADOES,HURRICANE-DELTA + TEXAS-TORNADOES,xBD,/homes/j244s673/documents/wsu/phd/dataset/HURRICANE-DELTA,/homes/j244s673/documents/wsu/phd/dataset/TEXAS-TORNADOES,/homes/j244s673/documents/wsu/phd/dataset/xBD,train,val,test,"Train HRTBDA from scratch on HURRICANE-DELTA + TEXAS-TORNADOES, test on xBD",,,,,,,,Not started,
HRTBDA_COMBO_0234,HRTBDA,High Resolution Transformer Building Damage Assessment,xBD Transfer Learning,xBD pretrained HRTBDA checkpoint,HURRICANE-DELTA,TEXAS-TORNADOES,HURRICANE-DELTA + TEXAS-TORNADOES,xBD,/homes/j244s673/documents/wsu/phd/dataset/HURRICANE-DELTA,/homes/j244s673/documents/wsu/phd/dataset/TEXAS-TORNADOES,/homes/j244s673/documents/wsu/phd/dataset/xBD,train,val,test,"Initialize HRTBDA with xBD pretrained weights, fine-tune on HURRICANE-DELTA + TEXAS-TORNADOES, test on xBD",,,,,,,,Not started,
HRTBDA_COMBO_0235,HRTBDA,High Resolution Transformer Building Damage Assessment,No Transfer Learning,Random initialization,HURRICANE-DELTA,TONGA-VOLCANO,HURRICANE-DELTA + TONGA-VOLCANO,EARTHQUAKE-TURKEY,/homes/j244s673/documents/wsu/phd/dataset/HURRICANE-DELTA,/homes/j244s673/documents/wsu/phd/dataset/TONGA-VOLCANO,/homes/j244s673/documents/wsu/phd/dataset/EARTHQUAKE-TURKEY,train,val,test,"Train HRTBDA from scratch on HURRICANE-DELTA + TONGA-VOLCANO, test on EARTHQUAKE-TURKEY",,,,,,,,Not started,
HRTBDA_COMBO_0236,HRTBDA,High Resolution Transformer Building Damage Assessment,xBD Transfer Learning,xBD pretrained HRTBDA checkpoint,HURRICANE-DELTA,TONGA-VOLCANO,HURRICANE-DELTA + TONGA-VOLCANO,EARTHQUAKE-TURKEY,/homes/j244s673/documents/wsu/phd/dataset/HURRICANE-DELTA,/homes/j244s673/documents/wsu/phd/dataset/TONGA-VOLCANO,/homes/j244s673/documents/wsu/phd/dataset/EARTHQUAKE-TURKEY,train,val,test,"Initialize HRTBDA with xBD pretrained weights, fine-tune on HURRICANE-DELTA + TONGA-VOLCANO, test on EARTHQUAKE-TURKEY",,,,,,,,Not started,
HRTBDA_COMBO_0237,HRTBDA,High Resolution Transformer Building Damage Assessment,No Transfer Learning,Random initialization,HURRICANE-DELTA,TONGA-VOLCANO,HURRICANE-DELTA + TONGA-VOLCANO,HURRICANE-DELTA,/homes/j244s673/documents/wsu/phd/dataset/HURRICANE-DELTA,/homes/j244s673/documents/wsu/phd/dataset/TONGA-VOLCANO,/homes/j244s673/documents/wsu/phd/dataset/HURRICANE-DELTA,train,val,test,"Train HRTBDA from scratch on HURRICANE-DELTA + TONGA-VOLCANO, test on HURRICANE-DELTA",,,,,,,,Not started,
HRTBDA_COMBO_0238,HRTBDA,High Resolution Transformer Building Damage Assessment,xBD Transfer Learning,xBD pretrained HRTBDA checkpoint,HURRICANE-DELTA,TONGA-VOLCANO,HURRICANE-DELTA + TONGA-VOLCANO,HURRICANE-DELTA,/homes/j244s673/documents/wsu/phd/dataset/HURRICANE-DELTA,/homes/j244s673/documents/wsu/phd/dataset/TONGA-VOLCANO,/homes/j244s673/documents/wsu/phd/dataset/HURRICANE-DELTA,train,val,test,"Initialize HRTBDA with xBD pretrained weights, fine-tune on HURRICANE-DELTA + TONGA-VOLCANO, test on HURRICANE-DELTA",,,,,,,,Not started,
HRTBDA_COMBO_0239,HRTBDA,High Resolution Transformer Building Damage Assessment,No Transfer Learning,Random initialization,HURRICANE-DELTA,TONGA-VOLCANO,HURRICANE-DELTA + TONGA-VOLCANO,HURRICANE-IAN,/homes/j244s673/documents/wsu/phd/dataset/HURRICANE-DELTA,/homes/j244s673/documents/wsu/phd/dataset/TONGA-VOLCANO,/homes/j244s673/documents/wsu/phd/dataset/HURRICANE-IAN,train,val,test,"Train HRTBDA from scratch on HURRICANE-DELTA + TONGA-VOLCANO, test on HURRICANE-IAN",,,,,,,,Not started,
HRTBDA_COMBO_0240,HRTBDA,High Resolution Transformer Building Damage Assessment,xBD Transfer Learning,xBD pretrained HRTBDA checkpoint,HURRICANE-DELTA,TONGA-VOLCANO,HURRICANE-DELTA + TONGA-VOLCANO,HURRICANE-IAN,/homes/j244s673/documents/wsu/phd/dataset/HURRICANE-DELTA,/homes/j244s673/documents/wsu/phd/dataset/TONGA-VOLCANO,/homes/j244s673/documents/wsu/phd/dataset/HURRICANE-IAN,train,val,test,"Initialize HRTBDA with xBD pretrained weights, fine-tune on HURRICANE-DELTA + TONGA-VOLCANO, test on HURRICANE-IAN",,,,,,,,Not started,
HRTBDA_COMBO_0241,HRTBDA,High Resolution Transformer Building Damage Assessment,No Transfer Learning,Random initialization,HURRICANE-DELTA,TONGA-VOLCANO,HURRICANE-DELTA + TONGA-VOLCANO,HURRICANE-LAURA,/homes/j244s673/documents/wsu/phd/dataset/HURRICANE-DELTA,/homes/j244s673/documents/wsu/phd/dataset/TONGA-VOLCANO,/homes/j244s673/documents/wsu/phd/dataset/HURRICANE-LAURA,train,val,test,"Train HRTBDA from scratch on HURRICANE-DELTA + TONGA-VOLCANO, test on HURRICANE-LAURA",,,,,,,,Not started,
HRTBDA_COMBO_0242,HRTBDA,High Resolution Transformer Building Damage Assessment,xBD Transfer Learning,xBD pretrained HRTBDA checkpoint,HURRICANE-DELTA,TONGA-VOLCANO,HURRICANE-DELTA + TONGA-VOLCANO,HURRICANE-LAURA,/homes/j244s673/documents/wsu/phd/dataset/HURRICANE-DELTA,/homes/j244s673/documents/wsu/phd/dataset/TONGA-VOLCANO,/homes/j244s673/documents/wsu/phd/dataset/HURRICANE-LAURA,train,val,test,"Initialize HRTBDA with xBD pretrained weights, fine-tune on HURRICANE-DELTA + TONGA-VOLCANO, test on HURRICANE-LAURA",,,,,,,,Not started,
HRTBDA_COMBO_0243,HRTBDA,High Resolution Transformer Building Damage Assessment,No Transfer Learning,Random initialization,HURRICANE-DELTA,TONGA-VOLCANO,HURRICANE-DELTA + TONGA-VOLCANO,MOUNT-SEMERU-ERUPTION,/homes/j244s673/documents/wsu/phd/dataset/HURRICANE-DELTA,/homes/j244s673/documents/wsu/phd/dataset/TONGA-VOLCANO,/homes/j244s673/documents/wsu/phd/dataset/MOUNT-SEMERU-ERUPTION,train,val,test,"Train HRTBDA from scratch on HURRICANE-DELTA + TONGA-VOLCANO, test on MOUNT-SEMERU-ERUPTION",,,,,,,,Not started,
HRTBDA_COMBO_0244,HRTBDA,High Resolution Transformer Building Damage Assessment,xBD Transfer Learning,xBD pretrained HRTBDA checkpoint,HURRICANE-DELTA,TONGA-VOLCANO,HURRICANE-DELTA + TONGA-VOLCANO,MOUNT-SEMERU-ERUPTION,/homes/j244s673/documents/wsu/phd/dataset/HURRICANE-DELTA,/homes/j244s673/documents/wsu/phd/dataset/TONGA-VOLCANO,/homes/j244s673/documents/wsu/phd/dataset/MOUNT-SEMERU-ERUPTION,train,val,test,"Initialize HRTBDA with xBD pretrained weights, fine-tune on HURRICANE-DELTA + TONGA-VOLCANO, test on MOUNT-SEMERU-ERUPTION",,,,,,,,Not started,
HRTBDA_COMBO_0245,HRTBDA,High Resolution Transformer Building Damage Assessment,No Transfer Learning,Random initialization,HURRICANE-DELTA,TONGA-VOLCANO,HURRICANE-DELTA + TONGA-VOLCANO,STVINCENT-VOLCANO,/homes/j244s673/documents/wsu/phd/dataset/HURRICANE-DELTA,/homes/j244s673/documents/wsu/phd/dataset/TONGA-VOLCANO,/homes/j244s673/documents/wsu/phd/dataset/STVINCENT-VOLCANO,train,val,test,"Train HRTBDA from scratch on HURRICANE-DELTA + TONGA-VOLCANO, test on STVINCENT-VOLCANO",,,,,,,,Not started,
HRTBDA_COMBO_0246,HRTBDA,High Resolution Transformer Building Damage Assessment,xBD Transfer Learning,xBD pretrained HRTBDA checkpoint,HURRICANE-DELTA,TONGA-VOLCANO,HURRICANE-DELTA + TONGA-VOLCANO,STVINCENT-VOLCANO,/homes/j244s673/documents/wsu/phd/dataset/HURRICANE-DELTA,/homes/j244s673/documents/wsu/phd/dataset/TONGA-VOLCANO,/homes/j244s673/documents/wsu/phd/dataset/STVINCENT-VOLCANO,train,val,test,"Initialize HRTBDA with xBD pretrained weights, fine-tune on HURRICANE-DELTA + TONGA-VOLCANO, test on STVINCENT-VOLCANO",,,,,,,,Not started,
HRTBDA_COMBO_0247,HRTBDA,High Resolution Transformer Building Damage Assessment,No Transfer Learning,Random initialization,HURRICANE-DELTA,TONGA-VOLCANO,HURRICANE-DELTA + TONGA-VOLCANO,TEXAS-TORNADOES,/homes/j244s673/documents/wsu/phd/dataset/HURRICANE-DELTA,/homes/j244s673/documents/wsu/phd/dataset/TONGA-VOLCANO,/homes/j244s673/documents/wsu/phd/dataset/TEXAS-TORNADOES,train,val,test,"Train HRTBDA from scratch on HURRICANE-DELTA + TONGA-VOLCANO, test on TEXAS-TORNADOES",,,,,,,,Not started,
HRTBDA_COMBO_0248,HRTBDA,High Resolution Transformer Building Damage Assessment,xBD Transfer Learning,xBD pretrained HRTBDA checkpoint,HURRICANE-DELTA,TONGA-VOLCANO,HURRICANE-DELTA + TONGA-VOLCANO,TEXAS-TORNADOES,/homes/j244s673/documents/wsu/phd/dataset/HURRICANE-DELTA,/homes/j244s673/documents/wsu/phd/dataset/TONGA-VOLCANO,/homes/j244s673/documents/wsu/phd/dataset/TEXAS-TORNADOES,train,val,test,"Initialize HRTBDA with xBD pretrained weights, fine-tune on HURRICANE-DELTA + TONGA-VOLCANO, test on TEXAS-TORNADOES",,,,,,,,Not started,
HRTBDA_COMBO_0249,HRTBDA,High Resolution Transformer Building Damage Assessment,No Transfer Learning,Random initialization,HURRICANE-DELTA,TONGA-VOLCANO,HURRICANE-DELTA + TONGA-VOLCANO,TONGA-VOLCANO,/homes/j244s673/documents/wsu/phd/dataset/HURRICANE-DELTA,/homes/j244s673/documents/wsu/phd/dataset/TONGA-VOLCANO,/homes/j244s673/documents/wsu/phd/dataset/TONGA-VOLCANO,train,val,test,"Train HRTBDA from scratch on HURRICANE-DELTA + TONGA-VOLCANO, test on TONGA-VOLCANO",,,,,,,,Not started,
HRTBDA_COMBO_0250,HRTBDA,High Resolution Transformer Building Damage Assessment,xBD Transfer Learning,xBD pretrained HRTBDA checkpoint,HURRICANE-DELTA,TONGA-VOLCANO,HURRICANE-DELTA + TONGA-VOLCANO,TONGA-VOLCANO,/homes/j244s673/documents/wsu/phd/dataset/HURRICANE-DELTA,/homes/j244s673/documents/wsu/phd/dataset/TONGA-VOLCANO,/homes/j244s673/documents/wsu/phd/dataset/TONGA-VOLCANO,train,val,test,"Initialize HRTBDA with xBD pretrained weights, fine-tune on HURRICANE-DELTA + TONGA-VOLCANO, test on TONGA-VOLCANO",,,,,,,,Not started,
HRTBDA_COMBO_0251,HRTBDA,High Resolution Transformer Building Damage Assessment,No Transfer Learning,Random initialization,HURRICANE-DELTA,TONGA-VOLCANO,HURRICANE-DELTA + TONGA-VOLCANO,xBD,/homes/j244s673/documents/wsu/phd/dataset/HURRICANE-DELTA,/homes/j244s673/documents/wsu/phd/dataset/TONGA-VOLCANO,/homes/j244s673/documents/wsu/phd/dataset/xBD,train,val,test,"Train HRTBDA from scratch on HURRICANE-DELTA + TONGA-VOLCANO, test on xBD",,,,,,,,Not started,
HRTBDA_COMBO_0252,HRTBDA,High Resolution Transformer Building Damage Assessment,xBD Transfer Learning,xBD pretrained HRTBDA checkpoint,HURRICANE-DELTA,TONGA-VOLCANO,HURRICANE-DELTA + TONGA-VOLCANO,xBD,/homes/j244s673/documents/wsu/phd/dataset/HURRICANE-DELTA,/homes/j244s673/documents/wsu/phd/dataset/TONGA-VOLCANO,/homes/j244s673/documents/wsu/phd/dataset/xBD,train,val,test,"Initialize HRTBDA with xBD pretrained weights, fine-tune on HURRICANE-DELTA + TONGA-VOLCANO, test on xBD",,,,,,,,Not started,
HRTBDA_COMBO_0253,HRTBDA,High Resolution Transformer Building Damage Assessment,No Transfer Learning,Random initialization,HURRICANE-DELTA,xBD,HURRICANE-DELTA + xBD,EARTHQUAKE-TURKEY,/homes/j244s673/documents/wsu/phd/dataset/HURRICANE-DELTA,/homes/j244s673/documents/wsu/phd/dataset/xBD,/homes/j244s673/documents/wsu/phd/dataset/EARTHQUAKE-TURKEY,train,val,test,"Train HRTBDA from scratch on HURRICANE-DELTA + xBD, test on EARTHQUAKE-TURKEY",,,,,,,,Not started,
HRTBDA_COMBO_0254,HRTBDA,High Resolution Transformer Building Damage Assessment,xBD Transfer Learning,xBD pretrained HRTBDA checkpoint,HURRICANE-DELTA,xBD,HURRICANE-DELTA + xBD,EARTHQUAKE-TURKEY,/homes/j244s673/documents/wsu/phd/dataset/HURRICANE-DELTA,/homes/j244s673/documents/wsu/phd/dataset/xBD,/homes/j244s673/documents/wsu/phd/dataset/EARTHQUAKE-TURKEY,train,val,test,"Initialize HRTBDA with xBD pretrained weights, fine-tune on HURRICANE-DELTA + xBD, test on EARTHQUAKE-TURKEY",,,,,,,,Not started,
HRTBDA_COMBO_0255,HRTBDA,High Resolution Transformer Building Damage Assessment,No Transfer Learning,Random initialization,HURRICANE-DELTA,xBD,HURRICANE-DELTA + xBD,HURRICANE-DELTA,/homes/j244s673/documents/wsu/phd/dataset/HURRICANE-DELTA,/homes/j244s673/documents/wsu/phd/dataset/xBD,/homes/j244s673/documents/wsu/phd/dataset/HURRICANE-DELTA,train,val,test,"Train HRTBDA from scratch on HURRICANE-DELTA + xBD, test on HURRICANE-DELTA",,,,,,,,Not started,
HRTBDA_COMBO_0256,HRTBDA,High Resolution Transformer Building Damage Assessment,xBD Transfer Learning,xBD pretrained HRTBDA checkpoint,HURRICANE-DELTA,xBD,HURRICANE-DELTA + xBD,HURRICANE-DELTA,/homes/j244s673/documents/wsu/phd/dataset/HURRICANE-DELTA,/homes/j244s673/documents/wsu/phd/dataset/xBD,/homes/j244s673/documents/wsu/phd/dataset/HURRICANE-DELTA,train,val,test,"Initialize HRTBDA with xBD pretrained weights, fine-tune on HURRICANE-DELTA + xBD, test on HURRICANE-DELTA",,,,,,,,Not started,
HRTBDA_COMBO_0257,HRTBDA,High Resolution Transformer Building Damage Assessment,No Transfer Learning,Random initialization,HURRICANE-DELTA,xBD,HURRICANE-DELTA + xBD,HURRICANE-IAN,/homes/j244s673/documents/wsu/phd/dataset/HURRICANE-DELTA,/homes/j244s673/documents/wsu/phd/dataset/xBD,/homes/j244s673/documents/wsu/phd/dataset/HURRICANE-IAN,train,val,test,"Train HRTBDA from scratch on HURRICANE-DELTA + xBD, test on HURRICANE-IAN",,,,,,,,Not started,
HRTBDA_COMBO_0258,HRTBDA,High Resolution Transformer Building Damage Assessment,xBD Transfer Learning,xBD pretrained HRTBDA checkpoint,HURRICANE-DELTA,xBD,HURRICANE-DELTA + xBD,HURRICANE-IAN,/homes/j244s673/documents/wsu/phd/dataset/HURRICANE-DELTA,/homes/j244s673/documents/wsu/phd/dataset/xBD,/homes/j244s673/documents/wsu/phd/dataset/HURRICANE-IAN,train,val,test,"Initialize HRTBDA with xBD pretrained weights, fine-tune on HURRICANE-DELTA + xBD, test on HURRICANE-IAN",,,,,,,,Not started,
HRTBDA_COMBO_0259,HRTBDA,High Resolution Transformer Building Damage Assessment,No Transfer Learning,Random initialization,HURRICANE-DELTA,xBD,HURRICANE-DELTA + xBD,HURRICANE-LAURA,/homes/j244s673/documents/wsu/phd/dataset/HURRICANE-DELTA,/homes/j244s673/documents/wsu/phd/dataset/xBD,/homes/j244s673/documents/wsu/phd/dataset/HURRICANE-LAURA,train,val,test,"Train HRTBDA from scratch on HURRICANE-DELTA + xBD, test on HURRICANE-LAURA",,,,,,,,Not started,
HRTBDA_COMBO_0260,HRTBDA,High Resolution Transformer Building Damage Assessment,xBD Transfer Learning,xBD pretrained HRTBDA checkpoint,HURRICANE-DELTA,xBD,HURRICANE-DELTA + xBD,HURRICANE-LAURA,/homes/j244s673/documents/wsu/phd/dataset/HURRICANE-DELTA,/homes/j244s673/documents/wsu/phd/dataset/xBD,/homes/j244s673/documents/wsu/phd/dataset/HURRICANE-LAURA,train,val,test,"Initialize HRTBDA with xBD pretrained weights, fine-tune on HURRICANE-DELTA + xBD, test on HURRICANE-LAURA",,,,,,,,Not started,
HRTBDA_COMBO_0261,HRTBDA,High Resolution Transformer Building Damage Assessment,No Transfer Learning,Random initialization,HURRICANE-DELTA,xBD,HURRICANE-DELTA + xBD,MOUNT-SEMERU-ERUPTION,/homes/j244s673/documents/wsu/phd/dataset/HURRICANE-DELTA,/homes/j244s673/documents/wsu/phd/dataset/xBD,/homes/j244s673/documents/wsu/phd/dataset/MOUNT-SEMERU-ERUPTION,train,val,test,"Train HRTBDA from scratch on HURRICANE-DELTA + xBD, test on MOUNT-SEMERU-ERUPTION",,,,,,,,Not started,
HRTBDA_COMBO_0262,HRTBDA,High Resolution Transformer Building Damage Assessment,xBD Transfer Learning,xBD pretrained HRTBDA checkpoint,HURRICANE-DELTA,xBD,HURRICANE-DELTA + xBD,MOUNT-SEMERU-ERUPTION,/homes/j244s673/documents/wsu/phd/dataset/HURRICANE-DELTA,/homes/j244s673/documents/wsu/phd/dataset/xBD,/homes/j244s673/documents/wsu/phd/dataset/MOUNT-SEMERU-ERUPTION,train,val,test,"Initialize HRTBDA with xBD pretrained weights, fine-tune on HURRICANE-DELTA + xBD, test on MOUNT-SEMERU-ERUPTION",,,,,,,,Not started,
HRTBDA_COMBO_0263,HRTBDA,High Resolution Transformer Building Damage Assessment,No Transfer Learning,Random initialization,HURRICANE-DELTA,xBD,HURRICANE-DELTA + xBD,STVINCENT-VOLCANO,/homes/j244s673/documents/wsu/phd/dataset/HURRICANE-DELTA,/homes/j244s673/documents/wsu/phd/dataset/xBD,/homes/j244s673/documents/wsu/phd/dataset/STVINCENT-VOLCANO,train,val,test,"Train HRTBDA from scratch on HURRICANE-DELTA + xBD, test on STVINCENT-VOLCANO",,,,,,,,Not started,
HRTBDA_COMBO_0264,HRTBDA,High Resolution Transformer Building Damage Assessment,xBD Transfer Learning,xBD pretrained HRTBDA checkpoint,HURRICANE-DELTA,xBD,HURRICANE-DELTA + xBD,STVINCENT-VOLCANO,/homes/j244s673/documents/wsu/phd/dataset/HURRICANE-DELTA,/homes/j244s673/documents/wsu/phd/dataset/xBD,/homes/j244s673/documents/wsu/phd/dataset/STVINCENT-VOLCANO,train,val,test,"Initialize HRTBDA with xBD pretrained weights, fine-tune on HURRICANE-DELTA + xBD, test on STVINCENT-VOLCANO",,,,,,,,Not started,
HRTBDA_COMBO_0265,HRTBDA,High Resolution Transformer Building Damage Assessment,No Transfer Learning,Random initialization,HURRICANE-DELTA,xBD,HURRICANE-DELTA + xBD,TEXAS-TORNADOES,/homes/j244s673/documents/wsu/phd/dataset/HURRICANE-DELTA,/homes/j244s673/documents/wsu/phd/dataset/xBD,/homes/j244s673/documents/wsu/phd/dataset/TEXAS-TORNADOES,train,val,test,"Train HRTBDA from scratch on HURRICANE-DELTA + xBD, test on TEXAS-TORNADOES",,,,,,,,Not started,
HRTBDA_COMBO_0266,HRTBDA,High Resolution Transformer Building Damage Assessment,xBD Transfer Learning,xBD pretrained HRTBDA checkpoint,HURRICANE-DELTA,xBD,HURRICANE-DELTA + xBD,TEXAS-TORNADOES,/homes/j244s673/documents/wsu/phd/dataset/HURRICANE-DELTA,/homes/j244s673/documents/wsu/phd/dataset/xBD,/homes/j244s673/documents/wsu/phd/dataset/TEXAS-TORNADOES,train,val,test,"Initialize HRTBDA with xBD pretrained weights, fine-tune on HURRICANE-DELTA + xBD, test on TEXAS-TORNADOES",,,,,,,,Not started,
HRTBDA_COMBO_0267,HRTBDA,High Resolution Transformer Building Damage Assessment,No Transfer Learning,Random initialization,HURRICANE-DELTA,xBD,HURRICANE-DELTA + xBD,TONGA-VOLCANO,/homes/j244s673/documents/wsu/phd/dataset/HURRICANE-DELTA,/homes/j244s673/documents/wsu/phd/dataset/xBD,/homes/j244s673/documents/wsu/phd/dataset/TONGA-VOLCANO,train,val,test,"Train HRTBDA from scratch on HURRICANE-DELTA + xBD, test on TONGA-VOLCANO",,,,,,,,Not started,
HRTBDA_COMBO_0268,HRTBDA,High Resolution Transformer Building Damage Assessment,xBD Transfer Learning,xBD pretrained HRTBDA checkpoint,HURRICANE-DELTA,xBD,HURRICANE-DELTA + xBD,TONGA-VOLCANO,/homes/j244s673/documents/wsu/phd/dataset/HURRICANE-DELTA,/homes/j244s673/documents/wsu/phd/dataset/xBD,/homes/j244s673/documents/wsu/phd/dataset/TONGA-VOLCANO,train,val,test,"Initialize HRTBDA with xBD pretrained weights, fine-tune on HURRICANE-DELTA + xBD, test on TONGA-VOLCANO",,,,,,,,Not started,
HRTBDA_COMBO_0269,HRTBDA,High Resolution Transformer Building Damage Assessment,No Transfer Learning,Random initialization,HURRICANE-DELTA,xBD,HURRICANE-DELTA + xBD,xBD,/homes/j244s673/documents/wsu/phd/dataset/HURRICANE-DELTA,/homes/j244s673/documents/wsu/phd/dataset/xBD,/homes/j244s673/documents/wsu/phd/dataset/xBD,train,val,test,"Train HRTBDA from scratch on HURRICANE-DELTA + xBD, test on xBD",,,,,,,,Not started,
HRTBDA_COMBO_0270,HRTBDA,High Resolution Transformer Building Damage Assessment,xBD Transfer Learning,xBD pretrained HRTBDA checkpoint,HURRICANE-DELTA,xBD,HURRICANE-DELTA + xBD,xBD,/homes/j244s673/documents/wsu/phd/dataset/HURRICANE-DELTA,/homes/j244s673/documents/wsu/phd/dataset/xBD,/homes/j244s673/documents/wsu/phd/dataset/xBD,train,val,test,"Initialize HRTBDA with xBD pretrained weights, fine-tune on HURRICANE-DELTA + xBD, test on xBD",,,,,,,,Not started,
HRTBDA_COMBO_0271,HRTBDA,High Resolution Transformer Building Damage Assessment,No Transfer Learning,Random initialization,HURRICANE-IAN,HURRICANE-LAURA,HURRICANE-IAN + HURRICANE-LAURA,EARTHQUAKE-TURKEY,/homes/j244s673/documents/wsu/phd/dataset/HURRICANE-IAN,/homes/j244s673/documents/wsu/phd/dataset/HURRICANE-LAURA,/homes/j244s673/documents/wsu/phd/dataset/EARTHQUAKE-TURKEY,train,val,test,"Train HRTBDA from scratch on HURRICANE-IAN + HURRICANE-LAURA, test on EARTHQUAKE-TURKEY",,,,,,,,Not started,
HRTBDA_COMBO_0272,HRTBDA,High Resolution Transformer Building Damage Assessment,xBD Transfer Learning,xBD pretrained HRTBDA checkpoint,HURRICANE-IAN,HURRICANE-LAURA,HURRICANE-IAN + HURRICANE-LAURA,EARTHQUAKE-TURKEY,/homes/j244s673/documents/wsu/phd/dataset/HURRICANE-IAN,/homes/j244s673/documents/wsu/phd/dataset/HURRICANE-LAURA,/homes/j244s673/documents/wsu/phd/dataset/EARTHQUAKE-TURKEY,train,val,test,"Initialize HRTBDA with xBD pretrained weights, fine-tune on HURRICANE-IAN + HURRICANE-LAURA, test on EARTHQUAKE-TURKEY",,,,,,,,Not started,
HRTBDA_COMBO_0273,HRTBDA,High Resolution Transformer Building Damage Assessment,No Transfer Learning,Random initialization,HURRICANE-IAN,HURRICANE-LAURA,HURRICANE-IAN + HURRICANE-LAURA,HURRICANE-DELTA,/homes/j244s673/documents/wsu/phd/dataset/HURRICANE-IAN,/homes/j244s673/documents/wsu/phd/dataset/HURRICANE-LAURA,/homes/j244s673/documents/wsu/phd/dataset/HURRICANE-DELTA,train,val,test,"Train HRTBDA from scratch on HURRICANE-IAN + HURRICANE-LAURA, test on HURRICANE-DELTA",,,,,,,,Not started,
HRTBDA_COMBO_0274,HRTBDA,High Resolution Transformer Building Damage Assessment,xBD Transfer Learning,xBD pretrained HRTBDA checkpoint,HURRICANE-IAN,HURRICANE-LAURA,HURRICANE-IAN + HURRICANE-LAURA,HURRICANE-DELTA,/homes/j244s673/documents/wsu/phd/dataset/HURRICANE-IAN,/homes/j244s673/documents/wsu/phd/dataset/HURRICANE-LAURA,/homes/j244s673/documents/wsu/phd/dataset/HURRICANE-DELTA,train,val,test,"Initialize HRTBDA with xBD pretrained weights, fine-tune on HURRICANE-IAN + HURRICANE-LAURA, test on HURRICANE-DELTA",,,,,,,,Not started,
HRTBDA_COMBO_0275,HRTBDA,High Resolution Transformer Building Damage Assessment,No Transfer Learning,Random initialization,HURRICANE-IAN,HURRICANE-LAURA,HURRICANE-IAN + HURRICANE-LAURA,HURRICANE-IAN,/homes/j244s673/documents/wsu/phd/dataset/HURRICANE-IAN,/homes/j244s673/documents/wsu/phd/dataset/HURRICANE-LAURA,/homes/j244s673/documents/wsu/phd/dataset/HURRICANE-IAN,train,val,test,"Train HRTBDA from scratch on HURRICANE-IAN + HURRICANE-LAURA, test on HURRICANE-IAN",,,,,,,,Not started,
HRTBDA_COMBO_0276,HRTBDA,High Resolution Transformer Building Damage Assessment,xBD Transfer Learning,xBD pretrained HRTBDA checkpoint,HURRICANE-IAN,HURRICANE-LAURA,HURRICANE-IAN + HURRICANE-LAURA,HURRICANE-IAN,/homes/j244s673/documents/wsu/phd/dataset/HURRICANE-IAN,/homes/j244s673/documents/wsu/phd/dataset/HURRICANE-LAURA,/homes/j244s673/documents/wsu/phd/dataset/HURRICANE-IAN,train,val,test,"Initialize HRTBDA with xBD pretrained weights, fine-tune on HURRICANE-IAN + HURRICANE-LAURA, test on HURRICANE-IAN",,,,,,,,Not started,
HRTBDA_COMBO_0277,HRTBDA,High Resolution Transformer Building Damage Assessment,No Transfer Learning,Random initialization,HURRICANE-IAN,HURRICANE-LAURA,HURRICANE-IAN + HURRICANE-LAURA,HURRICANE-LAURA,/homes/j244s673/documents/wsu/phd/dataset/HURRICANE-IAN,/homes/j244s673/documents/wsu/phd/dataset/HURRICANE-LAURA,/homes/j244s673/documents/wsu/phd/dataset/HURRICANE-LAURA,train,val,test,"Train HRTBDA from scratch on HURRICANE-IAN + HURRICANE-LAURA, test on HURRICANE-LAURA",,,,,,,,Not started,
HRTBDA_COMBO_0278,HRTBDA,High Resolution Transformer Building Damage Assessment,xBD Transfer Learning,xBD pretrained HRTBDA checkpoint,HURRICANE-IAN,HURRICANE-LAURA,HURRICANE-IAN + HURRICANE-LAURA,HURRICANE-LAURA,/homes/j244s673/documents/wsu/phd/dataset/HURRICANE-IAN,/homes/j244s673/documents/wsu/phd/dataset/HURRICANE-LAURA,/homes/j244s673/documents/wsu/phd/dataset/HURRICANE-LAURA,train,val,test,"Initialize HRTBDA with xBD pretrained weights, fine-tune on HURRICANE-IAN + HURRICANE-LAURA, test on HURRICANE-LAURA",,,,,,,,Not started,
HRTBDA_COMBO_0279,HRTBDA,High Resolution Transformer Building Damage Assessment,No Transfer Learning,Random initialization,HURRICANE-IAN,HURRICANE-LAURA,HURRICANE-IAN + HURRICANE-LAURA,MOUNT-SEMERU-ERUPTION,/homes/j244s673/documents/wsu/phd/dataset/HURRICANE-IAN,/homes/j244s673/documents/wsu/phd/dataset/HURRICANE-LAURA,/homes/j244s673/documents/wsu/phd/dataset/MOUNT-SEMERU-ERUPTION,train,val,test,"Train HRTBDA from scratch on HURRICANE-IAN + HURRICANE-LAURA, test on MOUNT-SEMERU-ERUPTION",,,,,,,,Not started,
HRTBDA_COMBO_0280,HRTBDA,High Resolution Transformer Building Damage Assessment,xBD Transfer Learning,xBD pretrained HRTBDA checkpoint,HURRICANE-IAN,HURRICANE-LAURA,HURRICANE-IAN + HURRICANE-LAURA,MOUNT-SEMERU-ERUPTION,/homes/j244s673/documents/wsu/phd/dataset/HURRICANE-IAN,/homes/j244s673/documents/wsu/phd/dataset/HURRICANE-LAURA,/homes/j244s673/documents/wsu/phd/dataset/MOUNT-SEMERU-ERUPTION,train,val,test,"Initialize HRTBDA with xBD pretrained weights, fine-tune on HURRICANE-IAN + HURRICANE-LAURA, test on MOUNT-SEMERU-ERUPTION",,,,,,,,Not started,
HRTBDA_COMBO_0281,HRTBDA,High Resolution Transformer Building Damage Assessment,No Transfer Learning,Random initialization,HURRICANE-IAN,HURRICANE-LAURA,HURRICANE-IAN + HURRICANE-LAURA,STVINCENT-VOLCANO,/homes/j244s673/documents/wsu/phd/dataset/HURRICANE-IAN,/homes/j244s673/documents/wsu/phd/dataset/HURRICANE-LAURA,/homes/j244s673/documents/wsu/phd/dataset/STVINCENT-VOLCANO,train,val,test,"Train HRTBDA from scratch on HURRICANE-IAN + HURRICANE-LAURA, test on STVINCENT-VOLCANO",,,,,,,,Not started,
HRTBDA_COMBO_0282,HRTBDA,High Resolution Transformer Building Damage Assessment,xBD Transfer Learning,xBD pretrained HRTBDA checkpoint,HURRICANE-IAN,HURRICANE-LAURA,HURRICANE-IAN + HURRICANE-LAURA,STVINCENT-VOLCANO,/homes/j244s673/documents/wsu/phd/dataset/HURRICANE-IAN,/homes/j244s673/documents/wsu/phd/dataset/HURRICANE-LAURA,/homes/j244s673/documents/wsu/phd/dataset/STVINCENT-VOLCANO,train,val,test,"Initialize HRTBDA with xBD pretrained weights, fine-tune on HURRICANE-IAN + HURRICANE-LAURA, test on STVINCENT-VOLCANO",,,,,,,,Not started,
HRTBDA_COMBO_0283,HRTBDA,High Resolution Transformer Building Damage Assessment,No Transfer Learning,Random initialization,HURRICANE-IAN,HURRICANE-LAURA,HURRICANE-IAN + HURRICANE-LAURA,TEXAS-TORNADOES,/homes/j244s673/documents/wsu/phd/dataset/HURRICANE-IAN,/homes/j244s673/documents/wsu/phd/dataset/HURRICANE-LAURA,/homes/j244s673/documents/wsu/phd/dataset/TEXAS-TORNADOES,train,val,test,"Train HRTBDA from scratch on HURRICANE-IAN + HURRICANE-LAURA, test on TEXAS-TORNADOES",,,,,,,,Not started,
HRTBDA_COMBO_0284,HRTBDA,High Resolution Transformer Building Damage Assessment,xBD Transfer Learning,xBD pretrained HRTBDA checkpoint,HURRICANE-IAN,HURRICANE-LAURA,HURRICANE-IAN + HURRICANE-LAURA,TEXAS-TORNADOES,/homes/j244s673/documents/wsu/phd/dataset/HURRICANE-IAN,/homes/j244s673/documents/wsu/phd/dataset/HURRICANE-LAURA,/homes/j244s673/documents/wsu/phd/dataset/TEXAS-TORNADOES,train,val,test,"Initialize HRTBDA with xBD pretrained weights, fine-tune on HURRICANE-IAN + HURRICANE-LAURA, test on TEXAS-TORNADOES",,,,,,,,Not started,
HRTBDA_COMBO_0285,HRTBDA,High Resolution Transformer Building Damage Assessment,No Transfer Learning,Random initialization,HURRICANE-IAN,HURRICANE-LAURA,HURRICANE-IAN + HURRICANE-LAURA,TONGA-VOLCANO,/homes/j244s673/documents/wsu/phd/dataset/HURRICANE-IAN,/homes/j244s673/documents/wsu/phd/dataset/HURRICANE-LAURA,/homes/j244s673/documents/wsu/phd/dataset/TONGA-VOLCANO,train,val,test,"Train HRTBDA from scratch on HURRICANE-IAN + HURRICANE-LAURA, test on TONGA-VOLCANO",,,,,,,,Not started,
HRTBDA_COMBO_0286,HRTBDA,High Resolution Transformer Building Damage Assessment,xBD Transfer Learning,xBD pretrained HRTBDA checkpoint,HURRICANE-IAN,HURRICANE-LAURA,HURRICANE-IAN + HURRICANE-LAURA,TONGA-VOLCANO,/homes/j244s673/documents/wsu/phd/dataset/HURRICANE-IAN,/homes/j244s673/documents/wsu/phd/dataset/HURRICANE-LAURA,/homes/j244s673/documents/wsu/phd/dataset/TONGA-VOLCANO,train,val,test,"Initialize HRTBDA with xBD pretrained weights, fine-tune on HURRICANE-IAN + HURRICANE-LAURA, test on TONGA-VOLCANO",,,,,,,,Not started,
HRTBDA_COMBO_0287,HRTBDA,High Resolution Transformer Building Damage Assessment,No Transfer Learning,Random initialization,HURRICANE-IAN,HURRICANE-LAURA,HURRICANE-IAN + HURRICANE-LAURA,xBD,/homes/j244s673/documents/wsu/phd/dataset/HURRICANE-IAN,/homes/j244s673/documents/wsu/phd/dataset/HURRICANE-LAURA,/homes/j244s673/documents/wsu/phd/dataset/xBD,train,val,test,"Train HRTBDA from scratch on HURRICANE-IAN + HURRICANE-LAURA, test on xBD",,,,,,,,Not started,
HRTBDA_COMBO_0288,HRTBDA,High Resolution Transformer Building Damage Assessment,xBD Transfer Learning,xBD pretrained HRTBDA checkpoint,HURRICANE-IAN,HURRICANE-LAURA,HURRICANE-IAN + HURRICANE-LAURA,xBD,/homes/j244s673/documents/wsu/phd/dataset/HURRICANE-IAN,/homes/j244s673/documents/wsu/phd/dataset/HURRICANE-LAURA,/homes/j244s673/documents/wsu/phd/dataset/xBD,train,val,test,"Initialize HRTBDA with xBD pretrained weights, fine-tune on HURRICANE-IAN + HURRICANE-LAURA, test on xBD",,,,,,,,Not started,
HRTBDA_COMBO_0289,HRTBDA,High Resolution Transformer Building Damage Assessment,No Transfer Learning,Random initialization,HURRICANE-IAN,MOUNT-SEMERU-ERUPTION,HURRICANE-IAN + MOUNT-SEMERU-ERUPTION,EARTHQUAKE-TURKEY,/homes/j244s673/documents/wsu/phd/dataset/HURRICANE-IAN,/homes/j244s673/documents/wsu/phd/dataset/MOUNT-SEMERU-ERUPTION,/homes/j244s673/documents/wsu/phd/dataset/EARTHQUAKE-TURKEY,train,val,test,"Train HRTBDA from scratch on HURRICANE-IAN + MOUNT-SEMERU-ERUPTION, test on EARTHQUAKE-TURKEY",,,,,,,,Not started,
HRTBDA_COMBO_0290,HRTBDA,High Resolution Transformer Building Damage Assessment,xBD Transfer Learning,xBD pretrained HRTBDA checkpoint,HURRICANE-IAN,MOUNT-SEMERU-ERUPTION,HURRICANE-IAN + MOUNT-SEMERU-ERUPTION,EARTHQUAKE-TURKEY,/homes/j244s673/documents/wsu/phd/dataset/HURRICANE-IAN,/homes/j244s673/documents/wsu/phd/dataset/MOUNT-SEMERU-ERUPTION,/homes/j244s673/documents/wsu/phd/dataset/EARTHQUAKE-TURKEY,train,val,test,"Initialize HRTBDA with xBD pretrained weights, fine-tune on HURRICANE-IAN + MOUNT-SEMERU-ERUPTION, test on EARTHQUAKE-TURKEY",,,,,,,,Not started,
HRTBDA_COMBO_0291,HRTBDA,High Resolution Transformer Building Damage Assessment,No Transfer Learning,Random initialization,HURRICANE-IAN,MOUNT-SEMERU-ERUPTION,HURRICANE-IAN + MOUNT-SEMERU-ERUPTION,HURRICANE-DELTA,/homes/j244s673/documents/wsu/phd/dataset/HURRICANE-IAN,/homes/j244s673/documents/wsu/phd/dataset/MOUNT-SEMERU-ERUPTION,/homes/j244s673/documents/wsu/phd/dataset/HURRICANE-DELTA,train,val,test,"Train HRTBDA from scratch on HURRICANE-IAN + MOUNT-SEMERU-ERUPTION, test on HURRICANE-DELTA",,,,,,,,Not started,
HRTBDA_COMBO_0292,HRTBDA,High Resolution Transformer Building Damage Assessment,xBD Transfer Learning,xBD pretrained HRTBDA checkpoint,HURRICANE-IAN,MOUNT-SEMERU-ERUPTION,HURRICANE-IAN + MOUNT-SEMERU-ERUPTION,HURRICANE-DELTA,/homes/j244s673/documents/wsu/phd/dataset/HURRICANE-IAN,/homes/j244s673/documents/wsu/phd/dataset/MOUNT-SEMERU-ERUPTION,/homes/j244s673/documents/wsu/phd/dataset/HURRICANE-DELTA,train,val,test,"Initialize HRTBDA with xBD pretrained weights, fine-tune on HURRICANE-IAN + MOUNT-SEMERU-ERUPTION, test on HURRICANE-DELTA",,,,,,,,Not started,
HRTBDA_COMBO_0293,HRTBDA,High Resolution Transformer Building Damage Assessment,No Transfer Learning,Random initialization,HURRICANE-IAN,MOUNT-SEMERU-ERUPTION,HURRICANE-IAN + MOUNT-SEMERU-ERUPTION,HURRICANE-IAN,/homes/j244s673/documents/wsu/phd/dataset/HURRICANE-IAN,/homes/j244s673/documents/wsu/phd/dataset/MOUNT-SEMERU-ERUPTION,/homes/j244s673/documents/wsu/phd/dataset/HURRICANE-IAN,train,val,test,"Train HRTBDA from scratch on HURRICANE-IAN + MOUNT-SEMERU-ERUPTION, test on HURRICANE-IAN",,,,,,,,Not started,
HRTBDA_COMBO_0294,HRTBDA,High Resolution Transformer Building Damage Assessment,xBD Transfer Learning,xBD pretrained HRTBDA checkpoint,HURRICANE-IAN,MOUNT-SEMERU-ERUPTION,HURRICANE-IAN + MOUNT-SEMERU-ERUPTION,HURRICANE-IAN,/homes/j244s673/documents/wsu/phd/dataset/HURRICANE-IAN,/homes/j244s673/documents/wsu/phd/dataset/MOUNT-SEMERU-ERUPTION,/homes/j244s673/documents/wsu/phd/dataset/HURRICANE-IAN,train,val,test,"Initialize HRTBDA with xBD pretrained weights, fine-tune on HURRICANE-IAN + MOUNT-SEMERU-ERUPTION, test on HURRICANE-IAN",,,,,,,,Not started,
HRTBDA_COMBO_0295,HRTBDA,High Resolution Transformer Building Damage Assessment,No Transfer Learning,Random initialization,HURRICANE-IAN,MOUNT-SEMERU-ERUPTION,HURRICANE-IAN + MOUNT-SEMERU-ERUPTION,HURRICANE-LAURA,/homes/j244s673/documents/wsu/phd/dataset/HURRICANE-IAN,/homes/j244s673/documents/wsu/phd/dataset/MOUNT-SEMERU-ERUPTION,/homes/j244s673/documents/wsu/phd/dataset/HURRICANE-LAURA,train,val,test,"Train HRTBDA from scratch on HURRICANE-IAN + MOUNT-SEMERU-ERUPTION, test on HURRICANE-LAURA",,,,,,,,Not started,
HRTBDA_COMBO_0296,HRTBDA,High Resolution Transformer Building Damage Assessment,xBD Transfer Learning,xBD pretrained HRTBDA checkpoint,HURRICANE-IAN,MOUNT-SEMERU-ERUPTION,HURRICANE-IAN + MOUNT-SEMERU-ERUPTION,HURRICANE-LAURA,/homes/j244s673/documents/wsu/phd/dataset/HURRICANE-IAN,/homes/j244s673/documents/wsu/phd/dataset/MOUNT-SEMERU-ERUPTION,/homes/j244s673/documents/wsu/phd/dataset/HURRICANE-LAURA,train,val,test,"Initialize HRTBDA with xBD pretrained weights, fine-tune on HURRICANE-IAN + MOUNT-SEMERU-ERUPTION, test on HURRICANE-LAURA",,,,,,,,Not started,
HRTBDA_COMBO_0297,HRTBDA,High Resolution Transformer Building Damage Assessment,No Transfer Learning,Random initialization,HURRICANE-IAN,MOUNT-SEMERU-ERUPTION,HURRICANE-IAN + MOUNT-SEMERU-ERUPTION,MOUNT-SEMERU-ERUPTION,/homes/j244s673/documents/wsu/phd/dataset/HURRICANE-IAN,/homes/j244s673/documents/wsu/phd/dataset/MOUNT-SEMERU-ERUPTION,/homes/j244s673/documents/wsu/phd/dataset/MOUNT-SEMERU-ERUPTION,train,val,test,"Train HRTBDA from scratch on HURRICANE-IAN + MOUNT-SEMERU-ERUPTION, test on MOUNT-SEMERU-ERUPTION",,,,,,,,Not started,
HRTBDA_COMBO_0298,HRTBDA,High Resolution Transformer Building Damage Assessment,xBD Transfer Learning,xBD pretrained HRTBDA checkpoint,HURRICANE-IAN,MOUNT-SEMERU-ERUPTION,HURRICANE-IAN + MOUNT-SEMERU-ERUPTION,MOUNT-SEMERU-ERUPTION,/homes/j244s673/documents/wsu/phd/dataset/HURRICANE-IAN,/homes/j244s673/documents/wsu/phd/dataset/MOUNT-SEMERU-ERUPTION,/homes/j244s673/documents/wsu/phd/dataset/MOUNT-SEMERU-ERUPTION,train,val,test,"Initialize HRTBDA with xBD pretrained weights, fine-tune on HURRICANE-IAN + MOUNT-SEMERU-ERUPTION, test on MOUNT-SEMERU-ERUPTION",,,,,,,,Not started,
HRTBDA_COMBO_0299,HRTBDA,High Resolution Transformer Building Damage Assessment,No Transfer Learning,Random initialization,HURRICANE-IAN,MOUNT-SEMERU-ERUPTION,HURRICANE-IAN + MOUNT-SEMERU-ERUPTION,STVINCENT-VOLCANO,/homes/j244s673/documents/wsu/phd/dataset/HURRICANE-IAN,/homes/j244s673/documents/wsu/phd/dataset/MOUNT-SEMERU-ERUPTION,/homes/j244s673/documents/wsu/phd/dataset/STVINCENT-VOLCANO,train,val,test,"Train HRTBDA from scratch on HURRICANE-IAN + MOUNT-SEMERU-ERUPTION, test on STVINCENT-VOLCANO",,,,,,,,Not started,
HRTBDA_COMBO_0300,HRTBDA,High Resolution Transformer Building Damage Assessment,xBD Transfer Learning,xBD pretrained HRTBDA checkpoint,HURRICANE-IAN,MOUNT-SEMERU-ERUPTION,HURRICANE-IAN + MOUNT-SEMERU-ERUPTION,STVINCENT-VOLCANO,/homes/j244s673/documents/wsu/phd/dataset/HURRICANE-IAN,/homes/j244s673/documents/wsu/phd/dataset/MOUNT-SEMERU-ERUPTION,/homes/j244s673/documents/wsu/phd/dataset/STVINCENT-VOLCANO,train,val,test,"Initialize HRTBDA with xBD pretrained weights, fine-tune on HURRICANE-IAN + MOUNT-SEMERU-ERUPTION, test on STVINCENT-VOLCANO",,,,,,,,Not started,
HRTBDA_COMBO_0301,HRTBDA,High Resolution Transformer Building Damage Assessment,No Transfer Learning,Random initialization,HURRICANE-IAN,MOUNT-SEMERU-ERUPTION,HURRICANE-IAN + MOUNT-SEMERU-ERUPTION,TEXAS-TORNADOES,/homes/j244s673/documents/wsu/phd/dataset/HURRICANE-IAN,/homes/j244s673/documents/wsu/phd/dataset/MOUNT-SEMERU-ERUPTION,/homes/j244s673/documents/wsu/phd/dataset/TEXAS-TORNADOES,train,val,test,"Train HRTBDA from scratch on HURRICANE-IAN + MOUNT-SEMERU-ERUPTION, test on TEXAS-TORNADOES",,,,,,,,Not started,
HRTBDA_COMBO_0302,HRTBDA,High Resolution Transformer Building Damage Assessment,xBD Transfer Learning,xBD pretrained HRTBDA checkpoint,HURRICANE-IAN,MOUNT-SEMERU-ERUPTION,HURRICANE-IAN + MOUNT-SEMERU-ERUPTION,TEXAS-TORNADOES,/homes/j244s673/documents/wsu/phd/dataset/HURRICANE-IAN,/homes/j244s673/documents/wsu/phd/dataset/MOUNT-SEMERU-ERUPTION,/homes/j244s673/documents/wsu/phd/dataset/TEXAS-TORNADOES,train,val,test,"Initialize HRTBDA with xBD pretrained weights, fine-tune on HURRICANE-IAN + MOUNT-SEMERU-ERUPTION, test on TEXAS-TORNADOES",,,,,,,,Not started,
HRTBDA_COMBO_0303,HRTBDA,High Resolution Transformer Building Damage Assessment,No Transfer Learning,Random initialization,HURRICANE-IAN,MOUNT-SEMERU-ERUPTION,HURRICANE-IAN + MOUNT-SEMERU-ERUPTION,TONGA-VOLCANO,/homes/j244s673/documents/wsu/phd/dataset/HURRICANE-IAN,/homes/j244s673/documents/wsu/phd/dataset/MOUNT-SEMERU-ERUPTION,/homes/j244s673/documents/wsu/phd/dataset/TONGA-VOLCANO,train,val,test,"Train HRTBDA from scratch on HURRICANE-IAN + MOUNT-SEMERU-ERUPTION, test on TONGA-VOLCANO",,,,,,,,Not started,
HRTBDA_COMBO_0304,HRTBDA,High Resolution Transformer Building Damage Assessment,xBD Transfer Learning,xBD pretrained HRTBDA checkpoint,HURRICANE-IAN,MOUNT-SEMERU-ERUPTION,HURRICANE-IAN + MOUNT-SEMERU-ERUPTION,TONGA-VOLCANO,/homes/j244s673/documents/wsu/phd/dataset/HURRICANE-IAN,/homes/j244s673/documents/wsu/phd/dataset/MOUNT-SEMERU-ERUPTION,/homes/j244s673/documents/wsu/phd/dataset/TONGA-VOLCANO,train,val,test,"Initialize HRTBDA with xBD pretrained weights, fine-tune on HURRICANE-IAN + MOUNT-SEMERU-ERUPTION, test on TONGA-VOLCANO",,,,,,,,Not started,
HRTBDA_COMBO_0305,HRTBDA,High Resolution Transformer Building Damage Assessment,No Transfer Learning,Random initialization,HURRICANE-IAN,MOUNT-SEMERU-ERUPTION,HURRICANE-IAN + MOUNT-SEMERU-ERUPTION,xBD,/homes/j244s673/documents/wsu/phd/dataset/HURRICANE-IAN,/homes/j244s673/documents/wsu/phd/dataset/MOUNT-SEMERU-ERUPTION,/homes/j244s673/documents/wsu/phd/dataset/xBD,train,val,test,"Train HRTBDA from scratch on HURRICANE-IAN + MOUNT-SEMERU-ERUPTION, test on xBD",,,,,,,,Not started,
HRTBDA_COMBO_0306,HRTBDA,High Resolution Transformer Building Damage Assessment,xBD Transfer Learning,xBD pretrained HRTBDA checkpoint,HURRICANE-IAN,MOUNT-SEMERU-ERUPTION,HURRICANE-IAN + MOUNT-SEMERU-ERUPTION,xBD,/homes/j244s673/documents/wsu/phd/dataset/HURRICANE-IAN,/homes/j244s673/documents/wsu/phd/dataset/MOUNT-SEMERU-ERUPTION,/homes/j244s673/documents/wsu/phd/dataset/xBD,train,val,test,"Initialize HRTBDA with xBD pretrained weights, fine-tune on HURRICANE-IAN + MOUNT-SEMERU-ERUPTION, test on xBD",,,,,,,,Not started,
HRTBDA_COMBO_0307,HRTBDA,High Resolution Transformer Building Damage Assessment,No Transfer Learning,Random initialization,HURRICANE-IAN,STVINCENT-VOLCANO,HURRICANE-IAN + STVINCENT-VOLCANO,EARTHQUAKE-TURKEY,/homes/j244s673/documents/wsu/phd/dataset/HURRICANE-IAN,/homes/j244s673/documents/wsu/phd/dataset/STVINCENT-VOLCANO,/homes/j244s673/documents/wsu/phd/dataset/EARTHQUAKE-TURKEY,train,val,test,"Train HRTBDA from scratch on HURRICANE-IAN + STVINCENT-VOLCANO, test on EARTHQUAKE-TURKEY",,,,,,,,Not started,
HRTBDA_COMBO_0308,HRTBDA,High Resolution Transformer Building Damage Assessment,xBD Transfer Learning,xBD pretrained HRTBDA checkpoint,HURRICANE-IAN,STVINCENT-VOLCANO,HURRICANE-IAN + STVINCENT-VOLCANO,EARTHQUAKE-TURKEY,/homes/j244s673/documents/wsu/phd/dataset/HURRICANE-IAN,/homes/j244s673/documents/wsu/phd/dataset/STVINCENT-VOLCANO,/homes/j244s673/documents/wsu/phd/dataset/EARTHQUAKE-TURKEY,train,val,test,"Initialize HRTBDA with xBD pretrained weights, fine-tune on HURRICANE-IAN + STVINCENT-VOLCANO, test on EARTHQUAKE-TURKEY",,,,,,,,Not started,
HRTBDA_COMBO_0309,HRTBDA,High Resolution Transformer Building Damage Assessment,No Transfer Learning,Random initialization,HURRICANE-IAN,STVINCENT-VOLCANO,HURRICANE-IAN + STVINCENT-VOLCANO,HURRICANE-DELTA,/homes/j244s673/documents/wsu/phd/dataset/HURRICANE-IAN,/homes/j244s673/documents/wsu/phd/dataset/STVINCENT-VOLCANO,/homes/j244s673/documents/wsu/phd/dataset/HURRICANE-DELTA,train,val,test,"Train HRTBDA from scratch on HURRICANE-IAN + STVINCENT-VOLCANO, test on HURRICANE-DELTA",,,,,,,,Not started,
HRTBDA_COMBO_0310,HRTBDA,High Resolution Transformer Building Damage Assessment,xBD Transfer Learning,xBD pretrained HRTBDA checkpoint,HURRICANE-IAN,STVINCENT-VOLCANO,HURRICANE-IAN + STVINCENT-VOLCANO,HURRICANE-DELTA,/homes/j244s673/documents/wsu/phd/dataset/HURRICANE-IAN,/homes/j244s673/documents/wsu/phd/dataset/STVINCENT-VOLCANO,/homes/j244s673/documents/wsu/phd/dataset/HURRICANE-DELTA,train,val,test,"Initialize HRTBDA with xBD pretrained weights, fine-tune on HURRICANE-IAN + STVINCENT-VOLCANO, test on HURRICANE-DELTA",,,,,,,,Not started,
HRTBDA_COMBO_0311,HRTBDA,High Resolution Transformer Building Damage Assessment,No Transfer Learning,Random initialization,HURRICANE-IAN,STVINCENT-VOLCANO,HURRICANE-IAN + STVINCENT-VOLCANO,HURRICANE-IAN,/homes/j244s673/documents/wsu/phd/dataset/HURRICANE-IAN,/homes/j244s673/documents/wsu/phd/dataset/STVINCENT-VOLCANO,/homes/j244s673/documents/wsu/phd/dataset/HURRICANE-IAN,train,val,test,"Train HRTBDA from scratch on HURRICANE-IAN + STVINCENT-VOLCANO, test on HURRICANE-IAN",,,,,,,,Not started,
HRTBDA_COMBO_0312,HRTBDA,High Resolution Transformer Building Damage Assessment,xBD Transfer Learning,xBD pretrained HRTBDA checkpoint,HURRICANE-IAN,STVINCENT-VOLCANO,HURRICANE-IAN + STVINCENT-VOLCANO,HURRICANE-IAN,/homes/j244s673/documents/wsu/phd/dataset/HURRICANE-IAN,/homes/j244s673/documents/wsu/phd/dataset/STVINCENT-VOLCANO,/homes/j244s673/documents/wsu/phd/dataset/HURRICANE-IAN,train,val,test,"Initialize HRTBDA with xBD pretrained weights, fine-tune on HURRICANE-IAN + STVINCENT-VOLCANO, test on HURRICANE-IAN",,,,,,,,Not started,
HRTBDA_COMBO_0313,HRTBDA,High Resolution Transformer Building Damage Assessment,No Transfer Learning,Random initialization,HURRICANE-IAN,STVINCENT-VOLCANO,HURRICANE-IAN + STVINCENT-VOLCANO,HURRICANE-LAURA,/homes/j244s673/documents/wsu/phd/dataset/HURRICANE-IAN,/homes/j244s673/documents/wsu/phd/dataset/STVINCENT-VOLCANO,/homes/j244s673/documents/wsu/phd/dataset/HURRICANE-LAURA,train,val,test,"Train HRTBDA from scratch on HURRICANE-IAN + STVINCENT-VOLCANO, test on HURRICANE-LAURA",,,,,,,,Not started,
HRTBDA_COMBO_0314,HRTBDA,High Resolution Transformer Building Damage Assessment,xBD Transfer Learning,xBD pretrained HRTBDA checkpoint,HURRICANE-IAN,STVINCENT-VOLCANO,HURRICANE-IAN + STVINCENT-VOLCANO,HURRICANE-LAURA,/homes/j244s673/documents/wsu/phd/dataset/HURRICANE-IAN,/homes/j244s673/documents/wsu/phd/dataset/STVINCENT-VOLCANO,/homes/j244s673/documents/wsu/phd/dataset/HURRICANE-LAURA,train,val,test,"Initialize HRTBDA with xBD pretrained weights, fine-tune on HURRICANE-IAN + STVINCENT-VOLCANO, test on HURRICANE-LAURA",,,,,,,,Not started,
HRTBDA_COMBO_0315,HRTBDA,High Resolution Transformer Building Damage Assessment,No Transfer Learning,Random initialization,HURRICANE-IAN,STVINCENT-VOLCANO,HURRICANE-IAN + STVINCENT-VOLCANO,MOUNT-SEMERU-ERUPTION,/homes/j244s673/documents/wsu/phd/dataset/HURRICANE-IAN,/homes/j244s673/documents/wsu/phd/dataset/STVINCENT-VOLCANO,/homes/j244s673/documents/wsu/phd/dataset/MOUNT-SEMERU-ERUPTION,train,val,test,"Train HRTBDA from scratch on HURRICANE-IAN + STVINCENT-VOLCANO, test on MOUNT-SEMERU-ERUPTION",,,,,,,,Not started,
HRTBDA_COMBO_0316,HRTBDA,High Resolution Transformer Building Damage Assessment,xBD Transfer Learning,xBD pretrained HRTBDA checkpoint,HURRICANE-IAN,STVINCENT-VOLCANO,HURRICANE-IAN + STVINCENT-VOLCANO,MOUNT-SEMERU-ERUPTION,/homes/j244s673/documents/wsu/phd/dataset/HURRICANE-IAN,/homes/j244s673/documents/wsu/phd/dataset/STVINCENT-VOLCANO,/homes/j244s673/documents/wsu/phd/dataset/MOUNT-SEMERU-ERUPTION,train,val,test,"Initialize HRTBDA with xBD pretrained weights, fine-tune on HURRICANE-IAN + STVINCENT-VOLCANO, test on MOUNT-SEMERU-ERUPTION",,,,,,,,Not started,
HRTBDA_COMBO_0317,HRTBDA,High Resolution Transformer Building Damage Assessment,No Transfer Learning,Random initialization,HURRICANE-IAN,STVINCENT-VOLCANO,HURRICANE-IAN + STVINCENT-VOLCANO,STVINCENT-VOLCANO,/homes/j244s673/documents/wsu/phd/dataset/HURRICANE-IAN,/homes/j244s673/documents/wsu/phd/dataset/STVINCENT-VOLCANO,/homes/j244s673/documents/wsu/phd/dataset/STVINCENT-VOLCANO,train,val,test,"Train HRTBDA from scratch on HURRICANE-IAN + STVINCENT-VOLCANO, test on STVINCENT-VOLCANO",,,,,,,,Not started,
HRTBDA_COMBO_0318,HRTBDA,High Resolution Transformer Building Damage Assessment,xBD Transfer Learning,xBD pretrained HRTBDA checkpoint,HURRICANE-IAN,STVINCENT-VOLCANO,HURRICANE-IAN + STVINCENT-VOLCANO,STVINCENT-VOLCANO,/homes/j244s673/documents/wsu/phd/dataset/HURRICANE-IAN,/homes/j244s673/documents/wsu/phd/dataset/STVINCENT-VOLCANO,/homes/j244s673/documents/wsu/phd/dataset/STVINCENT-VOLCANO,train,val,test,"Initialize HRTBDA with xBD pretrained weights, fine-tune on HURRICANE-IAN + STVINCENT-VOLCANO, test on STVINCENT-VOLCANO",,,,,,,,Not started,
HRTBDA_COMBO_0319,HRTBDA,High Resolution Transformer Building Damage Assessment,No Transfer Learning,Random initialization,HURRICANE-IAN,STVINCENT-VOLCANO,HURRICANE-IAN + STVINCENT-VOLCANO,TEXAS-TORNADOES,/homes/j244s673/documents/wsu/phd/dataset/HURRICANE-IAN,/homes/j244s673/documents/wsu/phd/dataset/STVINCENT-VOLCANO,/homes/j244s673/documents/wsu/phd/dataset/TEXAS-TORNADOES,train,val,test,"Train HRTBDA from scratch on HURRICANE-IAN + STVINCENT-VOLCANO, test on TEXAS-TORNADOES",,,,,,,,Not started,
HRTBDA_COMBO_0320,HRTBDA,High Resolution Transformer Building Damage Assessment,xBD Transfer Learning,xBD pretrained HRTBDA checkpoint,HURRICANE-IAN,STVINCENT-VOLCANO,HURRICANE-IAN + STVINCENT-VOLCANO,TEXAS-TORNADOES,/homes/j244s673/documents/wsu/phd/dataset/HURRICANE-IAN,/homes/j244s673/documents/wsu/phd/dataset/STVINCENT-VOLCANO,/homes/j244s673/documents/wsu/phd/dataset/TEXAS-TORNADOES,train,val,test,"Initialize HRTBDA with xBD pretrained weights, fine-tune on HURRICANE-IAN + STVINCENT-VOLCANO, test on TEXAS-TORNADOES",,,,,,,,Not started,
HRTBDA_COMBO_0321,HRTBDA,High Resolution Transformer Building Damage Assessment,No Transfer Learning,Random initialization,HURRICANE-IAN,STVINCENT-VOLCANO,HURRICANE-IAN + STVINCENT-VOLCANO,TONGA-VOLCANO,/homes/j244s673/documents/wsu/phd/dataset/HURRICANE-IAN,/homes/j244s673/documents/wsu/phd/dataset/STVINCENT-VOLCANO,/homes/j244s673/documents/wsu/phd/dataset/TONGA-VOLCANO,train,val,test,"Train HRTBDA from scratch on HURRICANE-IAN + STVINCENT-VOLCANO, test on TONGA-VOLCANO",,,,,,,,Not started,
HRTBDA_COMBO_0322,HRTBDA,High Resolution Transformer Building Damage Assessment,xBD Transfer Learning,xBD pretrained HRTBDA checkpoint,HURRICANE-IAN,STVINCENT-VOLCANO,HURRICANE-IAN + STVINCENT-VOLCANO,TONGA-VOLCANO,/homes/j244s673/documents/wsu/phd/dataset/HURRICANE-IAN,/homes/j244s673/documents/wsu/phd/dataset/STVINCENT-VOLCANO,/homes/j244s673/documents/wsu/phd/dataset/TONGA-VOLCANO,train,val,test,"Initialize HRTBDA with xBD pretrained weights, fine-tune on HURRICANE-IAN + STVINCENT-VOLCANO, test on TONGA-VOLCANO",,,,,,,,Not started,
HRTBDA_COMBO_0323,HRTBDA,High Resolution Transformer Building Damage Assessment,No Transfer Learning,Random initialization,HURRICANE-IAN,STVINCENT-VOLCANO,HURRICANE-IAN + STVINCENT-VOLCANO,xBD,/homes/j244s673/documents/wsu/phd/dataset/HURRICANE-IAN,/homes/j244s673/documents/wsu/phd/dataset/STVINCENT-VOLCANO,/homes/j244s673/documents/wsu/phd/dataset/xBD,train,val,test,"Train HRTBDA from scratch on HURRICANE-IAN + STVINCENT-VOLCANO, test on xBD",,,,,,,,Not started,
HRTBDA_COMBO_0324,HRTBDA,High Resolution Transformer Building Damage Assessment,xBD Transfer Learning,xBD pretrained HRTBDA checkpoint,HURRICANE-IAN,STVINCENT-VOLCANO,HURRICANE-IAN + STVINCENT-VOLCANO,xBD,/homes/j244s673/documents/wsu/phd/dataset/HURRICANE-IAN,/homes/j244s673/documents/wsu/phd/dataset/STVINCENT-VOLCANO,/homes/j244s673/documents/wsu/phd/dataset/xBD,train,val,test,"Initialize HRTBDA with xBD pretrained weights, fine-tune on HURRICANE-IAN + STVINCENT-VOLCANO, test on xBD",,,,,,,,Not started,
HRTBDA_COMBO_0325,HRTBDA,High Resolution Transformer Building Damage Assessment,No Transfer Learning,Random initialization,HURRICANE-IAN,TEXAS-TORNADOES,HURRICANE-IAN + TEXAS-TORNADOES,EARTHQUAKE-TURKEY,/homes/j244s673/documents/wsu/phd/dataset/HURRICANE-IAN,/homes/j244s673/documents/wsu/phd/dataset/TEXAS-TORNADOES,/homes/j244s673/documents/wsu/phd/dataset/EARTHQUAKE-TURKEY,train,val,test,"Train HRTBDA from scratch on HURRICANE-IAN + TEXAS-TORNADOES, test on EARTHQUAKE-TURKEY",,,,,,,,Not started,
HRTBDA_COMBO_0326,HRTBDA,High Resolution Transformer Building Damage Assessment,xBD Transfer Learning,xBD pretrained HRTBDA checkpoint,HURRICANE-IAN,TEXAS-TORNADOES,HURRICANE-IAN + TEXAS-TORNADOES,EARTHQUAKE-TURKEY,/homes/j244s673/documents/wsu/phd/dataset/HURRICANE-IAN,/homes/j244s673/documents/wsu/phd/dataset/TEXAS-TORNADOES,/homes/j244s673/documents/wsu/phd/dataset/EARTHQUAKE-TURKEY,train,val,test,"Initialize HRTBDA with xBD pretrained weights, fine-tune on HURRICANE-IAN + TEXAS-TORNADOES, test on EARTHQUAKE-TURKEY",,,,,,,,Not started,
HRTBDA_COMBO_0327,HRTBDA,High Resolution Transformer Building Damage Assessment,No Transfer Learning,Random initialization,HURRICANE-IAN,TEXAS-TORNADOES,HURRICANE-IAN + TEXAS-TORNADOES,HURRICANE-DELTA,/homes/j244s673/documents/wsu/phd/dataset/HURRICANE-IAN,/homes/j244s673/documents/wsu/phd/dataset/TEXAS-TORNADOES,/homes/j244s673/documents/wsu/phd/dataset/HURRICANE-DELTA,train,val,test,"Train HRTBDA from scratch on HURRICANE-IAN + TEXAS-TORNADOES, test on HURRICANE-DELTA",,,,,,,,Not started,
HRTBDA_COMBO_0328,HRTBDA,High Resolution Transformer Building Damage Assessment,xBD Transfer Learning,xBD pretrained HRTBDA checkpoint,HURRICANE-IAN,TEXAS-TORNADOES,HURRICANE-IAN + TEXAS-TORNADOES,HURRICANE-DELTA,/homes/j244s673/documents/wsu/phd/dataset/HURRICANE-IAN,/homes/j244s673/documents/wsu/phd/dataset/TEXAS-TORNADOES,/homes/j244s673/documents/wsu/phd/dataset/HURRICANE-DELTA,train,val,test,"Initialize HRTBDA with xBD pretrained weights, fine-tune on HURRICANE-IAN + TEXAS-TORNADOES, test on HURRICANE-DELTA",,,,,,,,Not started,
HRTBDA_COMBO_0329,HRTBDA,High Resolution Transformer Building Damage Assessment,No Transfer Learning,Random initialization,HURRICANE-IAN,TEXAS-TORNADOES,HURRICANE-IAN + TEXAS-TORNADOES,HURRICANE-IAN,/homes/j244s673/documents/wsu/phd/dataset/HURRICANE-IAN,/homes/j244s673/documents/wsu/phd/dataset/TEXAS-TORNADOES,/homes/j244s673/documents/wsu/phd/dataset/HURRICANE-IAN,train,val,test,"Train HRTBDA from scratch on HURRICANE-IAN + TEXAS-TORNADOES, test on HURRICANE-IAN",,,,,,,,Not started,
HRTBDA_COMBO_0330,HRTBDA,High Resolution Transformer Building Damage Assessment,xBD Transfer Learning,xBD pretrained HRTBDA checkpoint,HURRICANE-IAN,TEXAS-TORNADOES,HURRICANE-IAN + TEXAS-TORNADOES,HURRICANE-IAN,/homes/j244s673/documents/wsu/phd/dataset/HURRICANE-IAN,/homes/j244s673/documents/wsu/phd/dataset/TEXAS-TORNADOES,/homes/j244s673/documents/wsu/phd/dataset/HURRICANE-IAN,train,val,test,"Initialize HRTBDA with xBD pretrained weights, fine-tune on HURRICANE-IAN + TEXAS-TORNADOES, test on HURRICANE-IAN",,,,,,,,Not started,
HRTBDA_COMBO_0331,HRTBDA,High Resolution Transformer Building Damage Assessment,No Transfer Learning,Random initialization,HURRICANE-IAN,TEXAS-TORNADOES,HURRICANE-IAN + TEXAS-TORNADOES,HURRICANE-LAURA,/homes/j244s673/documents/wsu/phd/dataset/HURRICANE-IAN,/homes/j244s673/documents/wsu/phd/dataset/TEXAS-TORNADOES,/homes/j244s673/documents/wsu/phd/dataset/HURRICANE-LAURA,train,val,test,"Train HRTBDA from scratch on HURRICANE-IAN + TEXAS-TORNADOES, test on HURRICANE-LAURA",,,,,,,,Not started,
HRTBDA_COMBO_0332,HRTBDA,High Resolution Transformer Building Damage Assessment,xBD Transfer Learning,xBD pretrained HRTBDA checkpoint,HURRICANE-IAN,TEXAS-TORNADOES,HURRICANE-IAN + TEXAS-TORNADOES,HURRICANE-LAURA,/homes/j244s673/documents/wsu/phd/dataset/HURRICANE-IAN,/homes/j244s673/documents/wsu/phd/dataset/TEXAS-TORNADOES,/homes/j244s673/documents/wsu/phd/dataset/HURRICANE-LAURA,train,val,test,"Initialize HRTBDA with xBD pretrained weights, fine-tune on HURRICANE-IAN + TEXAS-TORNADOES, test on HURRICANE-LAURA",,,,,,,,Not started,
HRTBDA_COMBO_0333,HRTBDA,High Resolution Transformer Building Damage Assessment,No Transfer Learning,Random initialization,HURRICANE-IAN,TEXAS-TORNADOES,HURRICANE-IAN + TEXAS-TORNADOES,MOUNT-SEMERU-ERUPTION,/homes/j244s673/documents/wsu/phd/dataset/HURRICANE-IAN,/homes/j244s673/documents/wsu/phd/dataset/TEXAS-TORNADOES,/homes/j244s673/documents/wsu/phd/dataset/MOUNT-SEMERU-ERUPTION,train,val,test,"Train HRTBDA from scratch on HURRICANE-IAN + TEXAS-TORNADOES, test on MOUNT-SEMERU-ERUPTION",,,,,,,,Not started,
HRTBDA_COMBO_0334,HRTBDA,High Resolution Transformer Building Damage Assessment,xBD Transfer Learning,xBD pretrained HRTBDA checkpoint,HURRICANE-IAN,TEXAS-TORNADOES,HURRICANE-IAN + TEXAS-TORNADOES,MOUNT-SEMERU-ERUPTION,/homes/j244s673/documents/wsu/phd/dataset/HURRICANE-IAN,/homes/j244s673/documents/wsu/phd/dataset/TEXAS-TORNADOES,/homes/j244s673/documents/wsu/phd/dataset/MOUNT-SEMERU-ERUPTION,train,val,test,"Initialize HRTBDA with xBD pretrained weights, fine-tune on HURRICANE-IAN + TEXAS-TORNADOES, test on MOUNT-SEMERU-ERUPTION",,,,,,,,Not started,
HRTBDA_COMBO_0335,HRTBDA,High Resolution Transformer Building Damage Assessment,No Transfer Learning,Random initialization,HURRICANE-IAN,TEXAS-TORNADOES,HURRICANE-IAN + TEXAS-TORNADOES,STVINCENT-VOLCANO,/homes/j244s673/documents/wsu/phd/dataset/HURRICANE-IAN,/homes/j244s673/documents/wsu/phd/dataset/TEXAS-TORNADOES,/homes/j244s673/documents/wsu/phd/dataset/STVINCENT-VOLCANO,train,val,test,"Train HRTBDA from scratch on HURRICANE-IAN + TEXAS-TORNADOES, test on STVINCENT-VOLCANO",,,,,,,,Not started,
HRTBDA_COMBO_0336,HRTBDA,High Resolution Transformer Building Damage Assessment,xBD Transfer Learning,xBD pretrained HRTBDA checkpoint,HURRICANE-IAN,TEXAS-TORNADOES,HURRICANE-IAN + TEXAS-TORNADOES,STVINCENT-VOLCANO,/homes/j244s673/documents/wsu/phd/dataset/HURRICANE-IAN,/homes/j244s673/documents/wsu/phd/dataset/TEXAS-TORNADOES,/homes/j244s673/documents/wsu/phd/dataset/STVINCENT-VOLCANO,train,val,test,"Initialize HRTBDA with xBD pretrained weights, fine-tune on HURRICANE-IAN + TEXAS-TORNADOES, test on STVINCENT-VOLCANO",,,,,,,,Not started,
HRTBDA_COMBO_0337,HRTBDA,High Resolution Transformer Building Damage Assessment,No Transfer Learning,Random initialization,HURRICANE-IAN,TEXAS-TORNADOES,HURRICANE-IAN + TEXAS-TORNADOES,TEXAS-TORNADOES,/homes/j244s673/documents/wsu/phd/dataset/HURRICANE-IAN,/homes/j244s673/documents/wsu/phd/dataset/TEXAS-TORNADOES,/homes/j244s673/documents/wsu/phd/dataset/TEXAS-TORNADOES,train,val,test,"Train HRTBDA from scratch on HURRICANE-IAN + TEXAS-TORNADOES, test on TEXAS-TORNADOES",,,,,,,,Not started,
HRTBDA_COMBO_0338,HRTBDA,High Resolution Transformer Building Damage Assessment,xBD Transfer Learning,xBD pretrained HRTBDA checkpoint,HURRICANE-IAN,TEXAS-TORNADOES,HURRICANE-IAN + TEXAS-TORNADOES,TEXAS-TORNADOES,/homes/j244s673/documents/wsu/phd/dataset/HURRICANE-IAN,/homes/j244s673/documents/wsu/phd/dataset/TEXAS-TORNADOES,/homes/j244s673/documents/wsu/phd/dataset/TEXAS-TORNADOES,train,val,test,"Initialize HRTBDA with xBD pretrained weights, fine-tune on HURRICANE-IAN + TEXAS-TORNADOES, test on TEXAS-TORNADOES",,,,,,,,Not started,
HRTBDA_COMBO_0339,HRTBDA,High Resolution Transformer Building Damage Assessment,No Transfer Learning,Random initialization,HURRICANE-IAN,TEXAS-TORNADOES,HURRICANE-IAN + TEXAS-TORNADOES,TONGA-VOLCANO,/homes/j244s673/documents/wsu/phd/dataset/HURRICANE-IAN,/homes/j244s673/documents/wsu/phd/dataset/TEXAS-TORNADOES,/homes/j244s673/documents/wsu/phd/dataset/TONGA-VOLCANO,train,val,test,"Train HRTBDA from scratch on HURRICANE-IAN + TEXAS-TORNADOES, test on TONGA-VOLCANO",,,,,,,,Not started,
HRTBDA_COMBO_0340,HRTBDA,High Resolution Transformer Building Damage Assessment,xBD Transfer Learning,xBD pretrained HRTBDA checkpoint,HURRICANE-IAN,TEXAS-TORNADOES,HURRICANE-IAN + TEXAS-TORNADOES,TONGA-VOLCANO,/homes/j244s673/documents/wsu/phd/dataset/HURRICANE-IAN,/homes/j244s673/documents/wsu/phd/dataset/TEXAS-TORNADOES,/homes/j244s673/documents/wsu/phd/dataset/TONGA-VOLCANO,train,val,test,"Initialize HRTBDA with xBD pretrained weights, fine-tune on HURRICANE-IAN + TEXAS-TORNADOES, test on TONGA-VOLCANO",,,,,,,,Not started,
HRTBDA_COMBO_0341,HRTBDA,High Resolution Transformer Building Damage Assessment,No Transfer Learning,Random initialization,HURRICANE-IAN,TEXAS-TORNADOES,HURRICANE-IAN + TEXAS-TORNADOES,xBD,/homes/j244s673/documents/wsu/phd/dataset/HURRICANE-IAN,/homes/j244s673/documents/wsu/phd/dataset/TEXAS-TORNADOES,/homes/j244s673/documents/wsu/phd/dataset/xBD,train,val,test,"Train HRTBDA from scratch on HURRICANE-IAN + TEXAS-TORNADOES, test on xBD",,,,,,,,Not started,
HRTBDA_COMBO_0342,HRTBDA,High Resolution Transformer Building Damage Assessment,xBD Transfer Learning,xBD pretrained HRTBDA checkpoint,HURRICANE-IAN,TEXAS-TORNADOES,HURRICANE-IAN + TEXAS-TORNADOES,xBD,/homes/j244s673/documents/wsu/phd/dataset/HURRICANE-IAN,/homes/j244s673/documents/wsu/phd/dataset/TEXAS-TORNADOES,/homes/j244s673/documents/wsu/phd/dataset/xBD,train,val,test,"Initialize HRTBDA with xBD pretrained weights, fine-tune on HURRICANE-IAN + TEXAS-TORNADOES, test on xBD",,,,,,,,Not started,
HRTBDA_COMBO_0343,HRTBDA,High Resolution Transformer Building Damage Assessment,No Transfer Learning,Random initialization,HURRICANE-IAN,TONGA-VOLCANO,HURRICANE-IAN + TONGA-VOLCANO,EARTHQUAKE-TURKEY,/homes/j244s673/documents/wsu/phd/dataset/HURRICANE-IAN,/homes/j244s673/documents/wsu/phd/dataset/TONGA-VOLCANO,/homes/j244s673/documents/wsu/phd/dataset/EARTHQUAKE-TURKEY,train,val,test,"Train HRTBDA from scratch on HURRICANE-IAN + TONGA-VOLCANO, test on EARTHQUAKE-TURKEY",,,,,,,,Not started,
HRTBDA_COMBO_0344,HRTBDA,High Resolution Transformer Building Damage Assessment,xBD Transfer Learning,xBD pretrained HRTBDA checkpoint,HURRICANE-IAN,TONGA-VOLCANO,HURRICANE-IAN + TONGA-VOLCANO,EARTHQUAKE-TURKEY,/homes/j244s673/documents/wsu/phd/dataset/HURRICANE-IAN,/homes/j244s673/documents/wsu/phd/dataset/TONGA-VOLCANO,/homes/j244s673/documents/wsu/phd/dataset/EARTHQUAKE-TURKEY,train,val,test,"Initialize HRTBDA with xBD pretrained weights, fine-tune on HURRICANE-IAN + TONGA-VOLCANO, test on EARTHQUAKE-TURKEY",,,,,,,,Not started,
HRTBDA_COMBO_0345,HRTBDA,High Resolution Transformer Building Damage Assessment,No Transfer Learning,Random initialization,HURRICANE-IAN,TONGA-VOLCANO,HURRICANE-IAN + TONGA-VOLCANO,HURRICANE-DELTA,/homes/j244s673/documents/wsu/phd/dataset/HURRICANE-IAN,/homes/j244s673/documents/wsu/phd/dataset/TONGA-VOLCANO,/homes/j244s673/documents/wsu/phd/dataset/HURRICANE-DELTA,train,val,test,"Train HRTBDA from scratch on HURRICANE-IAN + TONGA-VOLCANO, test on HURRICANE-DELTA",,,,,,,,Not started,
HRTBDA_COMBO_0346,HRTBDA,High Resolution Transformer Building Damage Assessment,xBD Transfer Learning,xBD pretrained HRTBDA checkpoint,HURRICANE-IAN,TONGA-VOLCANO,HURRICANE-IAN + TONGA-VOLCANO,HURRICANE-DELTA,/homes/j244s673/documents/wsu/phd/dataset/HURRICANE-IAN,/homes/j244s673/documents/wsu/phd/dataset/TONGA-VOLCANO,/homes/j244s673/documents/wsu/phd/dataset/HURRICANE-DELTA,train,val,test,"Initialize HRTBDA with xBD pretrained weights, fine-tune on HURRICANE-IAN + TONGA-VOLCANO, test on HURRICANE-DELTA",,,,,,,,Not started,
HRTBDA_COMBO_0347,HRTBDA,High Resolution Transformer Building Damage Assessment,No Transfer Learning,Random initialization,HURRICANE-IAN,TONGA-VOLCANO,HURRICANE-IAN + TONGA-VOLCANO,HURRICANE-IAN,/homes/j244s673/documents/wsu/phd/dataset/HURRICANE-IAN,/homes/j244s673/documents/wsu/phd/dataset/TONGA-VOLCANO,/homes/j244s673/documents/wsu/phd/dataset/HURRICANE-IAN,train,val,test,"Train HRTBDA from scratch on HURRICANE-IAN + TONGA-VOLCANO, test on HURRICANE-IAN",,,,,,,,Not started,
HRTBDA_COMBO_0348,HRTBDA,High Resolution Transformer Building Damage Assessment,xBD Transfer Learning,xBD pretrained HRTBDA checkpoint,HURRICANE-IAN,TONGA-VOLCANO,HURRICANE-IAN + TONGA-VOLCANO,HURRICANE-IAN,/homes/j244s673/documents/wsu/phd/dataset/HURRICANE-IAN,/homes/j244s673/documents/wsu/phd/dataset/TONGA-VOLCANO,/homes/j244s673/documents/wsu/phd/dataset/HURRICANE-IAN,train,val,test,"Initialize HRTBDA with xBD pretrained weights, fine-tune on HURRICANE-IAN + TONGA-VOLCANO, test on HURRICANE-IAN",,,,,,,,Not started,
HRTBDA_COMBO_0349,HRTBDA,High Resolution Transformer Building Damage Assessment,No Transfer Learning,Random initialization,HURRICANE-IAN,TONGA-VOLCANO,HURRICANE-IAN + TONGA-VOLCANO,HURRICANE-LAURA,/homes/j244s673/documents/wsu/phd/dataset/HURRICANE-IAN,/homes/j244s673/documents/wsu/phd/dataset/TONGA-VOLCANO,/homes/j244s673/documents/wsu/phd/dataset/HURRICANE-LAURA,train,val,test,"Train HRTBDA from scratch on HURRICANE-IAN + TONGA-VOLCANO, test on HURRICANE-LAURA",,,,,,,,Not started,
HRTBDA_COMBO_0350,HRTBDA,High Resolution Transformer Building Damage Assessment,xBD Transfer Learning,xBD pretrained HRTBDA checkpoint,HURRICANE-IAN,TONGA-VOLCANO,HURRICANE-IAN + TONGA-VOLCANO,HURRICANE-LAURA,/homes/j244s673/documents/wsu/phd/dataset/HURRICANE-IAN,/homes/j244s673/documents/wsu/phd/dataset/TONGA-VOLCANO,/homes/j244s673/documents/wsu/phd/dataset/HURRICANE-LAURA,train,val,test,"Initialize HRTBDA with xBD pretrained weights, fine-tune on HURRICANE-IAN + TONGA-VOLCANO, test on HURRICANE-LAURA",,,,,,,,Not started,
HRTBDA_COMBO_0351,HRTBDA,High Resolution Transformer Building Damage Assessment,No Transfer Learning,Random initialization,HURRICANE-IAN,TONGA-VOLCANO,HURRICANE-IAN + TONGA-VOLCANO,MOUNT-SEMERU-ERUPTION,/homes/j244s673/documents/wsu/phd/dataset/HURRICANE-IAN,/homes/j244s673/documents/wsu/phd/dataset/TONGA-VOLCANO,/homes/j244s673/documents/wsu/phd/dataset/MOUNT-SEMERU-ERUPTION,train,val,test,"Train HRTBDA from scratch on HURRICANE-IAN + TONGA-VOLCANO, test on MOUNT-SEMERU-ERUPTION",,,,,,,,Not started,
HRTBDA_COMBO_0352,HRTBDA,High Resolution Transformer Building Damage Assessment,xBD Transfer Learning,xBD pretrained HRTBDA checkpoint,HURRICANE-IAN,TONGA-VOLCANO,HURRICANE-IAN + TONGA-VOLCANO,MOUNT-SEMERU-ERUPTION,/homes/j244s673/documents/wsu/phd/dataset/HURRICANE-IAN,/homes/j244s673/documents/wsu/phd/dataset/TONGA-VOLCANO,/homes/j244s673/documents/wsu/phd/dataset/MOUNT-SEMERU-ERUPTION,train,val,test,"Initialize HRTBDA with xBD pretrained weights, fine-tune on HURRICANE-IAN + TONGA-VOLCANO, test on MOUNT-SEMERU-ERUPTION",,,,,,,,Not started,
HRTBDA_COMBO_0353,HRTBDA,High Resolution Transformer Building Damage Assessment,No Transfer Learning,Random initialization,HURRICANE-IAN,TONGA-VOLCANO,HURRICANE-IAN + TONGA-VOLCANO,STVINCENT-VOLCANO,/homes/j244s673/documents/wsu/phd/dataset/HURRICANE-IAN,/homes/j244s673/documents/wsu/phd/dataset/TONGA-VOLCANO,/homes/j244s673/documents/wsu/phd/dataset/STVINCENT-VOLCANO,train,val,test,"Train HRTBDA from scratch on HURRICANE-IAN + TONGA-VOLCANO, test on STVINCENT-VOLCANO",,,,,,,,Not started,
HRTBDA_COMBO_0354,HRTBDA,High Resolution Transformer Building Damage Assessment,xBD Transfer Learning,xBD pretrained HRTBDA checkpoint,HURRICANE-IAN,TONGA-VOLCANO,HURRICANE-IAN + TONGA-VOLCANO,STVINCENT-VOLCANO,/homes/j244s673/documents/wsu/phd/dataset/HURRICANE-IAN,/homes/j244s673/documents/wsu/phd/dataset/TONGA-VOLCANO,/homes/j244s673/documents/wsu/phd/dataset/STVINCENT-VOLCANO,train,val,test,"Initialize HRTBDA with xBD pretrained weights, fine-tune on HURRICANE-IAN + TONGA-VOLCANO, test on STVINCENT-VOLCANO",,,,,,,,Not started,
HRTBDA_COMBO_0355,HRTBDA,High Resolution Transformer Building Damage Assessment,No Transfer Learning,Random initialization,HURRICANE-IAN,TONGA-VOLCANO,HURRICANE-IAN + TONGA-VOLCANO,TEXAS-TORNADOES,/homes/j244s673/documents/wsu/phd/dataset/HURRICANE-IAN,/homes/j244s673/documents/wsu/phd/dataset/TONGA-VOLCANO,/homes/j244s673/documents/wsu/phd/dataset/TEXAS-TORNADOES,train,val,test,"Train HRTBDA from scratch on HURRICANE-IAN + TONGA-VOLCANO, test on TEXAS-TORNADOES",,,,,,,,Not started,
HRTBDA_COMBO_0356,HRTBDA,High Resolution Transformer Building Damage Assessment,xBD Transfer Learning,xBD pretrained HRTBDA checkpoint,HURRICANE-IAN,TONGA-VOLCANO,HURRICANE-IAN + TONGA-VOLCANO,TEXAS-TORNADOES,/homes/j244s673/documents/wsu/phd/dataset/HURRICANE-IAN,/homes/j244s673/documents/wsu/phd/dataset/TONGA-VOLCANO,/homes/j244s673/documents/wsu/phd/dataset/TEXAS-TORNADOES,train,val,test,"Initialize HRTBDA with xBD pretrained weights, fine-tune on HURRICANE-IAN + TONGA-VOLCANO, test on TEXAS-TORNADOES",,,,,,,,Not started,
HRTBDA_COMBO_0357,HRTBDA,High Resolution Transformer Building Damage Assessment,No Transfer Learning,Random initialization,HURRICANE-IAN,TONGA-VOLCANO,HURRICANE-IAN + TONGA-VOLCANO,TONGA-VOLCANO,/homes/j244s673/documents/wsu/phd/dataset/HURRICANE-IAN,/homes/j244s673/documents/wsu/phd/dataset/TONGA-VOLCANO,/homes/j244s673/documents/wsu/phd/dataset/TONGA-VOLCANO,train,val,test,"Train HRTBDA from scratch on HURRICANE-IAN + TONGA-VOLCANO, test on TONGA-VOLCANO",,,,,,,,Not started,
HRTBDA_COMBO_0358,HRTBDA,High Resolution Transformer Building Damage Assessment,xBD Transfer Learning,xBD pretrained HRTBDA checkpoint,HURRICANE-IAN,TONGA-VOLCANO,HURRICANE-IAN + TONGA-VOLCANO,TONGA-VOLCANO,/homes/j244s673/documents/wsu/phd/dataset/HURRICANE-IAN,/homes/j244s673/documents/wsu/phd/dataset/TONGA-VOLCANO,/homes/j244s673/documents/wsu/phd/dataset/TONGA-VOLCANO,train,val,test,"Initialize HRTBDA with xBD pretrained weights, fine-tune on HURRICANE-IAN + TONGA-VOLCANO, test on TONGA-VOLCANO",,,,,,,,Not started,
HRTBDA_COMBO_0359,HRTBDA,High Resolution Transformer Building Damage Assessment,No Transfer Learning,Random initialization,HURRICANE-IAN,TONGA-VOLCANO,HURRICANE-IAN + TONGA-VOLCANO,xBD,/homes/j244s673/documents/wsu/phd/dataset/HURRICANE-IAN,/homes/j244s673/documents/wsu/phd/dataset/TONGA-VOLCANO,/homes/j244s673/documents/wsu/phd/dataset/xBD,train,val,test,"Train HRTBDA from scratch on HURRICANE-IAN + TONGA-VOLCANO, test on xBD",,,,,,,,Not started,
HRTBDA_COMBO_0360,HRTBDA,High Resolution Transformer Building Damage Assessment,xBD Transfer Learning,xBD pretrained HRTBDA checkpoint,HURRICANE-IAN,TONGA-VOLCANO,HURRICANE-IAN + TONGA-VOLCANO,xBD,/homes/j244s673/documents/wsu/phd/dataset/HURRICANE-IAN,/homes/j244s673/documents/wsu/phd/dataset/TONGA-VOLCANO,/homes/j244s673/documents/wsu/phd/dataset/xBD,train,val,test,"Initialize HRTBDA with xBD pretrained weights, fine-tune on HURRICANE-IAN + TONGA-VOLCANO, test on xBD",,,,,,,,Not started,
HRTBDA_COMBO_0361,HRTBDA,High Resolution Transformer Building Damage Assessment,No Transfer Learning,Random initialization,HURRICANE-IAN,xBD,HURRICANE-IAN + xBD,EARTHQUAKE-TURKEY,/homes/j244s673/documents/wsu/phd/dataset/HURRICANE-IAN,/homes/j244s673/documents/wsu/phd/dataset/xBD,/homes/j244s673/documents/wsu/phd/dataset/EARTHQUAKE-TURKEY,train,val,test,"Train HRTBDA from scratch on HURRICANE-IAN + xBD, test on EARTHQUAKE-TURKEY",,,,,,,,Not started,
HRTBDA_COMBO_0362,HRTBDA,High Resolution Transformer Building Damage Assessment,xBD Transfer Learning,xBD pretrained HRTBDA checkpoint,HURRICANE-IAN,xBD,HURRICANE-IAN + xBD,EARTHQUAKE-TURKEY,/homes/j244s673/documents/wsu/phd/dataset/HURRICANE-IAN,/homes/j244s673/documents/wsu/phd/dataset/xBD,/homes/j244s673/documents/wsu/phd/dataset/EARTHQUAKE-TURKEY,train,val,test,"Initialize HRTBDA with xBD pretrained weights, fine-tune on HURRICANE-IAN + xBD, test on EARTHQUAKE-TURKEY",,,,,,,,Not started,
HRTBDA_COMBO_0363,HRTBDA,High Resolution Transformer Building Damage Assessment,No Transfer Learning,Random initialization,HURRICANE-IAN,xBD,HURRICANE-IAN + xBD,HURRICANE-DELTA,/homes/j244s673/documents/wsu/phd/dataset/HURRICANE-IAN,/homes/j244s673/documents/wsu/phd/dataset/xBD,/homes/j244s673/documents/wsu/phd/dataset/HURRICANE-DELTA,train,val,test,"Train HRTBDA from scratch on HURRICANE-IAN + xBD, test on HURRICANE-DELTA",,,,,,,,Not started,
HRTBDA_COMBO_0364,HRTBDA,High Resolution Transformer Building Damage Assessment,xBD Transfer Learning,xBD pretrained HRTBDA checkpoint,HURRICANE-IAN,xBD,HURRICANE-IAN + xBD,HURRICANE-DELTA,/homes/j244s673/documents/wsu/phd/dataset/HURRICANE-IAN,/homes/j244s673/documents/wsu/phd/dataset/xBD,/homes/j244s673/documents/wsu/phd/dataset/HURRICANE-DELTA,train,val,test,"Initialize HRTBDA with xBD pretrained weights, fine-tune on HURRICANE-IAN + xBD, test on HURRICANE-DELTA",,,,,,,,Not started,
HRTBDA_COMBO_0365,HRTBDA,High Resolution Transformer Building Damage Assessment,No Transfer Learning,Random initialization,HURRICANE-IAN,xBD,HURRICANE-IAN + xBD,HURRICANE-IAN,/homes/j244s673/documents/wsu/phd/dataset/HURRICANE-IAN,/homes/j244s673/documents/wsu/phd/dataset/xBD,/homes/j244s673/documents/wsu/phd/dataset/HURRICANE-IAN,train,val,test,"Train HRTBDA from scratch on HURRICANE-IAN + xBD, test on HURRICANE-IAN",,,,,,,,Not started,
HRTBDA_COMBO_0366,HRTBDA,High Resolution Transformer Building Damage Assessment,xBD Transfer Learning,xBD pretrained HRTBDA checkpoint,HURRICANE-IAN,xBD,HURRICANE-IAN + xBD,HURRICANE-IAN,/homes/j244s673/documents/wsu/phd/dataset/HURRICANE-IAN,/homes/j244s673/documents/wsu/phd/dataset/xBD,/homes/j244s673/documents/wsu/phd/dataset/HURRICANE-IAN,train,val,test,"Initialize HRTBDA with xBD pretrained weights, fine-tune on HURRICANE-IAN + xBD, test on HURRICANE-IAN",,,,,,,,Not started,
HRTBDA_COMBO_0367,HRTBDA,High Resolution Transformer Building Damage Assessment,No Transfer Learning,Random initialization,HURRICANE-IAN,xBD,HURRICANE-IAN + xBD,HURRICANE-LAURA,/homes/j244s673/documents/wsu/phd/dataset/HURRICANE-IAN,/homes/j244s673/documents/wsu/phd/dataset/xBD,/homes/j244s673/documents/wsu/phd/dataset/HURRICANE-LAURA,train,val,test,"Train HRTBDA from scratch on HURRICANE-IAN + xBD, test on HURRICANE-LAURA",,,,,,,,Not started,
HRTBDA_COMBO_0368,HRTBDA,High Resolution Transformer Building Damage Assessment,xBD Transfer Learning,xBD pretrained HRTBDA checkpoint,HURRICANE-IAN,xBD,HURRICANE-IAN + xBD,HURRICANE-LAURA,/homes/j244s673/documents/wsu/phd/dataset/HURRICANE-IAN,/homes/j244s673/documents/wsu/phd/dataset/xBD,/homes/j244s673/documents/wsu/phd/dataset/HURRICANE-LAURA,train,val,test,"Initialize HRTBDA with xBD pretrained weights, fine-tune on HURRICANE-IAN + xBD, test on HURRICANE-LAURA",,,,,,,,Not started,
HRTBDA_COMBO_0369,HRTBDA,High Resolution Transformer Building Damage Assessment,No Transfer Learning,Random initialization,HURRICANE-IAN,xBD,HURRICANE-IAN + xBD,MOUNT-SEMERU-ERUPTION,/homes/j244s673/documents/wsu/phd/dataset/HURRICANE-IAN,/homes/j244s673/documents/wsu/phd/dataset/xBD,/homes/j244s673/documents/wsu/phd/dataset/MOUNT-SEMERU-ERUPTION,train,val,test,"Train HRTBDA from scratch on HURRICANE-IAN + xBD, test on MOUNT-SEMERU-ERUPTION",,,,,,,,Not started,
HRTBDA_COMBO_0370,HRTBDA,High Resolution Transformer Building Damage Assessment,xBD Transfer Learning,xBD pretrained HRTBDA checkpoint,HURRICANE-IAN,xBD,HURRICANE-IAN + xBD,MOUNT-SEMERU-ERUPTION,/homes/j244s673/documents/wsu/phd/dataset/HURRICANE-IAN,/homes/j244s673/documents/wsu/phd/dataset/xBD,/homes/j244s673/documents/wsu/phd/dataset/MOUNT-SEMERU-ERUPTION,train,val,test,"Initialize HRTBDA with xBD pretrained weights, fine-tune on HURRICANE-IAN + xBD, test on MOUNT-SEMERU-ERUPTION",,,,,,,,Not started,
HRTBDA_COMBO_0371,HRTBDA,High Resolution Transformer Building Damage Assessment,No Transfer Learning,Random initialization,HURRICANE-IAN,xBD,HURRICANE-IAN + xBD,STVINCENT-VOLCANO,/homes/j244s673/documents/wsu/phd/dataset/HURRICANE-IAN,/homes/j244s673/documents/wsu/phd/dataset/xBD,/homes/j244s673/documents/wsu/phd/dataset/STVINCENT-VOLCANO,train,val,test,"Train HRTBDA from scratch on HURRICANE-IAN + xBD, test on STVINCENT-VOLCANO",,,,,,,,Not started,
HRTBDA_COMBO_0372,HRTBDA,High Resolution Transformer Building Damage Assessment,xBD Transfer Learning,xBD pretrained HRTBDA checkpoint,HURRICANE-IAN,xBD,HURRICANE-IAN + xBD,STVINCENT-VOLCANO,/homes/j244s673/documents/wsu/phd/dataset/HURRICANE-IAN,/homes/j244s673/documents/wsu/phd/dataset/xBD,/homes/j244s673/documents/wsu/phd/dataset/STVINCENT-VOLCANO,train,val,test,"Initialize HRTBDA with xBD pretrained weights, fine-tune on HURRICANE-IAN + xBD, test on STVINCENT-VOLCANO",,,,,,,,Not started,
HRTBDA_COMBO_0373,HRTBDA,High Resolution Transformer Building Damage Assessment,No Transfer Learning,Random initialization,HURRICANE-IAN,xBD,HURRICANE-IAN + xBD,TEXAS-TORNADOES,/homes/j244s673/documents/wsu/phd/dataset/HURRICANE-IAN,/homes/j244s673/documents/wsu/phd/dataset/xBD,/homes/j244s673/documents/wsu/phd/dataset/TEXAS-TORNADOES,train,val,test,"Train HRTBDA from scratch on HURRICANE-IAN + xBD, test on TEXAS-TORNADOES",,,,,,,,Not started,
HRTBDA_COMBO_0374,HRTBDA,High Resolution Transformer Building Damage Assessment,xBD Transfer Learning,xBD pretrained HRTBDA checkpoint,HURRICANE-IAN,xBD,HURRICANE-IAN + xBD,TEXAS-TORNADOES,/homes/j244s673/documents/wsu/phd/dataset/HURRICANE-IAN,/homes/j244s673/documents/wsu/phd/dataset/xBD,/homes/j244s673/documents/wsu/phd/dataset/TEXAS-TORNADOES,train,val,test,"Initialize HRTBDA with xBD pretrained weights, fine-tune on HURRICANE-IAN + xBD, test on TEXAS-TORNADOES",,,,,,,,Not started,
HRTBDA_COMBO_0375,HRTBDA,High Resolution Transformer Building Damage Assessment,No Transfer Learning,Random initialization,HURRICANE-IAN,xBD,HURRICANE-IAN + xBD,TONGA-VOLCANO,/homes/j244s673/documents/wsu/phd/dataset/HURRICANE-IAN,/homes/j244s673/documents/wsu/phd/dataset/xBD,/homes/j244s673/documents/wsu/phd/dataset/TONGA-VOLCANO,train,val,test,"Train HRTBDA from scratch on HURRICANE-IAN + xBD, test on TONGA-VOLCANO",,,,,,,,Not started,
HRTBDA_COMBO_0376,HRTBDA,High Resolution Transformer Building Damage Assessment,xBD Transfer Learning,xBD pretrained HRTBDA checkpoint,HURRICANE-IAN,xBD,HURRICANE-IAN + xBD,TONGA-VOLCANO,/homes/j244s673/documents/wsu/phd/dataset/HURRICANE-IAN,/homes/j244s673/documents/wsu/phd/dataset/xBD,/homes/j244s673/documents/wsu/phd/dataset/TONGA-VOLCANO,train,val,test,"Initialize HRTBDA with xBD pretrained weights, fine-tune on HURRICANE-IAN + xBD, test on TONGA-VOLCANO",,,,,,,,Not started,
HRTBDA_COMBO_0377,HRTBDA,High Resolution Transformer Building Damage Assessment,No Transfer Learning,Random initialization,HURRICANE-IAN,xBD,HURRICANE-IAN + xBD,xBD,/homes/j244s673/documents/wsu/phd/dataset/HURRICANE-IAN,/homes/j244s673/documents/wsu/phd/dataset/xBD,/homes/j244s673/documents/wsu/phd/dataset/xBD,train,val,test,"Train HRTBDA from scratch on HURRICANE-IAN + xBD, test on xBD",,,,,,,,Not started,
HRTBDA_COMBO_0378,HRTBDA,High Resolution Transformer Building Damage Assessment,xBD Transfer Learning,xBD pretrained HRTBDA checkpoint,HURRICANE-IAN,xBD,HURRICANE-IAN + xBD,xBD,/homes/j244s673/documents/wsu/phd/dataset/HURRICANE-IAN,/homes/j244s673/documents/wsu/phd/dataset/xBD,/homes/j244s673/documents/wsu/phd/dataset/xBD,train,val,test,"Initialize HRTBDA with xBD pretrained weights, fine-tune on HURRICANE-IAN + xBD, test on xBD",,,,,,,,Not started,
HRTBDA_COMBO_0379,HRTBDA,High Resolution Transformer Building Damage Assessment,No Transfer Learning,Random initialization,HURRICANE-LAURA,MOUNT-SEMERU-ERUPTION,HURRICANE-LAURA + MOUNT-SEMERU-ERUPTION,EARTHQUAKE-TURKEY,/homes/j244s673/documents/wsu/phd/dataset/HURRICANE-LAURA,/homes/j244s673/documents/wsu/phd/dataset/MOUNT-SEMERU-ERUPTION,/homes/j244s673/documents/wsu/phd/dataset/EARTHQUAKE-TURKEY,train,val,test,"Train HRTBDA from scratch on HURRICANE-LAURA + MOUNT-SEMERU-ERUPTION, test on EARTHQUAKE-TURKEY",,,,,,,,Not started,
HRTBDA_COMBO_0380,HRTBDA,High Resolution Transformer Building Damage Assessment,xBD Transfer Learning,xBD pretrained HRTBDA checkpoint,HURRICANE-LAURA,MOUNT-SEMERU-ERUPTION,HURRICANE-LAURA + MOUNT-SEMERU-ERUPTION,EARTHQUAKE-TURKEY,/homes/j244s673/documents/wsu/phd/dataset/HURRICANE-LAURA,/homes/j244s673/documents/wsu/phd/dataset/MOUNT-SEMERU-ERUPTION,/homes/j244s673/documents/wsu/phd/dataset/EARTHQUAKE-TURKEY,train,val,test,"Initialize HRTBDA with xBD pretrained weights, fine-tune on HURRICANE-LAURA + MOUNT-SEMERU-ERUPTION, test on EARTHQUAKE-TURKEY",,,,,,,,Not started,
HRTBDA_COMBO_0381,HRTBDA,High Resolution Transformer Building Damage Assessment,No Transfer Learning,Random initialization,HURRICANE-LAURA,MOUNT-SEMERU-ERUPTION,HURRICANE-LAURA + MOUNT-SEMERU-ERUPTION,HURRICANE-DELTA,/homes/j244s673/documents/wsu/phd/dataset/HURRICANE-LAURA,/homes/j244s673/documents/wsu/phd/dataset/MOUNT-SEMERU-ERUPTION,/homes/j244s673/documents/wsu/phd/dataset/HURRICANE-DELTA,train,val,test,"Train HRTBDA from scratch on HURRICANE-LAURA + MOUNT-SEMERU-ERUPTION, test on HURRICANE-DELTA",,,,,,,,Not started,
HRTBDA_COMBO_0382,HRTBDA,High Resolution Transformer Building Damage Assessment,xBD Transfer Learning,xBD pretrained HRTBDA checkpoint,HURRICANE-LAURA,MOUNT-SEMERU-ERUPTION,HURRICANE-LAURA + MOUNT-SEMERU-ERUPTION,HURRICANE-DELTA,/homes/j244s673/documents/wsu/phd/dataset/HURRICANE-LAURA,/homes/j244s673/documents/wsu/phd/dataset/MOUNT-SEMERU-ERUPTION,/homes/j244s673/documents/wsu/phd/dataset/HURRICANE-DELTA,train,val,test,"Initialize HRTBDA with xBD pretrained weights, fine-tune on HURRICANE-LAURA + MOUNT-SEMERU-ERUPTION, test on HURRICANE-DELTA",,,,,,,,Not started,
HRTBDA_COMBO_0383,HRTBDA,High Resolution Transformer Building Damage Assessment,No Transfer Learning,Random initialization,HURRICANE-LAURA,MOUNT-SEMERU-ERUPTION,HURRICANE-LAURA + MOUNT-SEMERU-ERUPTION,HURRICANE-IAN,/homes/j244s673/documents/wsu/phd/dataset/HURRICANE-LAURA,/homes/j244s673/documents/wsu/phd/dataset/MOUNT-SEMERU-ERUPTION,/homes/j244s673/documents/wsu/phd/dataset/HURRICANE-IAN,train,val,test,"Train HRTBDA from scratch on HURRICANE-LAURA + MOUNT-SEMERU-ERUPTION, test on HURRICANE-IAN",,,,,,,,Not started,
HRTBDA_COMBO_0384,HRTBDA,High Resolution Transformer Building Damage Assessment,xBD Transfer Learning,xBD pretrained HRTBDA checkpoint,HURRICANE-LAURA,MOUNT-SEMERU-ERUPTION,HURRICANE-LAURA + MOUNT-SEMERU-ERUPTION,HURRICANE-IAN,/homes/j244s673/documents/wsu/phd/dataset/HURRICANE-LAURA,/homes/j244s673/documents/wsu/phd/dataset/MOUNT-SEMERU-ERUPTION,/homes/j244s673/documents/wsu/phd/dataset/HURRICANE-IAN,train,val,test,"Initialize HRTBDA with xBD pretrained weights, fine-tune on HURRICANE-LAURA + MOUNT-SEMERU-ERUPTION, test on HURRICANE-IAN",,,,,,,,Not started,
HRTBDA_COMBO_0385,HRTBDA,High Resolution Transformer Building Damage Assessment,No Transfer Learning,Random initialization,HURRICANE-LAURA,MOUNT-SEMERU-ERUPTION,HURRICANE-LAURA + MOUNT-SEMERU-ERUPTION,HURRICANE-LAURA,/homes/j244s673/documents/wsu/phd/dataset/HURRICANE-LAURA,/homes/j244s673/documents/wsu/phd/dataset/MOUNT-SEMERU-ERUPTION,/homes/j244s673/documents/wsu/phd/dataset/HURRICANE-LAURA,train,val,test,"Train HRTBDA from scratch on HURRICANE-LAURA + MOUNT-SEMERU-ERUPTION, test on HURRICANE-LAURA",,,,,,,,Not started,
HRTBDA_COMBO_0386,HRTBDA,High Resolution Transformer Building Damage Assessment,xBD Transfer Learning,xBD pretrained HRTBDA checkpoint,HURRICANE-LAURA,MOUNT-SEMERU-ERUPTION,HURRICANE-LAURA + MOUNT-SEMERU-ERUPTION,HURRICANE-LAURA,/homes/j244s673/documents/wsu/phd/dataset/HURRICANE-LAURA,/homes/j244s673/documents/wsu/phd/dataset/MOUNT-SEMERU-ERUPTION,/homes/j244s673/documents/wsu/phd/dataset/HURRICANE-LAURA,train,val,test,"Initialize HRTBDA with xBD pretrained weights, fine-tune on HURRICANE-LAURA + MOUNT-SEMERU-ERUPTION, test on HURRICANE-LAURA",,,,,,,,Not started,
HRTBDA_COMBO_0387,HRTBDA,High Resolution Transformer Building Damage Assessment,No Transfer Learning,Random initialization,HURRICANE-LAURA,MOUNT-SEMERU-ERUPTION,HURRICANE-LAURA + MOUNT-SEMERU-ERUPTION,MOUNT-SEMERU-ERUPTION,/homes/j244s673/documents/wsu/phd/dataset/HURRICANE-LAURA,/homes/j244s673/documents/wsu/phd/dataset/MOUNT-SEMERU-ERUPTION,/homes/j244s673/documents/wsu/phd/dataset/MOUNT-SEMERU-ERUPTION,train,val,test,"Train HRTBDA from scratch on HURRICANE-LAURA + MOUNT-SEMERU-ERUPTION, test on MOUNT-SEMERU-ERUPTION",,,,,,,,Not started,
HRTBDA_COMBO_0388,HRTBDA,High Resolution Transformer Building Damage Assessment,xBD Transfer Learning,xBD pretrained HRTBDA checkpoint,HURRICANE-LAURA,MOUNT-SEMERU-ERUPTION,HURRICANE-LAURA + MOUNT-SEMERU-ERUPTION,MOUNT-SEMERU-ERUPTION,/homes/j244s673/documents/wsu/phd/dataset/HURRICANE-LAURA,/homes/j244s673/documents/wsu/phd/dataset/MOUNT-SEMERU-ERUPTION,/homes/j244s673/documents/wsu/phd/dataset/MOUNT-SEMERU-ERUPTION,train,val,test,"Initialize HRTBDA with xBD pretrained weights, fine-tune on HURRICANE-LAURA + MOUNT-SEMERU-ERUPTION, test on MOUNT-SEMERU-ERUPTION",,,,,,,,Not started,
HRTBDA_COMBO_0389,HRTBDA,High Resolution Transformer Building Damage Assessment,No Transfer Learning,Random initialization,HURRICANE-LAURA,MOUNT-SEMERU-ERUPTION,HURRICANE-LAURA + MOUNT-SEMERU-ERUPTION,STVINCENT-VOLCANO,/homes/j244s673/documents/wsu/phd/dataset/HURRICANE-LAURA,/homes/j244s673/documents/wsu/phd/dataset/MOUNT-SEMERU-ERUPTION,/homes/j244s673/documents/wsu/phd/dataset/STVINCENT-VOLCANO,train,val,test,"Train HRTBDA from scratch on HURRICANE-LAURA + MOUNT-SEMERU-ERUPTION, test on STVINCENT-VOLCANO",,,,,,,,Not started,
HRTBDA_COMBO_0390,HRTBDA,High Resolution Transformer Building Damage Assessment,xBD Transfer Learning,xBD pretrained HRTBDA checkpoint,HURRICANE-LAURA,MOUNT-SEMERU-ERUPTION,HURRICANE-LAURA + MOUNT-SEMERU-ERUPTION,STVINCENT-VOLCANO,/homes/j244s673/documents/wsu/phd/dataset/HURRICANE-LAURA,/homes/j244s673/documents/wsu/phd/dataset/MOUNT-SEMERU-ERUPTION,/homes/j244s673/documents/wsu/phd/dataset/STVINCENT-VOLCANO,train,val,test,"Initialize HRTBDA with xBD pretrained weights, fine-tune on HURRICANE-LAURA + MOUNT-SEMERU-ERUPTION, test on STVINCENT-VOLCANO",,,,,,,,Not started,
HRTBDA_COMBO_0391,HRTBDA,High Resolution Transformer Building Damage Assessment,No Transfer Learning,Random initialization,HURRICANE-LAURA,MOUNT-SEMERU-ERUPTION,HURRICANE-LAURA + MOUNT-SEMERU-ERUPTION,TEXAS-TORNADOES,/homes/j244s673/documents/wsu/phd/dataset/HURRICANE-LAURA,/homes/j244s673/documents/wsu/phd/dataset/MOUNT-SEMERU-ERUPTION,/homes/j244s673/documents/wsu/phd/dataset/TEXAS-TORNADOES,train,val,test,"Train HRTBDA from scratch on HURRICANE-LAURA + MOUNT-SEMERU-ERUPTION, test on TEXAS-TORNADOES",,,,,,,,Not started,
HRTBDA_COMBO_0392,HRTBDA,High Resolution Transformer Building Damage Assessment,xBD Transfer Learning,xBD pretrained HRTBDA checkpoint,HURRICANE-LAURA,MOUNT-SEMERU-ERUPTION,HURRICANE-LAURA + MOUNT-SEMERU-ERUPTION,TEXAS-TORNADOES,/homes/j244s673/documents/wsu/phd/dataset/HURRICANE-LAURA,/homes/j244s673/documents/wsu/phd/dataset/MOUNT-SEMERU-ERUPTION,/homes/j244s673/documents/wsu/phd/dataset/TEXAS-TORNADOES,train,val,test,"Initialize HRTBDA with xBD pretrained weights, fine-tune on HURRICANE-LAURA + MOUNT-SEMERU-ERUPTION, test on TEXAS-TORNADOES",,,,,,,,Not started,
HRTBDA_COMBO_0393,HRTBDA,High Resolution Transformer Building Damage Assessment,No Transfer Learning,Random initialization,HURRICANE-LAURA,MOUNT-SEMERU-ERUPTION,HURRICANE-LAURA + MOUNT-SEMERU-ERUPTION,TONGA-VOLCANO,/homes/j244s673/documents/wsu/phd/dataset/HURRICANE-LAURA,/homes/j244s673/documents/wsu/phd/dataset/MOUNT-SEMERU-ERUPTION,/homes/j244s673/documents/wsu/phd/dataset/TONGA-VOLCANO,train,val,test,"Train HRTBDA from scratch on HURRICANE-LAURA + MOUNT-SEMERU-ERUPTION, test on TONGA-VOLCANO",,,,,,,,Not started,
HRTBDA_COMBO_0394,HRTBDA,High Resolution Transformer Building Damage Assessment,xBD Transfer Learning,xBD pretrained HRTBDA checkpoint,HURRICANE-LAURA,MOUNT-SEMERU-ERUPTION,HURRICANE-LAURA + MOUNT-SEMERU-ERUPTION,TONGA-VOLCANO,/homes/j244s673/documents/wsu/phd/dataset/HURRICANE-LAURA,/homes/j244s673/documents/wsu/phd/dataset/MOUNT-SEMERU-ERUPTION,/homes/j244s673/documents/wsu/phd/dataset/TONGA-VOLCANO,train,val,test,"Initialize HRTBDA with xBD pretrained weights, fine-tune on HURRICANE-LAURA + MOUNT-SEMERU-ERUPTION, test on TONGA-VOLCANO",,,,,,,,Not started,
HRTBDA_COMBO_0395,HRTBDA,High Resolution Transformer Building Damage Assessment,No Transfer Learning,Random initialization,HURRICANE-LAURA,MOUNT-SEMERU-ERUPTION,HURRICANE-LAURA + MOUNT-SEMERU-ERUPTION,xBD,/homes/j244s673/documents/wsu/phd/dataset/HURRICANE-LAURA,/homes/j244s673/documents/wsu/phd/dataset/MOUNT-SEMERU-ERUPTION,/homes/j244s673/documents/wsu/phd/dataset/xBD,train,val,test,"Train HRTBDA from scratch on HURRICANE-LAURA + MOUNT-SEMERU-ERUPTION, test on xBD",,,,,,,,Not started,
HRTBDA_COMBO_0396,HRTBDA,High Resolution Transformer Building Damage Assessment,xBD Transfer Learning,xBD pretrained HRTBDA checkpoint,HURRICANE-LAURA,MOUNT-SEMERU-ERUPTION,HURRICANE-LAURA + MOUNT-SEMERU-ERUPTION,xBD,/homes/j244s673/documents/wsu/phd/dataset/HURRICANE-LAURA,/homes/j244s673/documents/wsu/phd/dataset/MOUNT-SEMERU-ERUPTION,/homes/j244s673/documents/wsu/phd/dataset/xBD,train,val,test,"Initialize HRTBDA with xBD pretrained weights, fine-tune on HURRICANE-LAURA + MOUNT-SEMERU-ERUPTION, test on xBD",,,,,,,,Not started,
HRTBDA_COMBO_0397,HRTBDA,High Resolution Transformer Building Damage Assessment,No Transfer Learning,Random initialization,HURRICANE-LAURA,STVINCENT-VOLCANO,HURRICANE-LAURA + STVINCENT-VOLCANO,EARTHQUAKE-TURKEY,/homes/j244s673/documents/wsu/phd/dataset/HURRICANE-LAURA,/homes/j244s673/documents/wsu/phd/dataset/STVINCENT-VOLCANO,/homes/j244s673/documents/wsu/phd/dataset/EARTHQUAKE-TURKEY,train,val,test,"Train HRTBDA from scratch on HURRICANE-LAURA + STVINCENT-VOLCANO, test on EARTHQUAKE-TURKEY",,,,,,,,Not started,
HRTBDA_COMBO_0398,HRTBDA,High Resolution Transformer Building Damage Assessment,xBD Transfer Learning,xBD pretrained HRTBDA checkpoint,HURRICANE-LAURA,STVINCENT-VOLCANO,HURRICANE-LAURA + STVINCENT-VOLCANO,EARTHQUAKE-TURKEY,/homes/j244s673/documents/wsu/phd/dataset/HURRICANE-LAURA,/homes/j244s673/documents/wsu/phd/dataset/STVINCENT-VOLCANO,/homes/j244s673/documents/wsu/phd/dataset/EARTHQUAKE-TURKEY,train,val,test,"Initialize HRTBDA with xBD pretrained weights, fine-tune on HURRICANE-LAURA + STVINCENT-VOLCANO, test on EARTHQUAKE-TURKEY",,,,,,,,Not started,
HRTBDA_COMBO_0399,HRTBDA,High Resolution Transformer Building Damage Assessment,No Transfer Learning,Random initialization,HURRICANE-LAURA,STVINCENT-VOLCANO,HURRICANE-LAURA + STVINCENT-VOLCANO,HURRICANE-DELTA,/homes/j244s673/documents/wsu/phd/dataset/HURRICANE-LAURA,/homes/j244s673/documents/wsu/phd/dataset/STVINCENT-VOLCANO,/homes/j244s673/documents/wsu/phd/dataset/HURRICANE-DELTA,train,val,test,"Train HRTBDA from scratch on HURRICANE-LAURA + STVINCENT-VOLCANO, test on HURRICANE-DELTA",,,,,,,,Not started,
HRTBDA_COMBO_0400,HRTBDA,High Resolution Transformer Building Damage Assessment,xBD Transfer Learning,xBD pretrained HRTBDA checkpoint,HURRICANE-LAURA,STVINCENT-VOLCANO,HURRICANE-LAURA + STVINCENT-VOLCANO,HURRICANE-DELTA,/homes/j244s673/documents/wsu/phd/dataset/HURRICANE-LAURA,/homes/j244s673/documents/wsu/phd/dataset/STVINCENT-VOLCANO,/homes/j244s673/documents/wsu/phd/dataset/HURRICANE-DELTA,train,val,test,"Initialize HRTBDA with xBD pretrained weights, fine-tune on HURRICANE-LAURA + STVINCENT-VOLCANO, test on HURRICANE-DELTA",,,,,,,,Not started,
HRTBDA_COMBO_0401,HRTBDA,High Resolution Transformer Building Damage Assessment,No Transfer Learning,Random initialization,HURRICANE-LAURA,STVINCENT-VOLCANO,HURRICANE-LAURA + STVINCENT-VOLCANO,HURRICANE-IAN,/homes/j244s673/documents/wsu/phd/dataset/HURRICANE-LAURA,/homes/j244s673/documents/wsu/phd/dataset/STVINCENT-VOLCANO,/homes/j244s673/documents/wsu/phd/dataset/HURRICANE-IAN,train,val,test,"Train HRTBDA from scratch on HURRICANE-LAURA + STVINCENT-VOLCANO, test on HURRICANE-IAN",,,,,,,,Not started,
HRTBDA_COMBO_0402,HRTBDA,High Resolution Transformer Building Damage Assessment,xBD Transfer Learning,xBD pretrained HRTBDA checkpoint,HURRICANE-LAURA,STVINCENT-VOLCANO,HURRICANE-LAURA + STVINCENT-VOLCANO,HURRICANE-IAN,/homes/j244s673/documents/wsu/phd/dataset/HURRICANE-LAURA,/homes/j244s673/documents/wsu/phd/dataset/STVINCENT-VOLCANO,/homes/j244s673/documents/wsu/phd/dataset/HURRICANE-IAN,train,val,test,"Initialize HRTBDA with xBD pretrained weights, fine-tune on HURRICANE-LAURA + STVINCENT-VOLCANO, test on HURRICANE-IAN",,,,,,,,Not started,
HRTBDA_COMBO_0403,HRTBDA,High Resolution Transformer Building Damage Assessment,No Transfer Learning,Random initialization,HURRICANE-LAURA,STVINCENT-VOLCANO,HURRICANE-LAURA + STVINCENT-VOLCANO,HURRICANE-LAURA,/homes/j244s673/documents/wsu/phd/dataset/HURRICANE-LAURA,/homes/j244s673/documents/wsu/phd/dataset/STVINCENT-VOLCANO,/homes/j244s673/documents/wsu/phd/dataset/HURRICANE-LAURA,train,val,test,"Train HRTBDA from scratch on HURRICANE-LAURA + STVINCENT-VOLCANO, test on HURRICANE-LAURA",,,,,,,,Not started,
HRTBDA_COMBO_0404,HRTBDA,High Resolution Transformer Building Damage Assessment,xBD Transfer Learning,xBD pretrained HRTBDA checkpoint,HURRICANE-LAURA,STVINCENT-VOLCANO,HURRICANE-LAURA + STVINCENT-VOLCANO,HURRICANE-LAURA,/homes/j244s673/documents/wsu/phd/dataset/HURRICANE-LAURA,/homes/j244s673/documents/wsu/phd/dataset/STVINCENT-VOLCANO,/homes/j244s673/documents/wsu/phd/dataset/HURRICANE-LAURA,train,val,test,"Initialize HRTBDA with xBD pretrained weights, fine-tune on HURRICANE-LAURA + STVINCENT-VOLCANO, test on HURRICANE-LAURA",,,,,,,,Not started,
HRTBDA_COMBO_0405,HRTBDA,High Resolution Transformer Building Damage Assessment,No Transfer Learning,Random initialization,HURRICANE-LAURA,STVINCENT-VOLCANO,HURRICANE-LAURA + STVINCENT-VOLCANO,MOUNT-SEMERU-ERUPTION,/homes/j244s673/documents/wsu/phd/dataset/HURRICANE-LAURA,/homes/j244s673/documents/wsu/phd/dataset/STVINCENT-VOLCANO,/homes/j244s673/documents/wsu/phd/dataset/MOUNT-SEMERU-ERUPTION,train,val,test,"Train HRTBDA from scratch on HURRICANE-LAURA + STVINCENT-VOLCANO, test on MOUNT-SEMERU-ERUPTION",,,,,,,,Not started,
HRTBDA_COMBO_0406,HRTBDA,High Resolution Transformer Building Damage Assessment,xBD Transfer Learning,xBD pretrained HRTBDA checkpoint,HURRICANE-LAURA,STVINCENT-VOLCANO,HURRICANE-LAURA + STVINCENT-VOLCANO,MOUNT-SEMERU-ERUPTION,/homes/j244s673/documents/wsu/phd/dataset/HURRICANE-LAURA,/homes/j244s673/documents/wsu/phd/dataset/STVINCENT-VOLCANO,/homes/j244s673/documents/wsu/phd/dataset/MOUNT-SEMERU-ERUPTION,train,val,test,"Initialize HRTBDA with xBD pretrained weights, fine-tune on HURRICANE-LAURA + STVINCENT-VOLCANO, test on MOUNT-SEMERU-ERUPTION",,,,,,,,Not started,
HRTBDA_COMBO_0407,HRTBDA,High Resolution Transformer Building Damage Assessment,No Transfer Learning,Random initialization,HURRICANE-LAURA,STVINCENT-VOLCANO,HURRICANE-LAURA + STVINCENT-VOLCANO,STVINCENT-VOLCANO,/homes/j244s673/documents/wsu/phd/dataset/HURRICANE-LAURA,/homes/j244s673/documents/wsu/phd/dataset/STVINCENT-VOLCANO,/homes/j244s673/documents/wsu/phd/dataset/STVINCENT-VOLCANO,train,val,test,"Train HRTBDA from scratch on HURRICANE-LAURA + STVINCENT-VOLCANO, test on STVINCENT-VOLCANO",,,,,,,,Not started,
HRTBDA_COMBO_0408,HRTBDA,High Resolution Transformer Building Damage Assessment,xBD Transfer Learning,xBD pretrained HRTBDA checkpoint,HURRICANE-LAURA,STVINCENT-VOLCANO,HURRICANE-LAURA + STVINCENT-VOLCANO,STVINCENT-VOLCANO,/homes/j244s673/documents/wsu/phd/dataset/HURRICANE-LAURA,/homes/j244s673/documents/wsu/phd/dataset/STVINCENT-VOLCANO,/homes/j244s673/documents/wsu/phd/dataset/STVINCENT-VOLCANO,train,val,test,"Initialize HRTBDA with xBD pretrained weights, fine-tune on HURRICANE-LAURA + STVINCENT-VOLCANO, test on STVINCENT-VOLCANO",,,,,,,,Not started,
HRTBDA_COMBO_0409,HRTBDA,High Resolution Transformer Building Damage Assessment,No Transfer Learning,Random initialization,HURRICANE-LAURA,STVINCENT-VOLCANO,HURRICANE-LAURA + STVINCENT-VOLCANO,TEXAS-TORNADOES,/homes/j244s673/documents/wsu/phd/dataset/HURRICANE-LAURA,/homes/j244s673/documents/wsu/phd/dataset/STVINCENT-VOLCANO,/homes/j244s673/documents/wsu/phd/dataset/TEXAS-TORNADOES,train,val,test,"Train HRTBDA from scratch on HURRICANE-LAURA + STVINCENT-VOLCANO, test on TEXAS-TORNADOES",,,,,,,,Not started,
HRTBDA_COMBO_0410,HRTBDA,High Resolution Transformer Building Damage Assessment,xBD Transfer Learning,xBD pretrained HRTBDA checkpoint,HURRICANE-LAURA,STVINCENT-VOLCANO,HURRICANE-LAURA + STVINCENT-VOLCANO,TEXAS-TORNADOES,/homes/j244s673/documents/wsu/phd/dataset/HURRICANE-LAURA,/homes/j244s673/documents/wsu/phd/dataset/STVINCENT-VOLCANO,/homes/j244s673/documents/wsu/phd/dataset/TEXAS-TORNADOES,train,val,test,"Initialize HRTBDA with xBD pretrained weights, fine-tune on HURRICANE-LAURA + STVINCENT-VOLCANO, test on TEXAS-TORNADOES",,,,,,,,Not started,
HRTBDA_COMBO_0411,HRTBDA,High Resolution Transformer Building Damage Assessment,No Transfer Learning,Random initialization,HURRICANE-LAURA,STVINCENT-VOLCANO,HURRICANE-LAURA + STVINCENT-VOLCANO,TONGA-VOLCANO,/homes/j244s673/documents/wsu/phd/dataset/HURRICANE-LAURA,/homes/j244s673/documents/wsu/phd/dataset/STVINCENT-VOLCANO,/homes/j244s673/documents/wsu/phd/dataset/TONGA-VOLCANO,train,val,test,"Train HRTBDA from scratch on HURRICANE-LAURA + STVINCENT-VOLCANO, test on TONGA-VOLCANO",,,,,,,,Not started,
HRTBDA_COMBO_0412,HRTBDA,High Resolution Transformer Building Damage Assessment,xBD Transfer Learning,xBD pretrained HRTBDA checkpoint,HURRICANE-LAURA,STVINCENT-VOLCANO,HURRICANE-LAURA + STVINCENT-VOLCANO,TONGA-VOLCANO,/homes/j244s673/documents/wsu/phd/dataset/HURRICANE-LAURA,/homes/j244s673/documents/wsu/phd/dataset/STVINCENT-VOLCANO,/homes/j244s673/documents/wsu/phd/dataset/TONGA-VOLCANO,train,val,test,"Initialize HRTBDA with xBD pretrained weights, fine-tune on HURRICANE-LAURA + STVINCENT-VOLCANO, test on TONGA-VOLCANO",,,,,,,,Not started,
HRTBDA_COMBO_0413,HRTBDA,High Resolution Transformer Building Damage Assessment,No Transfer Learning,Random initialization,HURRICANE-LAURA,STVINCENT-VOLCANO,HURRICANE-LAURA + STVINCENT-VOLCANO,xBD,/homes/j244s673/documents/wsu/phd/dataset/HURRICANE-LAURA,/homes/j244s673/documents/wsu/phd/dataset/STVINCENT-VOLCANO,/homes/j244s673/documents/wsu/phd/dataset/xBD,train,val,test,"Train HRTBDA from scratch on HURRICANE-LAURA + STVINCENT-VOLCANO, test on xBD",,,,,,,,Not started,
HRTBDA_COMBO_0414,HRTBDA,High Resolution Transformer Building Damage Assessment,xBD Transfer Learning,xBD pretrained HRTBDA checkpoint,HURRICANE-LAURA,STVINCENT-VOLCANO,HURRICANE-LAURA + STVINCENT-VOLCANO,xBD,/homes/j244s673/documents/wsu/phd/dataset/HURRICANE-LAURA,/homes/j244s673/documents/wsu/phd/dataset/STVINCENT-VOLCANO,/homes/j244s673/documents/wsu/phd/dataset/xBD,train,val,test,"Initialize HRTBDA with xBD pretrained weights, fine-tune on HURRICANE-LAURA + STVINCENT-VOLCANO, test on xBD",,,,,,,,Not started,
HRTBDA_COMBO_0415,HRTBDA,High Resolution Transformer Building Damage Assessment,No Transfer Learning,Random initialization,HURRICANE-LAURA,TEXAS-TORNADOES,HURRICANE-LAURA + TEXAS-TORNADOES,EARTHQUAKE-TURKEY,/homes/j244s673/documents/wsu/phd/dataset/HURRICANE-LAURA,/homes/j244s673/documents/wsu/phd/dataset/TEXAS-TORNADOES,/homes/j244s673/documents/wsu/phd/dataset/EARTHQUAKE-TURKEY,train,val,test,"Train HRTBDA from scratch on HURRICANE-LAURA + TEXAS-TORNADOES, test on EARTHQUAKE-TURKEY",,,,,,,,Not started,
HRTBDA_COMBO_0416,HRTBDA,High Resolution Transformer Building Damage Assessment,xBD Transfer Learning,xBD pretrained HRTBDA checkpoint,HURRICANE-LAURA,TEXAS-TORNADOES,HURRICANE-LAURA + TEXAS-TORNADOES,EARTHQUAKE-TURKEY,/homes/j244s673/documents/wsu/phd/dataset/HURRICANE-LAURA,/homes/j244s673/documents/wsu/phd/dataset/TEXAS-TORNADOES,/homes/j244s673/documents/wsu/phd/dataset/EARTHQUAKE-TURKEY,train,val,test,"Initialize HRTBDA with xBD pretrained weights, fine-tune on HURRICANE-LAURA + TEXAS-TORNADOES, test on EARTHQUAKE-TURKEY",,,,,,,,Not started,
HRTBDA_COMBO_0417,HRTBDA,High Resolution Transformer Building Damage Assessment,No Transfer Learning,Random initialization,HURRICANE-LAURA,TEXAS-TORNADOES,HURRICANE-LAURA + TEXAS-TORNADOES,HURRICANE-DELTA,/homes/j244s673/documents/wsu/phd/dataset/HURRICANE-LAURA,/homes/j244s673/documents/wsu/phd/dataset/TEXAS-TORNADOES,/homes/j244s673/documents/wsu/phd/dataset/HURRICANE-DELTA,train,val,test,"Train HRTBDA from scratch on HURRICANE-LAURA + TEXAS-TORNADOES, test on HURRICANE-DELTA",,,,,,,,Not started,
HRTBDA_COMBO_0418,HRTBDA,High Resolution Transformer Building Damage Assessment,xBD Transfer Learning,xBD pretrained HRTBDA checkpoint,HURRICANE-LAURA,TEXAS-TORNADOES,HURRICANE-LAURA + TEXAS-TORNADOES,HURRICANE-DELTA,/homes/j244s673/documents/wsu/phd/dataset/HURRICANE-LAURA,/homes/j244s673/documents/wsu/phd/dataset/TEXAS-TORNADOES,/homes/j244s673/documents/wsu/phd/dataset/HURRICANE-DELTA,train,val,test,"Initialize HRTBDA with xBD pretrained weights, fine-tune on HURRICANE-LAURA + TEXAS-TORNADOES, test on HURRICANE-DELTA",,,,,,,,Not started,
HRTBDA_COMBO_0419,HRTBDA,High Resolution Transformer Building Damage Assessment,No Transfer Learning,Random initialization,HURRICANE-LAURA,TEXAS-TORNADOES,HURRICANE-LAURA + TEXAS-TORNADOES,HURRICANE-IAN,/homes/j244s673/documents/wsu/phd/dataset/HURRICANE-LAURA,/homes/j244s673/documents/wsu/phd/dataset/TEXAS-TORNADOES,/homes/j244s673/documents/wsu/phd/dataset/HURRICANE-IAN,train,val,test,"Train HRTBDA from scratch on HURRICANE-LAURA + TEXAS-TORNADOES, test on HURRICANE-IAN",,,,,,,,Not started,
HRTBDA_COMBO_0420,HRTBDA,High Resolution Transformer Building Damage Assessment,xBD Transfer Learning,xBD pretrained HRTBDA checkpoint,HURRICANE-LAURA,TEXAS-TORNADOES,HURRICANE-LAURA + TEXAS-TORNADOES,HURRICANE-IAN,/homes/j244s673/documents/wsu/phd/dataset/HURRICANE-LAURA,/homes/j244s673/documents/wsu/phd/dataset/TEXAS-TORNADOES,/homes/j244s673/documents/wsu/phd/dataset/HURRICANE-IAN,train,val,test,"Initialize HRTBDA with xBD pretrained weights, fine-tune on HURRICANE-LAURA + TEXAS-TORNADOES, test on HURRICANE-IAN",,,,,,,,Not started,
HRTBDA_COMBO_0421,HRTBDA,High Resolution Transformer Building Damage Assessment,No Transfer Learning,Random initialization,HURRICANE-LAURA,TEXAS-TORNADOES,HURRICANE-LAURA + TEXAS-TORNADOES,HURRICANE-LAURA,/homes/j244s673/documents/wsu/phd/dataset/HURRICANE-LAURA,/homes/j244s673/documents/wsu/phd/dataset/TEXAS-TORNADOES,/homes/j244s673/documents/wsu/phd/dataset/HURRICANE-LAURA,train,val,test,"Train HRTBDA from scratch on HURRICANE-LAURA + TEXAS-TORNADOES, test on HURRICANE-LAURA",,,,,,,,Not started,
HRTBDA_COMBO_0422,HRTBDA,High Resolution Transformer Building Damage Assessment,xBD Transfer Learning,xBD pretrained HRTBDA checkpoint,HURRICANE-LAURA,TEXAS-TORNADOES,HURRICANE-LAURA + TEXAS-TORNADOES,HURRICANE-LAURA,/homes/j244s673/documents/wsu/phd/dataset/HURRICANE-LAURA,/homes/j244s673/documents/wsu/phd/dataset/TEXAS-TORNADOES,/homes/j244s673/documents/wsu/phd/dataset/HURRICANE-LAURA,train,val,test,"Initialize HRTBDA with xBD pretrained weights, fine-tune on HURRICANE-LAURA + TEXAS-TORNADOES, test on HURRICANE-LAURA",,,,,,,,Not started,
HRTBDA_COMBO_0423,HRTBDA,High Resolution Transformer Building Damage Assessment,No Transfer Learning,Random initialization,HURRICANE-LAURA,TEXAS-TORNADOES,HURRICANE-LAURA + TEXAS-TORNADOES,MOUNT-SEMERU-ERUPTION,/homes/j244s673/documents/wsu/phd/dataset/HURRICANE-LAURA,/homes/j244s673/documents/wsu/phd/dataset/TEXAS-TORNADOES,/homes/j244s673/documents/wsu/phd/dataset/MOUNT-SEMERU-ERUPTION,train,val,test,"Train HRTBDA from scratch on HURRICANE-LAURA + TEXAS-TORNADOES, test on MOUNT-SEMERU-ERUPTION",,,,,,,,Not started,
HRTBDA_COMBO_0424,HRTBDA,High Resolution Transformer Building Damage Assessment,xBD Transfer Learning,xBD pretrained HRTBDA checkpoint,HURRICANE-LAURA,TEXAS-TORNADOES,HURRICANE-LAURA + TEXAS-TORNADOES,MOUNT-SEMERU-ERUPTION,/homes/j244s673/documents/wsu/phd/dataset/HURRICANE-LAURA,/homes/j244s673/documents/wsu/phd/dataset/TEXAS-TORNADOES,/homes/j244s673/documents/wsu/phd/dataset/MOUNT-SEMERU-ERUPTION,train,val,test,"Initialize HRTBDA with xBD pretrained weights, fine-tune on HURRICANE-LAURA + TEXAS-TORNADOES, test on MOUNT-SEMERU-ERUPTION",,,,,,,,Not started,
HRTBDA_COMBO_0425,HRTBDA,High Resolution Transformer Building Damage Assessment,No Transfer Learning,Random initialization,HURRICANE-LAURA,TEXAS-TORNADOES,HURRICANE-LAURA + TEXAS-TORNADOES,STVINCENT-VOLCANO,/homes/j244s673/documents/wsu/phd/dataset/HURRICANE-LAURA,/homes/j244s673/documents/wsu/phd/dataset/TEXAS-TORNADOES,/homes/j244s673/documents/wsu/phd/dataset/STVINCENT-VOLCANO,train,val,test,"Train HRTBDA from scratch on HURRICANE-LAURA + TEXAS-TORNADOES, test on STVINCENT-VOLCANO",,,,,,,,Not started,
HRTBDA_COMBO_0426,HRTBDA,High Resolution Transformer Building Damage Assessment,xBD Transfer Learning,xBD pretrained HRTBDA checkpoint,HURRICANE-LAURA,TEXAS-TORNADOES,HURRICANE-LAURA + TEXAS-TORNADOES,STVINCENT-VOLCANO,/homes/j244s673/documents/wsu/phd/dataset/HURRICANE-LAURA,/homes/j244s673/documents/wsu/phd/dataset/TEXAS-TORNADOES,/homes/j244s673/documents/wsu/phd/dataset/STVINCENT-VOLCANO,train,val,test,"Initialize HRTBDA with xBD pretrained weights, fine-tune on HURRICANE-LAURA + TEXAS-TORNADOES, test on STVINCENT-VOLCANO",,,,,,,,Not started,
HRTBDA_COMBO_0427,HRTBDA,High Resolution Transformer Building Damage Assessment,No Transfer Learning,Random initialization,HURRICANE-LAURA,TEXAS-TORNADOES,HURRICANE-LAURA + TEXAS-TORNADOES,TEXAS-TORNADOES,/homes/j244s673/documents/wsu/phd/dataset/HURRICANE-LAURA,/homes/j244s673/documents/wsu/phd/dataset/TEXAS-TORNADOES,/homes/j244s673/documents/wsu/phd/dataset/TEXAS-TORNADOES,train,val,test,"Train HRTBDA from scratch on HURRICANE-LAURA + TEXAS-TORNADOES, test on TEXAS-TORNADOES",,,,,,,,Not started,
HRTBDA_COMBO_0428,HRTBDA,High Resolution Transformer Building Damage Assessment,xBD Transfer Learning,xBD pretrained HRTBDA checkpoint,HURRICANE-LAURA,TEXAS-TORNADOES,HURRICANE-LAURA + TEXAS-TORNADOES,TEXAS-TORNADOES,/homes/j244s673/documents/wsu/phd/dataset/HURRICANE-LAURA,/homes/j244s673/documents/wsu/phd/dataset/TEXAS-TORNADOES,/homes/j244s673/documents/wsu/phd/dataset/TEXAS-TORNADOES,train,val,test,"Initialize HRTBDA with xBD pretrained weights, fine-tune on HURRICANE-LAURA + TEXAS-TORNADOES, test on TEXAS-TORNADOES",,,,,,,,Not started,
HRTBDA_COMBO_0429,HRTBDA,High Resolution Transformer Building Damage Assessment,No Transfer Learning,Random initialization,HURRICANE-LAURA,TEXAS-TORNADOES,HURRICANE-LAURA + TEXAS-TORNADOES,TONGA-VOLCANO,/homes/j244s673/documents/wsu/phd/dataset/HURRICANE-LAURA,/homes/j244s673/documents/wsu/phd/dataset/TEXAS-TORNADOES,/homes/j244s673/documents/wsu/phd/dataset/TONGA-VOLCANO,train,val,test,"Train HRTBDA from scratch on HURRICANE-LAURA + TEXAS-TORNADOES, test on TONGA-VOLCANO",,,,,,,,Not started,
HRTBDA_COMBO_0430,HRTBDA,High Resolution Transformer Building Damage Assessment,xBD Transfer Learning,xBD pretrained HRTBDA checkpoint,HURRICANE-LAURA,TEXAS-TORNADOES,HURRICANE-LAURA + TEXAS-TORNADOES,TONGA-VOLCANO,/homes/j244s673/documents/wsu/phd/dataset/HURRICANE-LAURA,/homes/j244s673/documents/wsu/phd/dataset/TEXAS-TORNADOES,/homes/j244s673/documents/wsu/phd/dataset/TONGA-VOLCANO,train,val,test,"Initialize HRTBDA with xBD pretrained weights, fine-tune on HURRICANE-LAURA + TEXAS-TORNADOES, test on TONGA-VOLCANO",,,,,,,,Not started,
HRTBDA_COMBO_0431,HRTBDA,High Resolution Transformer Building Damage Assessment,No Transfer Learning,Random initialization,HURRICANE-LAURA,TEXAS-TORNADOES,HURRICANE-LAURA + TEXAS-TORNADOES,xBD,/homes/j244s673/documents/wsu/phd/dataset/HURRICANE-LAURA,/homes/j244s673/documents/wsu/phd/dataset/TEXAS-TORNADOES,/homes/j244s673/documents/wsu/phd/dataset/xBD,train,val,test,"Train HRTBDA from scratch on HURRICANE-LAURA + TEXAS-TORNADOES, test on xBD",,,,,,,,Not started,
HRTBDA_COMBO_0432,HRTBDA,High Resolution Transformer Building Damage Assessment,xBD Transfer Learning,xBD pretrained HRTBDA checkpoint,HURRICANE-LAURA,TEXAS-TORNADOES,HURRICANE-LAURA + TEXAS-TORNADOES,xBD,/homes/j244s673/documents/wsu/phd/dataset/HURRICANE-LAURA,/homes/j244s673/documents/wsu/phd/dataset/TEXAS-TORNADOES,/homes/j244s673/documents/wsu/phd/dataset/xBD,train,val,test,"Initialize HRTBDA with xBD pretrained weights, fine-tune on HURRICANE-LAURA + TEXAS-TORNADOES, test on xBD",,,,,,,,Not started,
HRTBDA_COMBO_0433,HRTBDA,High Resolution Transformer Building Damage Assessment,No Transfer Learning,Random initialization,HURRICANE-LAURA,TONGA-VOLCANO,HURRICANE-LAURA + TONGA-VOLCANO,EARTHQUAKE-TURKEY,/homes/j244s673/documents/wsu/phd/dataset/HURRICANE-LAURA,/homes/j244s673/documents/wsu/phd/dataset/TONGA-VOLCANO,/homes/j244s673/documents/wsu/phd/dataset/EARTHQUAKE-TURKEY,train,val,test,"Train HRTBDA from scratch on HURRICANE-LAURA + TONGA-VOLCANO, test on EARTHQUAKE-TURKEY",,,,,,,,Not started,
HRTBDA_COMBO_0434,HRTBDA,High Resolution Transformer Building Damage Assessment,xBD Transfer Learning,xBD pretrained HRTBDA checkpoint,HURRICANE-LAURA,TONGA-VOLCANO,HURRICANE-LAURA + TONGA-VOLCANO,EARTHQUAKE-TURKEY,/homes/j244s673/documents/wsu/phd/dataset/HURRICANE-LAURA,/homes/j244s673/documents/wsu/phd/dataset/TONGA-VOLCANO,/homes/j244s673/documents/wsu/phd/dataset/EARTHQUAKE-TURKEY,train,val,test,"Initialize HRTBDA with xBD pretrained weights, fine-tune on HURRICANE-LAURA + TONGA-VOLCANO, test on EARTHQUAKE-TURKEY",,,,,,,,Not started,
HRTBDA_COMBO_0435,HRTBDA,High Resolution Transformer Building Damage Assessment,No Transfer Learning,Random initialization,HURRICANE-LAURA,TONGA-VOLCANO,HURRICANE-LAURA + TONGA-VOLCANO,HURRICANE-DELTA,/homes/j244s673/documents/wsu/phd/dataset/HURRICANE-LAURA,/homes/j244s673/documents/wsu/phd/dataset/TONGA-VOLCANO,/homes/j244s673/documents/wsu/phd/dataset/HURRICANE-DELTA,train,val,test,"Train HRTBDA from scratch on HURRICANE-LAURA + TONGA-VOLCANO, test on HURRICANE-DELTA",,,,,,,,Not started,
HRTBDA_COMBO_0436,HRTBDA,High Resolution Transformer Building Damage Assessment,xBD Transfer Learning,xBD pretrained HRTBDA checkpoint,HURRICANE-LAURA,TONGA-VOLCANO,HURRICANE-LAURA + TONGA-VOLCANO,HURRICANE-DELTA,/homes/j244s673/documents/wsu/phd/dataset/HURRICANE-LAURA,/homes/j244s673/documents/wsu/phd/dataset/TONGA-VOLCANO,/homes/j244s673/documents/wsu/phd/dataset/HURRICANE-DELTA,train,val,test,"Initialize HRTBDA with xBD pretrained weights, fine-tune on HURRICANE-LAURA + TONGA-VOLCANO, test on HURRICANE-DELTA",,,,,,,,Not started,
HRTBDA_COMBO_0437,HRTBDA,High Resolution Transformer Building Damage Assessment,No Transfer Learning,Random initialization,HURRICANE-LAURA,TONGA-VOLCANO,HURRICANE-LAURA + TONGA-VOLCANO,HURRICANE-IAN,/homes/j244s673/documents/wsu/phd/dataset/HURRICANE-LAURA,/homes/j244s673/documents/wsu/phd/dataset/TONGA-VOLCANO,/homes/j244s673/documents/wsu/phd/dataset/HURRICANE-IAN,train,val,test,"Train HRTBDA from scratch on HURRICANE-LAURA + TONGA-VOLCANO, test on HURRICANE-IAN",,,,,,,,Not started,
HRTBDA_COMBO_0438,HRTBDA,High Resolution Transformer Building Damage Assessment,xBD Transfer Learning,xBD pretrained HRTBDA checkpoint,HURRICANE-LAURA,TONGA-VOLCANO,HURRICANE-LAURA + TONGA-VOLCANO,HURRICANE-IAN,/homes/j244s673/documents/wsu/phd/dataset/HURRICANE-LAURA,/homes/j244s673/documents/wsu/phd/dataset/TONGA-VOLCANO,/homes/j244s673/documents/wsu/phd/dataset/HURRICANE-IAN,train,val,test,"Initialize HRTBDA with xBD pretrained weights, fine-tune on HURRICANE-LAURA + TONGA-VOLCANO, test on HURRICANE-IAN",,,,,,,,Not started,
HRTBDA_COMBO_0439,HRTBDA,High Resolution Transformer Building Damage Assessment,No Transfer Learning,Random initialization,HURRICANE-LAURA,TONGA-VOLCANO,HURRICANE-LAURA + TONGA-VOLCANO,HURRICANE-LAURA,/homes/j244s673/documents/wsu/phd/dataset/HURRICANE-LAURA,/homes/j244s673/documents/wsu/phd/dataset/TONGA-VOLCANO,/homes/j244s673/documents/wsu/phd/dataset/HURRICANE-LAURA,train,val,test,"Train HRTBDA from scratch on HURRICANE-LAURA + TONGA-VOLCANO, test on HURRICANE-LAURA",,,,,,,,Not started,
HRTBDA_COMBO_0440,HRTBDA,High Resolution Transformer Building Damage Assessment,xBD Transfer Learning,xBD pretrained HRTBDA checkpoint,HURRICANE-LAURA,TONGA-VOLCANO,HURRICANE-LAURA + TONGA-VOLCANO,HURRICANE-LAURA,/homes/j244s673/documents/wsu/phd/dataset/HURRICANE-LAURA,/homes/j244s673/documents/wsu/phd/dataset/TONGA-VOLCANO,/homes/j244s673/documents/wsu/phd/dataset/HURRICANE-LAURA,train,val,test,"Initialize HRTBDA with xBD pretrained weights, fine-tune on HURRICANE-LAURA + TONGA-VOLCANO, test on HURRICANE-LAURA",,,,,,,,Not started,
HRTBDA_COMBO_0441,HRTBDA,High Resolution Transformer Building Damage Assessment,No Transfer Learning,Random initialization,HURRICANE-LAURA,TONGA-VOLCANO,HURRICANE-LAURA + TONGA-VOLCANO,MOUNT-SEMERU-ERUPTION,/homes/j244s673/documents/wsu/phd/dataset/HURRICANE-LAURA,/homes/j244s673/documents/wsu/phd/dataset/TONGA-VOLCANO,/homes/j244s673/documents/wsu/phd/dataset/MOUNT-SEMERU-ERUPTION,train,val,test,"Train HRTBDA from scratch on HURRICANE-LAURA + TONGA-VOLCANO, test on MOUNT-SEMERU-ERUPTION",,,,,,,,Not started,
HRTBDA_COMBO_0442,HRTBDA,High Resolution Transformer Building Damage Assessment,xBD Transfer Learning,xBD pretrained HRTBDA checkpoint,HURRICANE-LAURA,TONGA-VOLCANO,HURRICANE-LAURA + TONGA-VOLCANO,MOUNT-SEMERU-ERUPTION,/homes/j244s673/documents/wsu/phd/dataset/HURRICANE-LAURA,/homes/j244s673/documents/wsu/phd/dataset/TONGA-VOLCANO,/homes/j244s673/documents/wsu/phd/dataset/MOUNT-SEMERU-ERUPTION,train,val,test,"Initialize HRTBDA with xBD pretrained weights, fine-tune on HURRICANE-LAURA + TONGA-VOLCANO, test on MOUNT-SEMERU-ERUPTION",,,,,,,,Not started,
HRTBDA_COMBO_0443,HRTBDA,High Resolution Transformer Building Damage Assessment,No Transfer Learning,Random initialization,HURRICANE-LAURA,TONGA-VOLCANO,HURRICANE-LAURA + TONGA-VOLCANO,STVINCENT-VOLCANO,/homes/j244s673/documents/wsu/phd/dataset/HURRICANE-LAURA,/homes/j244s673/documents/wsu/phd/dataset/TONGA-VOLCANO,/homes/j244s673/documents/wsu/phd/dataset/STVINCENT-VOLCANO,train,val,test,"Train HRTBDA from scratch on HURRICANE-LAURA + TONGA-VOLCANO, test on STVINCENT-VOLCANO",,,,,,,,Not started,
HRTBDA_COMBO_0444,HRTBDA,High Resolution Transformer Building Damage Assessment,xBD Transfer Learning,xBD pretrained HRTBDA checkpoint,HURRICANE-LAURA,TONGA-VOLCANO,HURRICANE-LAURA + TONGA-VOLCANO,STVINCENT-VOLCANO,/homes/j244s673/documents/wsu/phd/dataset/HURRICANE-LAURA,/homes/j244s673/documents/wsu/phd/dataset/TONGA-VOLCANO,/homes/j244s673/documents/wsu/phd/dataset/STVINCENT-VOLCANO,train,val,test,"Initialize HRTBDA with xBD pretrained weights, fine-tune on HURRICANE-LAURA + TONGA-VOLCANO, test on STVINCENT-VOLCANO",,,,,,,,Not started,
HRTBDA_COMBO_0445,HRTBDA,High Resolution Transformer Building Damage Assessment,No Transfer Learning,Random initialization,HURRICANE-LAURA,TONGA-VOLCANO,HURRICANE-LAURA + TONGA-VOLCANO,TEXAS-TORNADOES,/homes/j244s673/documents/wsu/phd/dataset/HURRICANE-LAURA,/homes/j244s673/documents/wsu/phd/dataset/TONGA-VOLCANO,/homes/j244s673/documents/wsu/phd/dataset/TEXAS-TORNADOES,train,val,test,"Train HRTBDA from scratch on HURRICANE-LAURA + TONGA-VOLCANO, test on TEXAS-TORNADOES",,,,,,,,Not started,
HRTBDA_COMBO_0446,HRTBDA,High Resolution Transformer Building Damage Assessment,xBD Transfer Learning,xBD pretrained HRTBDA checkpoint,HURRICANE-LAURA,TONGA-VOLCANO,HURRICANE-LAURA + TONGA-VOLCANO,TEXAS-TORNADOES,/homes/j244s673/documents/wsu/phd/dataset/HURRICANE-LAURA,/homes/j244s673/documents/wsu/phd/dataset/TONGA-VOLCANO,/homes/j244s673/documents/wsu/phd/dataset/TEXAS-TORNADOES,train,val,test,"Initialize HRTBDA with xBD pretrained weights, fine-tune on HURRICANE-LAURA + TONGA-VOLCANO, test on TEXAS-TORNADOES",,,,,,,,Not started,
HRTBDA_COMBO_0447,HRTBDA,High Resolution Transformer Building Damage Assessment,No Transfer Learning,Random initialization,HURRICANE-LAURA,TONGA-VOLCANO,HURRICANE-LAURA + TONGA-VOLCANO,TONGA-VOLCANO,/homes/j244s673/documents/wsu/phd/dataset/HURRICANE-LAURA,/homes/j244s673/documents/wsu/phd/dataset/TONGA-VOLCANO,/homes/j244s673/documents/wsu/phd/dataset/TONGA-VOLCANO,train,val,test,"Train HRTBDA from scratch on HURRICANE-LAURA + TONGA-VOLCANO, test on TONGA-VOLCANO",,,,,,,,Not started,
HRTBDA_COMBO_0448,HRTBDA,High Resolution Transformer Building Damage Assessment,xBD Transfer Learning,xBD pretrained HRTBDA checkpoint,HURRICANE-LAURA,TONGA-VOLCANO,HURRICANE-LAURA + TONGA-VOLCANO,TONGA-VOLCANO,/homes/j244s673/documents/wsu/phd/dataset/HURRICANE-LAURA,/homes/j244s673/documents/wsu/phd/dataset/TONGA-VOLCANO,/homes/j244s673/documents/wsu/phd/dataset/TONGA-VOLCANO,train,val,test,"Initialize HRTBDA with xBD pretrained weights, fine-tune on HURRICANE-LAURA + TONGA-VOLCANO, test on TONGA-VOLCANO",,,,,,,,Not started,
HRTBDA_COMBO_0449,HRTBDA,High Resolution Transformer Building Damage Assessment,No Transfer Learning,Random initialization,HURRICANE-LAURA,TONGA-VOLCANO,HURRICANE-LAURA + TONGA-VOLCANO,xBD,/homes/j244s673/documents/wsu/phd/dataset/HURRICANE-LAURA,/homes/j244s673/documents/wsu/phd/dataset/TONGA-VOLCANO,/homes/j244s673/documents/wsu/phd/dataset/xBD,train,val,test,"Train HRTBDA from scratch on HURRICANE-LAURA + TONGA-VOLCANO, test on xBD",,,,,,,,Not started,
HRTBDA_COMBO_0450,HRTBDA,High Resolution Transformer Building Damage Assessment,xBD Transfer Learning,xBD pretrained HRTBDA checkpoint,HURRICANE-LAURA,TONGA-VOLCANO,HURRICANE-LAURA + TONGA-VOLCANO,xBD,/homes/j244s673/documents/wsu/phd/dataset/HURRICANE-LAURA,/homes/j244s673/documents/wsu/phd/dataset/TONGA-VOLCANO,/homes/j244s673/documents/wsu/phd/dataset/xBD,train,val,test,"Initialize HRTBDA with xBD pretrained weights, fine-tune on HURRICANE-LAURA + TONGA-VOLCANO, test on xBD",,,,,,,,Not started,
HRTBDA_COMBO_0451,HRTBDA,High Resolution Transformer Building Damage Assessment,No Transfer Learning,Random initialization,HURRICANE-LAURA,xBD,HURRICANE-LAURA + xBD,EARTHQUAKE-TURKEY,/homes/j244s673/documents/wsu/phd/dataset/HURRICANE-LAURA,/homes/j244s673/documents/wsu/phd/dataset/xBD,/homes/j244s673/documents/wsu/phd/dataset/EARTHQUAKE-TURKEY,train,val,test,"Train HRTBDA from scratch on HURRICANE-LAURA + xBD, test on EARTHQUAKE-TURKEY",,,,,,,,Not started,
HRTBDA_COMBO_0452,HRTBDA,High Resolution Transformer Building Damage Assessment,xBD Transfer Learning,xBD pretrained HRTBDA checkpoint,HURRICANE-LAURA,xBD,HURRICANE-LAURA + xBD,EARTHQUAKE-TURKEY,/homes/j244s673/documents/wsu/phd/dataset/HURRICANE-LAURA,/homes/j244s673/documents/wsu/phd/dataset/xBD,/homes/j244s673/documents/wsu/phd/dataset/EARTHQUAKE-TURKEY,train,val,test,"Initialize HRTBDA with xBD pretrained weights, fine-tune on HURRICANE-LAURA + xBD, test on EARTHQUAKE-TURKEY",,,,,,,,Not started,
HRTBDA_COMBO_0453,HRTBDA,High Resolution Transformer Building Damage Assessment,No Transfer Learning,Random initialization,HURRICANE-LAURA,xBD,HURRICANE-LAURA + xBD,HURRICANE-DELTA,/homes/j244s673/documents/wsu/phd/dataset/HURRICANE-LAURA,/homes/j244s673/documents/wsu/phd/dataset/xBD,/homes/j244s673/documents/wsu/phd/dataset/HURRICANE-DELTA,train,val,test,"Train HRTBDA from scratch on HURRICANE-LAURA + xBD, test on HURRICANE-DELTA",,,,,,,,Not started,
HRTBDA_COMBO_0454,HRTBDA,High Resolution Transformer Building Damage Assessment,xBD Transfer Learning,xBD pretrained HRTBDA checkpoint,HURRICANE-LAURA,xBD,HURRICANE-LAURA + xBD,HURRICANE-DELTA,/homes/j244s673/documents/wsu/phd/dataset/HURRICANE-LAURA,/homes/j244s673/documents/wsu/phd/dataset/xBD,/homes/j244s673/documents/wsu/phd/dataset/HURRICANE-DELTA,train,val,test,"Initialize HRTBDA with xBD pretrained weights, fine-tune on HURRICANE-LAURA + xBD, test on HURRICANE-DELTA",,,,,,,,Not started,
HRTBDA_COMBO_0455,HRTBDA,High Resolution Transformer Building Damage Assessment,No Transfer Learning,Random initialization,HURRICANE-LAURA,xBD,HURRICANE-LAURA + xBD,HURRICANE-IAN,/homes/j244s673/documents/wsu/phd/dataset/HURRICANE-LAURA,/homes/j244s673/documents/wsu/phd/dataset/xBD,/homes/j244s673/documents/wsu/phd/dataset/HURRICANE-IAN,train,val,test,"Train HRTBDA from scratch on HURRICANE-LAURA + xBD, test on HURRICANE-IAN",,,,,,,,Not started,
HRTBDA_COMBO_0456,HRTBDA,High Resolution Transformer Building Damage Assessment,xBD Transfer Learning,xBD pretrained HRTBDA checkpoint,HURRICANE-LAURA,xBD,HURRICANE-LAURA + xBD,HURRICANE-IAN,/homes/j244s673/documents/wsu/phd/dataset/HURRICANE-LAURA,/homes/j244s673/documents/wsu/phd/dataset/xBD,/homes/j244s673/documents/wsu/phd/dataset/HURRICANE-IAN,train,val,test,"Initialize HRTBDA with xBD pretrained weights, fine-tune on HURRICANE-LAURA + xBD, test on HURRICANE-IAN",,,,,,,,Not started,
HRTBDA_COMBO_0457,HRTBDA,High Resolution Transformer Building Damage Assessment,No Transfer Learning,Random initialization,HURRICANE-LAURA,xBD,HURRICANE-LAURA + xBD,HURRICANE-LAURA,/homes/j244s673/documents/wsu/phd/dataset/HURRICANE-LAURA,/homes/j244s673/documents/wsu/phd/dataset/xBD,/homes/j244s673/documents/wsu/phd/dataset/HURRICANE-LAURA,train,val,test,"Train HRTBDA from scratch on HURRICANE-LAURA + xBD, test on HURRICANE-LAURA",,,,,,,,Not started,
HRTBDA_COMBO_0458,HRTBDA,High Resolution Transformer Building Damage Assessment,xBD Transfer Learning,xBD pretrained HRTBDA checkpoint,HURRICANE-LAURA,xBD,HURRICANE-LAURA + xBD,HURRICANE-LAURA,/homes/j244s673/documents/wsu/phd/dataset/HURRICANE-LAURA,/homes/j244s673/documents/wsu/phd/dataset/xBD,/homes/j244s673/documents/wsu/phd/dataset/HURRICANE-LAURA,train,val,test,"Initialize HRTBDA with xBD pretrained weights, fine-tune on HURRICANE-LAURA + xBD, test on HURRICANE-LAURA",,,,,,,,Not started,
HRTBDA_COMBO_0459,HRTBDA,High Resolution Transformer Building Damage Assessment,No Transfer Learning,Random initialization,HURRICANE-LAURA,xBD,HURRICANE-LAURA + xBD,MOUNT-SEMERU-ERUPTION,/homes/j244s673/documents/wsu/phd/dataset/HURRICANE-LAURA,/homes/j244s673/documents/wsu/phd/dataset/xBD,/homes/j244s673/documents/wsu/phd/dataset/MOUNT-SEMERU-ERUPTION,train,val,test,"Train HRTBDA from scratch on HURRICANE-LAURA + xBD, test on MOUNT-SEMERU-ERUPTION",,,,,,,,Not started,
HRTBDA_COMBO_0460,HRTBDA,High Resolution Transformer Building Damage Assessment,xBD Transfer Learning,xBD pretrained HRTBDA checkpoint,HURRICANE-LAURA,xBD,HURRICANE-LAURA + xBD,MOUNT-SEMERU-ERUPTION,/homes/j244s673/documents/wsu/phd/dataset/HURRICANE-LAURA,/homes/j244s673/documents/wsu/phd/dataset/xBD,/homes/j244s673/documents/wsu/phd/dataset/MOUNT-SEMERU-ERUPTION,train,val,test,"Initialize HRTBDA with xBD pretrained weights, fine-tune on HURRICANE-LAURA + xBD, test on MOUNT-SEMERU-ERUPTION",,,,,,,,Not started,
HRTBDA_COMBO_0461,HRTBDA,High Resolution Transformer Building Damage Assessment,No Transfer Learning,Random initialization,HURRICANE-LAURA,xBD,HURRICANE-LAURA + xBD,STVINCENT-VOLCANO,/homes/j244s673/documents/wsu/phd/dataset/HURRICANE-LAURA,/homes/j244s673/documents/wsu/phd/dataset/xBD,/homes/j244s673/documents/wsu/phd/dataset/STVINCENT-VOLCANO,train,val,test,"Train HRTBDA from scratch on HURRICANE-LAURA + xBD, test on STVINCENT-VOLCANO",,,,,,,,Not started,
HRTBDA_COMBO_0462,HRTBDA,High Resolution Transformer Building Damage Assessment,xBD Transfer Learning,xBD pretrained HRTBDA checkpoint,HURRICANE-LAURA,xBD,HURRICANE-LAURA + xBD,STVINCENT-VOLCANO,/homes/j244s673/documents/wsu/phd/dataset/HURRICANE-LAURA,/homes/j244s673/documents/wsu/phd/dataset/xBD,/homes/j244s673/documents/wsu/phd/dataset/STVINCENT-VOLCANO,train,val,test,"Initialize HRTBDA with xBD pretrained weights, fine-tune on HURRICANE-LAURA + xBD, test on STVINCENT-VOLCANO",,,,,,,,Not started,
HRTBDA_COMBO_0463,HRTBDA,High Resolution Transformer Building Damage Assessment,No Transfer Learning,Random initialization,HURRICANE-LAURA,xBD,HURRICANE-LAURA + xBD,TEXAS-TORNADOES,/homes/j244s673/documents/wsu/phd/dataset/HURRICANE-LAURA,/homes/j244s673/documents/wsu/phd/dataset/xBD,/homes/j244s673/documents/wsu/phd/dataset/TEXAS-TORNADOES,train,val,test,"Train HRTBDA from scratch on HURRICANE-LAURA + xBD, test on TEXAS-TORNADOES",,,,,,,,Not started,
HRTBDA_COMBO_0464,HRTBDA,High Resolution Transformer Building Damage Assessment,xBD Transfer Learning,xBD pretrained HRTBDA checkpoint,HURRICANE-LAURA,xBD,HURRICANE-LAURA + xBD,TEXAS-TORNADOES,/homes/j244s673/documents/wsu/phd/dataset/HURRICANE-LAURA,/homes/j244s673/documents/wsu/phd/dataset/xBD,/homes/j244s673/documents/wsu/phd/dataset/TEXAS-TORNADOES,train,val,test,"Initialize HRTBDA with xBD pretrained weights, fine-tune on HURRICANE-LAURA + xBD, test on TEXAS-TORNADOES",,,,,,,,Not started,
HRTBDA_COMBO_0465,HRTBDA,High Resolution Transformer Building Damage Assessment,No Transfer Learning,Random initialization,HURRICANE-LAURA,xBD,HURRICANE-LAURA + xBD,TONGA-VOLCANO,/homes/j244s673/documents/wsu/phd/dataset/HURRICANE-LAURA,/homes/j244s673/documents/wsu/phd/dataset/xBD,/homes/j244s673/documents/wsu/phd/dataset/TONGA-VOLCANO,train,val,test,"Train HRTBDA from scratch on HURRICANE-LAURA + xBD, test on TONGA-VOLCANO",,,,,,,,Not started,
HRTBDA_COMBO_0466,HRTBDA,High Resolution Transformer Building Damage Assessment,xBD Transfer Learning,xBD pretrained HRTBDA checkpoint,HURRICANE-LAURA,xBD,HURRICANE-LAURA + xBD,TONGA-VOLCANO,/homes/j244s673/documents/wsu/phd/dataset/HURRICANE-LAURA,/homes/j244s673/documents/wsu/phd/dataset/xBD,/homes/j244s673/documents/wsu/phd/dataset/TONGA-VOLCANO,train,val,test,"Initialize HRTBDA with xBD pretrained weights, fine-tune on HURRICANE-LAURA + xBD, test on TONGA-VOLCANO",,,,,,,,Not started,
HRTBDA_COMBO_0467,HRTBDA,High Resolution Transformer Building Damage Assessment,No Transfer Learning,Random initialization,HURRICANE-LAURA,xBD,HURRICANE-LAURA + xBD,xBD,/homes/j244s673/documents/wsu/phd/dataset/HURRICANE-LAURA,/homes/j244s673/documents/wsu/phd/dataset/xBD,/homes/j244s673/documents/wsu/phd/dataset/xBD,train,val,test,"Train HRTBDA from scratch on HURRICANE-LAURA + xBD, test on xBD",,,,,,,,Not started,
HRTBDA_COMBO_0468,HRTBDA,High Resolution Transformer Building Damage Assessment,xBD Transfer Learning,xBD pretrained HRTBDA checkpoint,HURRICANE-LAURA,xBD,HURRICANE-LAURA + xBD,xBD,/homes/j244s673/documents/wsu/phd/dataset/HURRICANE-LAURA,/homes/j244s673/documents/wsu/phd/dataset/xBD,/homes/j244s673/documents/wsu/phd/dataset/xBD,train,val,test,"Initialize HRTBDA with xBD pretrained weights, fine-tune on HURRICANE-LAURA + xBD, test on xBD",,,,,,,,Not started,
HRTBDA_COMBO_0469,HRTBDA,High Resolution Transformer Building Damage Assessment,No Transfer Learning,Random initialization,MOUNT-SEMERU-ERUPTION,STVINCENT-VOLCANO,MOUNT-SEMERU-ERUPTION + STVINCENT-VOLCANO,EARTHQUAKE-TURKEY,/homes/j244s673/documents/wsu/phd/dataset/MOUNT-SEMERU-ERUPTION,/homes/j244s673/documents/wsu/phd/dataset/STVINCENT-VOLCANO,/homes/j244s673/documents/wsu/phd/dataset/EARTHQUAKE-TURKEY,train,val,test,"Train HRTBDA from scratch on MOUNT-SEMERU-ERUPTION + STVINCENT-VOLCANO, test on EARTHQUAKE-TURKEY",,,,,,,,Not started,
HRTBDA_COMBO_0470,HRTBDA,High Resolution Transformer Building Damage Assessment,xBD Transfer Learning,xBD pretrained HRTBDA checkpoint,MOUNT-SEMERU-ERUPTION,STVINCENT-VOLCANO,MOUNT-SEMERU-ERUPTION + STVINCENT-VOLCANO,EARTHQUAKE-TURKEY,/homes/j244s673/documents/wsu/phd/dataset/MOUNT-SEMERU-ERUPTION,/homes/j244s673/documents/wsu/phd/dataset/STVINCENT-VOLCANO,/homes/j244s673/documents/wsu/phd/dataset/EARTHQUAKE-TURKEY,train,val,test,"Initialize HRTBDA with xBD pretrained weights, fine-tune on MOUNT-SEMERU-ERUPTION + STVINCENT-VOLCANO, test on EARTHQUAKE-TURKEY",,,,,,,,Not started,
HRTBDA_COMBO_0471,HRTBDA,High Resolution Transformer Building Damage Assessment,No Transfer Learning,Random initialization,MOUNT-SEMERU-ERUPTION,STVINCENT-VOLCANO,MOUNT-SEMERU-ERUPTION + STVINCENT-VOLCANO,HURRICANE-DELTA,/homes/j244s673/documents/wsu/phd/dataset/MOUNT-SEMERU-ERUPTION,/homes/j244s673/documents/wsu/phd/dataset/STVINCENT-VOLCANO,/homes/j244s673/documents/wsu/phd/dataset/HURRICANE-DELTA,train,val,test,"Train HRTBDA from scratch on MOUNT-SEMERU-ERUPTION + STVINCENT-VOLCANO, test on HURRICANE-DELTA",,,,,,,,Not started,
HRTBDA_COMBO_0472,HRTBDA,High Resolution Transformer Building Damage Assessment,xBD Transfer Learning,xBD pretrained HRTBDA checkpoint,MOUNT-SEMERU-ERUPTION,STVINCENT-VOLCANO,MOUNT-SEMERU-ERUPTION + STVINCENT-VOLCANO,HURRICANE-DELTA,/homes/j244s673/documents/wsu/phd/dataset/MOUNT-SEMERU-ERUPTION,/homes/j244s673/documents/wsu/phd/dataset/STVINCENT-VOLCANO,/homes/j244s673/documents/wsu/phd/dataset/HURRICANE-DELTA,train,val,test,"Initialize HRTBDA with xBD pretrained weights, fine-tune on MOUNT-SEMERU-ERUPTION + STVINCENT-VOLCANO, test on HURRICANE-DELTA",,,,,,,,Not started,
HRTBDA_COMBO_0473,HRTBDA,High Resolution Transformer Building Damage Assessment,No Transfer Learning,Random initialization,MOUNT-SEMERU-ERUPTION,STVINCENT-VOLCANO,MOUNT-SEMERU-ERUPTION + STVINCENT-VOLCANO,HURRICANE-IAN,/homes/j244s673/documents/wsu/phd/dataset/MOUNT-SEMERU-ERUPTION,/homes/j244s673/documents/wsu/phd/dataset/STVINCENT-VOLCANO,/homes/j244s673/documents/wsu/phd/dataset/HURRICANE-IAN,train,val,test,"Train HRTBDA from scratch on MOUNT-SEMERU-ERUPTION + STVINCENT-VOLCANO, test on HURRICANE-IAN",,,,,,,,Not started,
HRTBDA_COMBO_0474,HRTBDA,High Resolution Transformer Building Damage Assessment,xBD Transfer Learning,xBD pretrained HRTBDA checkpoint,MOUNT-SEMERU-ERUPTION,STVINCENT-VOLCANO,MOUNT-SEMERU-ERUPTION + STVINCENT-VOLCANO,HURRICANE-IAN,/homes/j244s673/documents/wsu/phd/dataset/MOUNT-SEMERU-ERUPTION,/homes/j244s673/documents/wsu/phd/dataset/STVINCENT-VOLCANO,/homes/j244s673/documents/wsu/phd/dataset/HURRICANE-IAN,train,val,test,"Initialize HRTBDA with xBD pretrained weights, fine-tune on MOUNT-SEMERU-ERUPTION + STVINCENT-VOLCANO, test on HURRICANE-IAN",,,,,,,,Not started,
HRTBDA_COMBO_0475,HRTBDA,High Resolution Transformer Building Damage Assessment,No Transfer Learning,Random initialization,MOUNT-SEMERU-ERUPTION,STVINCENT-VOLCANO,MOUNT-SEMERU-ERUPTION + STVINCENT-VOLCANO,HURRICANE-LAURA,/homes/j244s673/documents/wsu/phd/dataset/MOUNT-SEMERU-ERUPTION,/homes/j244s673/documents/wsu/phd/dataset/STVINCENT-VOLCANO,/homes/j244s673/documents/wsu/phd/dataset/HURRICANE-LAURA,train,val,test,"Train HRTBDA from scratch on MOUNT-SEMERU-ERUPTION + STVINCENT-VOLCANO, test on HURRICANE-LAURA",,,,,,,,Not started,
HRTBDA_COMBO_0476,HRTBDA,High Resolution Transformer Building Damage Assessment,xBD Transfer Learning,xBD pretrained HRTBDA checkpoint,MOUNT-SEMERU-ERUPTION,STVINCENT-VOLCANO,MOUNT-SEMERU-ERUPTION + STVINCENT-VOLCANO,HURRICANE-LAURA,/homes/j244s673/documents/wsu/phd/dataset/MOUNT-SEMERU-ERUPTION,/homes/j244s673/documents/wsu/phd/dataset/STVINCENT-VOLCANO,/homes/j244s673/documents/wsu/phd/dataset/HURRICANE-LAURA,train,val,test,"Initialize HRTBDA with xBD pretrained weights, fine-tune on MOUNT-SEMERU-ERUPTION + STVINCENT-VOLCANO, test on HURRICANE-LAURA",,,,,,,,Not started,
HRTBDA_COMBO_0477,HRTBDA,High Resolution Transformer Building Damage Assessment,No Transfer Learning,Random initialization,MOUNT-SEMERU-ERUPTION,STVINCENT-VOLCANO,MOUNT-SEMERU-ERUPTION + STVINCENT-VOLCANO,MOUNT-SEMERU-ERUPTION,/homes/j244s673/documents/wsu/phd/dataset/MOUNT-SEMERU-ERUPTION,/homes/j244s673/documents/wsu/phd/dataset/STVINCENT-VOLCANO,/homes/j244s673/documents/wsu/phd/dataset/MOUNT-SEMERU-ERUPTION,train,val,test,"Train HRTBDA from scratch on MOUNT-SEMERU-ERUPTION + STVINCENT-VOLCANO, test on MOUNT-SEMERU-ERUPTION",,,,,,,,Not started,
HRTBDA_COMBO_0478,HRTBDA,High Resolution Transformer Building Damage Assessment,xBD Transfer Learning,xBD pretrained HRTBDA checkpoint,MOUNT-SEMERU-ERUPTION,STVINCENT-VOLCANO,MOUNT-SEMERU-ERUPTION + STVINCENT-VOLCANO,MOUNT-SEMERU-ERUPTION,/homes/j244s673/documents/wsu/phd/dataset/MOUNT-SEMERU-ERUPTION,/homes/j244s673/documents/wsu/phd/dataset/STVINCENT-VOLCANO,/homes/j244s673/documents/wsu/phd/dataset/MOUNT-SEMERU-ERUPTION,train,val,test,"Initialize HRTBDA with xBD pretrained weights, fine-tune on MOUNT-SEMERU-ERUPTION + STVINCENT-VOLCANO, test on MOUNT-SEMERU-ERUPTION",,,,,,,,Not started,
HRTBDA_COMBO_0479,HRTBDA,High Resolution Transformer Building Damage Assessment,No Transfer Learning,Random initialization,MOUNT-SEMERU-ERUPTION,STVINCENT-VOLCANO,MOUNT-SEMERU-ERUPTION + STVINCENT-VOLCANO,STVINCENT-VOLCANO,/homes/j244s673/documents/wsu/phd/dataset/MOUNT-SEMERU-ERUPTION,/homes/j244s673/documents/wsu/phd/dataset/STVINCENT-VOLCANO,/homes/j244s673/documents/wsu/phd/dataset/STVINCENT-VOLCANO,train,val,test,"Train HRTBDA from scratch on MOUNT-SEMERU-ERUPTION + STVINCENT-VOLCANO, test on STVINCENT-VOLCANO",,,,,,,,Not started,
HRTBDA_COMBO_0480,HRTBDA,High Resolution Transformer Building Damage Assessment,xBD Transfer Learning,xBD pretrained HRTBDA checkpoint,MOUNT-SEMERU-ERUPTION,STVINCENT-VOLCANO,MOUNT-SEMERU-ERUPTION + STVINCENT-VOLCANO,STVINCENT-VOLCANO,/homes/j244s673/documents/wsu/phd/dataset/MOUNT-SEMERU-ERUPTION,/homes/j244s673/documents/wsu/phd/dataset/STVINCENT-VOLCANO,/homes/j244s673/documents/wsu/phd/dataset/STVINCENT-VOLCANO,train,val,test,"Initialize HRTBDA with xBD pretrained weights, fine-tune on MOUNT-SEMERU-ERUPTION + STVINCENT-VOLCANO, test on STVINCENT-VOLCANO",,,,,,,,Not started,
HRTBDA_COMBO_0481,HRTBDA,High Resolution Transformer Building Damage Assessment,No Transfer Learning,Random initialization,MOUNT-SEMERU-ERUPTION,STVINCENT-VOLCANO,MOUNT-SEMERU-ERUPTION + STVINCENT-VOLCANO,TEXAS-TORNADOES,/homes/j244s673/documents/wsu/phd/dataset/MOUNT-SEMERU-ERUPTION,/homes/j244s673/documents/wsu/phd/dataset/STVINCENT-VOLCANO,/homes/j244s673/documents/wsu/phd/dataset/TEXAS-TORNADOES,train,val,test,"Train HRTBDA from scratch on MOUNT-SEMERU-ERUPTION + STVINCENT-VOLCANO, test on TEXAS-TORNADOES",,,,,,,,Not started,
HRTBDA_COMBO_0482,HRTBDA,High Resolution Transformer Building Damage Assessment,xBD Transfer Learning,xBD pretrained HRTBDA checkpoint,MOUNT-SEMERU-ERUPTION,STVINCENT-VOLCANO,MOUNT-SEMERU-ERUPTION + STVINCENT-VOLCANO,TEXAS-TORNADOES,/homes/j244s673/documents/wsu/phd/dataset/MOUNT-SEMERU-ERUPTION,/homes/j244s673/documents/wsu/phd/dataset/STVINCENT-VOLCANO,/homes/j244s673/documents/wsu/phd/dataset/TEXAS-TORNADOES,train,val,test,"Initialize HRTBDA with xBD pretrained weights, fine-tune on MOUNT-SEMERU-ERUPTION + STVINCENT-VOLCANO, test on TEXAS-TORNADOES",,,,,,,,Not started,
HRTBDA_COMBO_0483,HRTBDA,High Resolution Transformer Building Damage Assessment,No Transfer Learning,Random initialization,MOUNT-SEMERU-ERUPTION,STVINCENT-VOLCANO,MOUNT-SEMERU-ERUPTION + STVINCENT-VOLCANO,TONGA-VOLCANO,/homes/j244s673/documents/wsu/phd/dataset/MOUNT-SEMERU-ERUPTION,/homes/j244s673/documents/wsu/phd/dataset/STVINCENT-VOLCANO,/homes/j244s673/documents/wsu/phd/dataset/TONGA-VOLCANO,train,val,test,"Train HRTBDA from scratch on MOUNT-SEMERU-ERUPTION + STVINCENT-VOLCANO, test on TONGA-VOLCANO",,,,,,,,Not started,
HRTBDA_COMBO_0484,HRTBDA,High Resolution Transformer Building Damage Assessment,xBD Transfer Learning,xBD pretrained HRTBDA checkpoint,MOUNT-SEMERU-ERUPTION,STVINCENT-VOLCANO,MOUNT-SEMERU-ERUPTION + STVINCENT-VOLCANO,TONGA-VOLCANO,/homes/j244s673/documents/wsu/phd/dataset/MOUNT-SEMERU-ERUPTION,/homes/j244s673/documents/wsu/phd/dataset/STVINCENT-VOLCANO,/homes/j244s673/documents/wsu/phd/dataset/TONGA-VOLCANO,train,val,test,"Initialize HRTBDA with xBD pretrained weights, fine-tune on MOUNT-SEMERU-ERUPTION + STVINCENT-VOLCANO, test on TONGA-VOLCANO",,,,,,,,Not started,
HRTBDA_COMBO_0485,HRTBDA,High Resolution Transformer Building Damage Assessment,No Transfer Learning,Random initialization,MOUNT-SEMERU-ERUPTION,STVINCENT-VOLCANO,MOUNT-SEMERU-ERUPTION + STVINCENT-VOLCANO,xBD,/homes/j244s673/documents/wsu/phd/dataset/MOUNT-SEMERU-ERUPTION,/homes/j244s673/documents/wsu/phd/dataset/STVINCENT-VOLCANO,/homes/j244s673/documents/wsu/phd/dataset/xBD,train,val,test,"Train HRTBDA from scratch on MOUNT-SEMERU-ERUPTION + STVINCENT-VOLCANO, test on xBD",,,,,,,,Not started,
HRTBDA_COMBO_0486,HRTBDA,High Resolution Transformer Building Damage Assessment,xBD Transfer Learning,xBD pretrained HRTBDA checkpoint,MOUNT-SEMERU-ERUPTION,STVINCENT-VOLCANO,MOUNT-SEMERU-ERUPTION + STVINCENT-VOLCANO,xBD,/homes/j244s673/documents/wsu/phd/dataset/MOUNT-SEMERU-ERUPTION,/homes/j244s673/documents/wsu/phd/dataset/STVINCENT-VOLCANO,/homes/j244s673/documents/wsu/phd/dataset/xBD,train,val,test,"Initialize HRTBDA with xBD pretrained weights, fine-tune on MOUNT-SEMERU-ERUPTION + STVINCENT-VOLCANO, test on xBD",,,,,,,,Not started,
HRTBDA_COMBO_0487,HRTBDA,High Resolution Transformer Building Damage Assessment,No Transfer Learning,Random initialization,MOUNT-SEMERU-ERUPTION,TEXAS-TORNADOES,MOUNT-SEMERU-ERUPTION + TEXAS-TORNADOES,EARTHQUAKE-TURKEY,/homes/j244s673/documents/wsu/phd/dataset/MOUNT-SEMERU-ERUPTION,/homes/j244s673/documents/wsu/phd/dataset/TEXAS-TORNADOES,/homes/j244s673/documents/wsu/phd/dataset/EARTHQUAKE-TURKEY,train,val,test,"Train HRTBDA from scratch on MOUNT-SEMERU-ERUPTION + TEXAS-TORNADOES, test on EARTHQUAKE-TURKEY",,,,,,,,Not started,
HRTBDA_COMBO_0488,HRTBDA,High Resolution Transformer Building Damage Assessment,xBD Transfer Learning,xBD pretrained HRTBDA checkpoint,MOUNT-SEMERU-ERUPTION,TEXAS-TORNADOES,MOUNT-SEMERU-ERUPTION + TEXAS-TORNADOES,EARTHQUAKE-TURKEY,/homes/j244s673/documents/wsu/phd/dataset/MOUNT-SEMERU-ERUPTION,/homes/j244s673/documents/wsu/phd/dataset/TEXAS-TORNADOES,/homes/j244s673/documents/wsu/phd/dataset/EARTHQUAKE-TURKEY,train,val,test,"Initialize HRTBDA with xBD pretrained weights, fine-tune on MOUNT-SEMERU-ERUPTION + TEXAS-TORNADOES, test on EARTHQUAKE-TURKEY",,,,,,,,Not started,
HRTBDA_COMBO_0489,HRTBDA,High Resolution Transformer Building Damage Assessment,No Transfer Learning,Random initialization,MOUNT-SEMERU-ERUPTION,TEXAS-TORNADOES,MOUNT-SEMERU-ERUPTION + TEXAS-TORNADOES,HURRICANE-DELTA,/homes/j244s673/documents/wsu/phd/dataset/MOUNT-SEMERU-ERUPTION,/homes/j244s673/documents/wsu/phd/dataset/TEXAS-TORNADOES,/homes/j244s673/documents/wsu/phd/dataset/HURRICANE-DELTA,train,val,test,"Train HRTBDA from scratch on MOUNT-SEMERU-ERUPTION + TEXAS-TORNADOES, test on HURRICANE-DELTA",,,,,,,,Not started,
HRTBDA_COMBO_0490,HRTBDA,High Resolution Transformer Building Damage Assessment,xBD Transfer Learning,xBD pretrained HRTBDA checkpoint,MOUNT-SEMERU-ERUPTION,TEXAS-TORNADOES,MOUNT-SEMERU-ERUPTION + TEXAS-TORNADOES,HURRICANE-DELTA,/homes/j244s673/documents/wsu/phd/dataset/MOUNT-SEMERU-ERUPTION,/homes/j244s673/documents/wsu/phd/dataset/TEXAS-TORNADOES,/homes/j244s673/documents/wsu/phd/dataset/HURRICANE-DELTA,train,val,test,"Initialize HRTBDA with xBD pretrained weights, fine-tune on MOUNT-SEMERU-ERUPTION + TEXAS-TORNADOES, test on HURRICANE-DELTA",,,,,,,,Not started,
HRTBDA_COMBO_0491,HRTBDA,High Resolution Transformer Building Damage Assessment,No Transfer Learning,Random initialization,MOUNT-SEMERU-ERUPTION,TEXAS-TORNADOES,MOUNT-SEMERU-ERUPTION + TEXAS-TORNADOES,HURRICANE-IAN,/homes/j244s673/documents/wsu/phd/dataset/MOUNT-SEMERU-ERUPTION,/homes/j244s673/documents/wsu/phd/dataset/TEXAS-TORNADOES,/homes/j244s673/documents/wsu/phd/dataset/HURRICANE-IAN,train,val,test,"Train HRTBDA from scratch on MOUNT-SEMERU-ERUPTION + TEXAS-TORNADOES, test on HURRICANE-IAN",,,,,,,,Not started,
HRTBDA_COMBO_0492,HRTBDA,High Resolution Transformer Building Damage Assessment,xBD Transfer Learning,xBD pretrained HRTBDA checkpoint,MOUNT-SEMERU-ERUPTION,TEXAS-TORNADOES,MOUNT-SEMERU-ERUPTION + TEXAS-TORNADOES,HURRICANE-IAN,/homes/j244s673/documents/wsu/phd/dataset/MOUNT-SEMERU-ERUPTION,/homes/j244s673/documents/wsu/phd/dataset/TEXAS-TORNADOES,/homes/j244s673/documents/wsu/phd/dataset/HURRICANE-IAN,train,val,test,"Initialize HRTBDA with xBD pretrained weights, fine-tune on MOUNT-SEMERU-ERUPTION + TEXAS-TORNADOES, test on HURRICANE-IAN",,,,,,,,Not started,
HRTBDA_COMBO_0493,HRTBDA,High Resolution Transformer Building Damage Assessment,No Transfer Learning,Random initialization,MOUNT-SEMERU-ERUPTION,TEXAS-TORNADOES,MOUNT-SEMERU-ERUPTION + TEXAS-TORNADOES,HURRICANE-LAURA,/homes/j244s673/documents/wsu/phd/dataset/MOUNT-SEMERU-ERUPTION,/homes/j244s673/documents/wsu/phd/dataset/TEXAS-TORNADOES,/homes/j244s673/documents/wsu/phd/dataset/HURRICANE-LAURA,train,val,test,"Train HRTBDA from scratch on MOUNT-SEMERU-ERUPTION + TEXAS-TORNADOES, test on HURRICANE-LAURA",,,,,,,,Not started,
HRTBDA_COMBO_0494,HRTBDA,High Resolution Transformer Building Damage Assessment,xBD Transfer Learning,xBD pretrained HRTBDA checkpoint,MOUNT-SEMERU-ERUPTION,TEXAS-TORNADOES,MOUNT-SEMERU-ERUPTION + TEXAS-TORNADOES,HURRICANE-LAURA,/homes/j244s673/documents/wsu/phd/dataset/MOUNT-SEMERU-ERUPTION,/homes/j244s673/documents/wsu/phd/dataset/TEXAS-TORNADOES,/homes/j244s673/documents/wsu/phd/dataset/HURRICANE-LAURA,train,val,test,"Initialize HRTBDA with xBD pretrained weights, fine-tune on MOUNT-SEMERU-ERUPTION + TEXAS-TORNADOES, test on HURRICANE-LAURA",,,,,,,,Not started,
HRTBDA_COMBO_0495,HRTBDA,High Resolution Transformer Building Damage Assessment,No Transfer Learning,Random initialization,MOUNT-SEMERU-ERUPTION,TEXAS-TORNADOES,MOUNT-SEMERU-ERUPTION + TEXAS-TORNADOES,MOUNT-SEMERU-ERUPTION,/homes/j244s673/documents/wsu/phd/dataset/MOUNT-SEMERU-ERUPTION,/homes/j244s673/documents/wsu/phd/dataset/TEXAS-TORNADOES,/homes/j244s673/documents/wsu/phd/dataset/MOUNT-SEMERU-ERUPTION,train,val,test,"Train HRTBDA from scratch on MOUNT-SEMERU-ERUPTION + TEXAS-TORNADOES, test on MOUNT-SEMERU-ERUPTION",,,,,,,,Not started,
HRTBDA_COMBO_0496,HRTBDA,High Resolution Transformer Building Damage Assessment,xBD Transfer Learning,xBD pretrained HRTBDA checkpoint,MOUNT-SEMERU-ERUPTION,TEXAS-TORNADOES,MOUNT-SEMERU-ERUPTION + TEXAS-TORNADOES,MOUNT-SEMERU-ERUPTION,/homes/j244s673/documents/wsu/phd/dataset/MOUNT-SEMERU-ERUPTION,/homes/j244s673/documents/wsu/phd/dataset/TEXAS-TORNADOES,/homes/j244s673/documents/wsu/phd/dataset/MOUNT-SEMERU-ERUPTION,train,val,test,"Initialize HRTBDA with xBD pretrained weights, fine-tune on MOUNT-SEMERU-ERUPTION + TEXAS-TORNADOES, test on MOUNT-SEMERU-ERUPTION",,,,,,,,Not started,
HRTBDA_COMBO_0497,HRTBDA,High Resolution Transformer Building Damage Assessment,No Transfer Learning,Random initialization,MOUNT-SEMERU-ERUPTION,TEXAS-TORNADOES,MOUNT-SEMERU-ERUPTION + TEXAS-TORNADOES,STVINCENT-VOLCANO,/homes/j244s673/documents/wsu/phd/dataset/MOUNT-SEMERU-ERUPTION,/homes/j244s673/documents/wsu/phd/dataset/TEXAS-TORNADOES,/homes/j244s673/documents/wsu/phd/dataset/STVINCENT-VOLCANO,train,val,test,"Train HRTBDA from scratch on MOUNT-SEMERU-ERUPTION + TEXAS-TORNADOES, test on STVINCENT-VOLCANO",,,,,,,,Not started,
HRTBDA_COMBO_0498,HRTBDA,High Resolution Transformer Building Damage Assessment,xBD Transfer Learning,xBD pretrained HRTBDA checkpoint,MOUNT-SEMERU-ERUPTION,TEXAS-TORNADOES,MOUNT-SEMERU-ERUPTION + TEXAS-TORNADOES,STVINCENT-VOLCANO,/homes/j244s673/documents/wsu/phd/dataset/MOUNT-SEMERU-ERUPTION,/homes/j244s673/documents/wsu/phd/dataset/TEXAS-TORNADOES,/homes/j244s673/documents/wsu/phd/dataset/STVINCENT-VOLCANO,train,val,test,"Initialize HRTBDA with xBD pretrained weights, fine-tune on MOUNT-SEMERU-ERUPTION + TEXAS-TORNADOES, test on STVINCENT-VOLCANO",,,,,,,,Not started,
HRTBDA_COMBO_0499,HRTBDA,High Resolution Transformer Building Damage Assessment,No Transfer Learning,Random initialization,MOUNT-SEMERU-ERUPTION,TEXAS-TORNADOES,MOUNT-SEMERU-ERUPTION + TEXAS-TORNADOES,TEXAS-TORNADOES,/homes/j244s673/documents/wsu/phd/dataset/MOUNT-SEMERU-ERUPTION,/homes/j244s673/documents/wsu/phd/dataset/TEXAS-TORNADOES,/homes/j244s673/documents/wsu/phd/dataset/TEXAS-TORNADOES,train,val,test,"Train HRTBDA from scratch on MOUNT-SEMERU-ERUPTION + TEXAS-TORNADOES, test on TEXAS-TORNADOES",,,,,,,,Not started,
HRTBDA_COMBO_0500,HRTBDA,High Resolution Transformer Building Damage Assessment,xBD Transfer Learning,xBD pretrained HRTBDA checkpoint,MOUNT-SEMERU-ERUPTION,TEXAS-TORNADOES,MOUNT-SEMERU-ERUPTION + TEXAS-TORNADOES,TEXAS-TORNADOES,/homes/j244s673/documents/wsu/phd/dataset/MOUNT-SEMERU-ERUPTION,/homes/j244s673/documents/wsu/phd/dataset/TEXAS-TORNADOES,/homes/j244s673/documents/wsu/phd/dataset/TEXAS-TORNADOES,train,val,test,"Initialize HRTBDA with xBD pretrained weights, fine-tune on MOUNT-SEMERU-ERUPTION + TEXAS-TORNADOES, test on TEXAS-TORNADOES",,,,,,,,Not started,
HRTBDA_COMBO_0501,HRTBDA,High Resolution Transformer Building Damage Assessment,No Transfer Learning,Random initialization,MOUNT-SEMERU-ERUPTION,TEXAS-TORNADOES,MOUNT-SEMERU-ERUPTION + TEXAS-TORNADOES,TONGA-VOLCANO,/homes/j244s673/documents/wsu/phd/dataset/MOUNT-SEMERU-ERUPTION,/homes/j244s673/documents/wsu/phd/dataset/TEXAS-TORNADOES,/homes/j244s673/documents/wsu/phd/dataset/TONGA-VOLCANO,train,val,test,"Train HRTBDA from scratch on MOUNT-SEMERU-ERUPTION + TEXAS-TORNADOES, test on TONGA-VOLCANO",,,,,,,,Not started,
HRTBDA_COMBO_0502,HRTBDA,High Resolution Transformer Building Damage Assessment,xBD Transfer Learning,xBD pretrained HRTBDA checkpoint,MOUNT-SEMERU-ERUPTION,TEXAS-TORNADOES,MOUNT-SEMERU-ERUPTION + TEXAS-TORNADOES,TONGA-VOLCANO,/homes/j244s673/documents/wsu/phd/dataset/MOUNT-SEMERU-ERUPTION,/homes/j244s673/documents/wsu/phd/dataset/TEXAS-TORNADOES,/homes/j244s673/documents/wsu/phd/dataset/TONGA-VOLCANO,train,val,test,"Initialize HRTBDA with xBD pretrained weights, fine-tune on MOUNT-SEMERU-ERUPTION + TEXAS-TORNADOES, test on TONGA-VOLCANO",,,,,,,,Not started,
HRTBDA_COMBO_0503,HRTBDA,High Resolution Transformer Building Damage Assessment,No Transfer Learning,Random initialization,MOUNT-SEMERU-ERUPTION,TEXAS-TORNADOES,MOUNT-SEMERU-ERUPTION + TEXAS-TORNADOES,xBD,/homes/j244s673/documents/wsu/phd/dataset/MOUNT-SEMERU-ERUPTION,/homes/j244s673/documents/wsu/phd/dataset/TEXAS-TORNADOES,/homes/j244s673/documents/wsu/phd/dataset/xBD,train,val,test,"Train HRTBDA from scratch on MOUNT-SEMERU-ERUPTION + TEXAS-TORNADOES, test on xBD",,,,,,,,Not started,
HRTBDA_COMBO_0504,HRTBDA,High Resolution Transformer Building Damage Assessment,xBD Transfer Learning,xBD pretrained HRTBDA checkpoint,MOUNT-SEMERU-ERUPTION,TEXAS-TORNADOES,MOUNT-SEMERU-ERUPTION + TEXAS-TORNADOES,xBD,/homes/j244s673/documents/wsu/phd/dataset/MOUNT-SEMERU-ERUPTION,/homes/j244s673/documents/wsu/phd/dataset/TEXAS-TORNADOES,/homes/j244s673/documents/wsu/phd/dataset/xBD,train,val,test,"Initialize HRTBDA with xBD pretrained weights, fine-tune on MOUNT-SEMERU-ERUPTION + TEXAS-TORNADOES, test on xBD",,,,,,,,Not started,
HRTBDA_COMBO_0505,HRTBDA,High Resolution Transformer Building Damage Assessment,No Transfer Learning,Random initialization,MOUNT-SEMERU-ERUPTION,TONGA-VOLCANO,MOUNT-SEMERU-ERUPTION + TONGA-VOLCANO,EARTHQUAKE-TURKEY,/homes/j244s673/documents/wsu/phd/dataset/MOUNT-SEMERU-ERUPTION,/homes/j244s673/documents/wsu/phd/dataset/TONGA-VOLCANO,/homes/j244s673/documents/wsu/phd/dataset/EARTHQUAKE-TURKEY,train,val,test,"Train HRTBDA from scratch on MOUNT-SEMERU-ERUPTION + TONGA-VOLCANO, test on EARTHQUAKE-TURKEY",,,,,,,,Not started,
HRTBDA_COMBO_0506,HRTBDA,High Resolution Transformer Building Damage Assessment,xBD Transfer Learning,xBD pretrained HRTBDA checkpoint,MOUNT-SEMERU-ERUPTION,TONGA-VOLCANO,MOUNT-SEMERU-ERUPTION + TONGA-VOLCANO,EARTHQUAKE-TURKEY,/homes/j244s673/documents/wsu/phd/dataset/MOUNT-SEMERU-ERUPTION,/homes/j244s673/documents/wsu/phd/dataset/TONGA-VOLCANO,/homes/j244s673/documents/wsu/phd/dataset/EARTHQUAKE-TURKEY,train,val,test,"Initialize HRTBDA with xBD pretrained weights, fine-tune on MOUNT-SEMERU-ERUPTION + TONGA-VOLCANO, test on EARTHQUAKE-TURKEY",,,,,,,,Not started,
HRTBDA_COMBO_0507,HRTBDA,High Resolution Transformer Building Damage Assessment,No Transfer Learning,Random initialization,MOUNT-SEMERU-ERUPTION,TONGA-VOLCANO,MOUNT-SEMERU-ERUPTION + TONGA-VOLCANO,HURRICANE-DELTA,/homes/j244s673/documents/wsu/phd/dataset/MOUNT-SEMERU-ERUPTION,/homes/j244s673/documents/wsu/phd/dataset/TONGA-VOLCANO,/homes/j244s673/documents/wsu/phd/dataset/HURRICANE-DELTA,train,val,test,"Train HRTBDA from scratch on MOUNT-SEMERU-ERUPTION + TONGA-VOLCANO, test on HURRICANE-DELTA",,,,,,,,Not started,
HRTBDA_COMBO_0508,HRTBDA,High Resolution Transformer Building Damage Assessment,xBD Transfer Learning,xBD pretrained HRTBDA checkpoint,MOUNT-SEMERU-ERUPTION,TONGA-VOLCANO,MOUNT-SEMERU-ERUPTION + TONGA-VOLCANO,HURRICANE-DELTA,/homes/j244s673/documents/wsu/phd/dataset/MOUNT-SEMERU-ERUPTION,/homes/j244s673/documents/wsu/phd/dataset/TONGA-VOLCANO,/homes/j244s673/documents/wsu/phd/dataset/HURRICANE-DELTA,train,val,test,"Initialize HRTBDA with xBD pretrained weights, fine-tune on MOUNT-SEMERU-ERUPTION + TONGA-VOLCANO, test on HURRICANE-DELTA",,,,,,,,Not started,
HRTBDA_COMBO_0509,HRTBDA,High Resolution Transformer Building Damage Assessment,No Transfer Learning,Random initialization,MOUNT-SEMERU-ERUPTION,TONGA-VOLCANO,MOUNT-SEMERU-ERUPTION + TONGA-VOLCANO,HURRICANE-IAN,/homes/j244s673/documents/wsu/phd/dataset/MOUNT-SEMERU-ERUPTION,/homes/j244s673/documents/wsu/phd/dataset/TONGA-VOLCANO,/homes/j244s673/documents/wsu/phd/dataset/HURRICANE-IAN,train,val,test,"Train HRTBDA from scratch on MOUNT-SEMERU-ERUPTION + TONGA-VOLCANO, test on HURRICANE-IAN",,,,,,,,Not started,
HRTBDA_COMBO_0510,HRTBDA,High Resolution Transformer Building Damage Assessment,xBD Transfer Learning,xBD pretrained HRTBDA checkpoint,MOUNT-SEMERU-ERUPTION,TONGA-VOLCANO,MOUNT-SEMERU-ERUPTION + TONGA-VOLCANO,HURRICANE-IAN,/homes/j244s673/documents/wsu/phd/dataset/MOUNT-SEMERU-ERUPTION,/homes/j244s673/documents/wsu/phd/dataset/TONGA-VOLCANO,/homes/j244s673/documents/wsu/phd/dataset/HURRICANE-IAN,train,val,test,"Initialize HRTBDA with xBD pretrained weights, fine-tune on MOUNT-SEMERU-ERUPTION + TONGA-VOLCANO, test on HURRICANE-IAN",,,,,,,,Not started,
HRTBDA_COMBO_0511,HRTBDA,High Resolution Transformer Building Damage Assessment,No Transfer Learning,Random initialization,MOUNT-SEMERU-ERUPTION,TONGA-VOLCANO,MOUNT-SEMERU-ERUPTION + TONGA-VOLCANO,HURRICANE-LAURA,/homes/j244s673/documents/wsu/phd/dataset/MOUNT-SEMERU-ERUPTION,/homes/j244s673/documents/wsu/phd/dataset/TONGA-VOLCANO,/homes/j244s673/documents/wsu/phd/dataset/HURRICANE-LAURA,train,val,test,"Train HRTBDA from scratch on MOUNT-SEMERU-ERUPTION + TONGA-VOLCANO, test on HURRICANE-LAURA",,,,,,,,Not started,
HRTBDA_COMBO_0512,HRTBDA,High Resolution Transformer Building Damage Assessment,xBD Transfer Learning,xBD pretrained HRTBDA checkpoint,MOUNT-SEMERU-ERUPTION,TONGA-VOLCANO,MOUNT-SEMERU-ERUPTION + TONGA-VOLCANO,HURRICANE-LAURA,/homes/j244s673/documents/wsu/phd/dataset/MOUNT-SEMERU-ERUPTION,/homes/j244s673/documents/wsu/phd/dataset/TONGA-VOLCANO,/homes/j244s673/documents/wsu/phd/dataset/HURRICANE-LAURA,train,val,test,"Initialize HRTBDA with xBD pretrained weights, fine-tune on MOUNT-SEMERU-ERUPTION + TONGA-VOLCANO, test on HURRICANE-LAURA",,,,,,,,Not started,
HRTBDA_COMBO_0513,HRTBDA,High Resolution Transformer Building Damage Assessment,No Transfer Learning,Random initialization,MOUNT-SEMERU-ERUPTION,TONGA-VOLCANO,MOUNT-SEMERU-ERUPTION + TONGA-VOLCANO,MOUNT-SEMERU-ERUPTION,/homes/j244s673/documents/wsu/phd/dataset/MOUNT-SEMERU-ERUPTION,/homes/j244s673/documents/wsu/phd/dataset/TONGA-VOLCANO,/homes/j244s673/documents/wsu/phd/dataset/MOUNT-SEMERU-ERUPTION,train,val,test,"Train HRTBDA from scratch on MOUNT-SEMERU-ERUPTION + TONGA-VOLCANO, test on MOUNT-SEMERU-ERUPTION",,,,,,,,Not started,
HRTBDA_COMBO_0514,HRTBDA,High Resolution Transformer Building Damage Assessment,xBD Transfer Learning,xBD pretrained HRTBDA checkpoint,MOUNT-SEMERU-ERUPTION,TONGA-VOLCANO,MOUNT-SEMERU-ERUPTION + TONGA-VOLCANO,MOUNT-SEMERU-ERUPTION,/homes/j244s673/documents/wsu/phd/dataset/MOUNT-SEMERU-ERUPTION,/homes/j244s673/documents/wsu/phd/dataset/TONGA-VOLCANO,/homes/j244s673/documents/wsu/phd/dataset/MOUNT-SEMERU-ERUPTION,train,val,test,"Initialize HRTBDA with xBD pretrained weights, fine-tune on MOUNT-SEMERU-ERUPTION + TONGA-VOLCANO, test on MOUNT-SEMERU-ERUPTION",,,,,,,,Not started,
HRTBDA_COMBO_0515,HRTBDA,High Resolution Transformer Building Damage Assessment,No Transfer Learning,Random initialization,MOUNT-SEMERU-ERUPTION,TONGA-VOLCANO,MOUNT-SEMERU-ERUPTION + TONGA-VOLCANO,STVINCENT-VOLCANO,/homes/j244s673/documents/wsu/phd/dataset/MOUNT-SEMERU-ERUPTION,/homes/j244s673/documents/wsu/phd/dataset/TONGA-VOLCANO,/homes/j244s673/documents/wsu/phd/dataset/STVINCENT-VOLCANO,train,val,test,"Train HRTBDA from scratch on MOUNT-SEMERU-ERUPTION + TONGA-VOLCANO, test on STVINCENT-VOLCANO",,,,,,,,Not started,
HRTBDA_COMBO_0516,HRTBDA,High Resolution Transformer Building Damage Assessment,xBD Transfer Learning,xBD pretrained HRTBDA checkpoint,MOUNT-SEMERU-ERUPTION,TONGA-VOLCANO,MOUNT-SEMERU-ERUPTION + TONGA-VOLCANO,STVINCENT-VOLCANO,/homes/j244s673/documents/wsu/phd/dataset/MOUNT-SEMERU-ERUPTION,/homes/j244s673/documents/wsu/phd/dataset/TONGA-VOLCANO,/homes/j244s673/documents/wsu/phd/dataset/STVINCENT-VOLCANO,train,val,test,"Initialize HRTBDA with xBD pretrained weights, fine-tune on MOUNT-SEMERU-ERUPTION + TONGA-VOLCANO, test on STVINCENT-VOLCANO",,,,,,,,Not started,
HRTBDA_COMBO_0517,HRTBDA,High Resolution Transformer Building Damage Assessment,No Transfer Learning,Random initialization,MOUNT-SEMERU-ERUPTION,TONGA-VOLCANO,MOUNT-SEMERU-ERUPTION + TONGA-VOLCANO,TEXAS-TORNADOES,/homes/j244s673/documents/wsu/phd/dataset/MOUNT-SEMERU-ERUPTION,/homes/j244s673/documents/wsu/phd/dataset/TONGA-VOLCANO,/homes/j244s673/documents/wsu/phd/dataset/TEXAS-TORNADOES,train,val,test,"Train HRTBDA from scratch on MOUNT-SEMERU-ERUPTION + TONGA-VOLCANO, test on TEXAS-TORNADOES",,,,,,,,Not started,
HRTBDA_COMBO_0518,HRTBDA,High Resolution Transformer Building Damage Assessment,xBD Transfer Learning,xBD pretrained HRTBDA checkpoint,MOUNT-SEMERU-ERUPTION,TONGA-VOLCANO,MOUNT-SEMERU-ERUPTION + TONGA-VOLCANO,TEXAS-TORNADOES,/homes/j244s673/documents/wsu/phd/dataset/MOUNT-SEMERU-ERUPTION,/homes/j244s673/documents/wsu/phd/dataset/TONGA-VOLCANO,/homes/j244s673/documents/wsu/phd/dataset/TEXAS-TORNADOES,train,val,test,"Initialize HRTBDA with xBD pretrained weights, fine-tune on MOUNT-SEMERU-ERUPTION + TONGA-VOLCANO, test on TEXAS-TORNADOES",,,,,,,,Not started,
HRTBDA_COMBO_0519,HRTBDA,High Resolution Transformer Building Damage Assessment,No Transfer Learning,Random initialization,MOUNT-SEMERU-ERUPTION,TONGA-VOLCANO,MOUNT-SEMERU-ERUPTION + TONGA-VOLCANO,TONGA-VOLCANO,/homes/j244s673/documents/wsu/phd/dataset/MOUNT-SEMERU-ERUPTION,/homes/j244s673/documents/wsu/phd/dataset/TONGA-VOLCANO,/homes/j244s673/documents/wsu/phd/dataset/TONGA-VOLCANO,train,val,test,"Train HRTBDA from scratch on MOUNT-SEMERU-ERUPTION + TONGA-VOLCANO, test on TONGA-VOLCANO",,,,,,,,Not started,
HRTBDA_COMBO_0520,HRTBDA,High Resolution Transformer Building Damage Assessment,xBD Transfer Learning,xBD pretrained HRTBDA checkpoint,MOUNT-SEMERU-ERUPTION,TONGA-VOLCANO,MOUNT-SEMERU-ERUPTION + TONGA-VOLCANO,TONGA-VOLCANO,/homes/j244s673/documents/wsu/phd/dataset/MOUNT-SEMERU-ERUPTION,/homes/j244s673/documents/wsu/phd/dataset/TONGA-VOLCANO,/homes/j244s673/documents/wsu/phd/dataset/TONGA-VOLCANO,train,val,test,"Initialize HRTBDA with xBD pretrained weights, fine-tune on MOUNT-SEMERU-ERUPTION + TONGA-VOLCANO, test on TONGA-VOLCANO",,,,,,,,Not started,
HRTBDA_COMBO_0521,HRTBDA,High Resolution Transformer Building Damage Assessment,No Transfer Learning,Random initialization,MOUNT-SEMERU-ERUPTION,TONGA-VOLCANO,MOUNT-SEMERU-ERUPTION + TONGA-VOLCANO,xBD,/homes/j244s673/documents/wsu/phd/dataset/MOUNT-SEMERU-ERUPTION,/homes/j244s673/documents/wsu/phd/dataset/TONGA-VOLCANO,/homes/j244s673/documents/wsu/phd/dataset/xBD,train,val,test,"Train HRTBDA from scratch on MOUNT-SEMERU-ERUPTION + TONGA-VOLCANO, test on xBD",,,,,,,,Not started,
HRTBDA_COMBO_0522,HRTBDA,High Resolution Transformer Building Damage Assessment,xBD Transfer Learning,xBD pretrained HRTBDA checkpoint,MOUNT-SEMERU-ERUPTION,TONGA-VOLCANO,MOUNT-SEMERU-ERUPTION + TONGA-VOLCANO,xBD,/homes/j244s673/documents/wsu/phd/dataset/MOUNT-SEMERU-ERUPTION,/homes/j244s673/documents/wsu/phd/dataset/TONGA-VOLCANO,/homes/j244s673/documents/wsu/phd/dataset/xBD,train,val,test,"Initialize HRTBDA with xBD pretrained weights, fine-tune on MOUNT-SEMERU-ERUPTION + TONGA-VOLCANO, test on xBD",,,,,,,,Not started,
HRTBDA_COMBO_0523,HRTBDA,High Resolution Transformer Building Damage Assessment,No Transfer Learning,Random initialization,MOUNT-SEMERU-ERUPTION,xBD,MOUNT-SEMERU-ERUPTION + xBD,EARTHQUAKE-TURKEY,/homes/j244s673/documents/wsu/phd/dataset/MOUNT-SEMERU-ERUPTION,/homes/j244s673/documents/wsu/phd/dataset/xBD,/homes/j244s673/documents/wsu/phd/dataset/EARTHQUAKE-TURKEY,train,val,test,"Train HRTBDA from scratch on MOUNT-SEMERU-ERUPTION + xBD, test on EARTHQUAKE-TURKEY",,,,,,,,Not started,
HRTBDA_COMBO_0524,HRTBDA,High Resolution Transformer Building Damage Assessment,xBD Transfer Learning,xBD pretrained HRTBDA checkpoint,MOUNT-SEMERU-ERUPTION,xBD,MOUNT-SEMERU-ERUPTION + xBD,EARTHQUAKE-TURKEY,/homes/j244s673/documents/wsu/phd/dataset/MOUNT-SEMERU-ERUPTION,/homes/j244s673/documents/wsu/phd/dataset/xBD,/homes/j244s673/documents/wsu/phd/dataset/EARTHQUAKE-TURKEY,train,val,test,"Initialize HRTBDA with xBD pretrained weights, fine-tune on MOUNT-SEMERU-ERUPTION + xBD, test on EARTHQUAKE-TURKEY",,,,,,,,Not started,
HRTBDA_COMBO_0525,HRTBDA,High Resolution Transformer Building Damage Assessment,No Transfer Learning,Random initialization,MOUNT-SEMERU-ERUPTION,xBD,MOUNT-SEMERU-ERUPTION + xBD,HURRICANE-DELTA,/homes/j244s673/documents/wsu/phd/dataset/MOUNT-SEMERU-ERUPTION,/homes/j244s673/documents/wsu/phd/dataset/xBD,/homes/j244s673/documents/wsu/phd/dataset/HURRICANE-DELTA,train,val,test,"Train HRTBDA from scratch on MOUNT-SEMERU-ERUPTION + xBD, test on HURRICANE-DELTA",,,,,,,,Not started,
HRTBDA_COMBO_0526,HRTBDA,High Resolution Transformer Building Damage Assessment,xBD Transfer Learning,xBD pretrained HRTBDA checkpoint,MOUNT-SEMERU-ERUPTION,xBD,MOUNT-SEMERU-ERUPTION + xBD,HURRICANE-DELTA,/homes/j244s673/documents/wsu/phd/dataset/MOUNT-SEMERU-ERUPTION,/homes/j244s673/documents/wsu/phd/dataset/xBD,/homes/j244s673/documents/wsu/phd/dataset/HURRICANE-DELTA,train,val,test,"Initialize HRTBDA with xBD pretrained weights, fine-tune on MOUNT-SEMERU-ERUPTION + xBD, test on HURRICANE-DELTA",,,,,,,,Not started,
HRTBDA_COMBO_0527,HRTBDA,High Resolution Transformer Building Damage Assessment,No Transfer Learning,Random initialization,MOUNT-SEMERU-ERUPTION,xBD,MOUNT-SEMERU-ERUPTION + xBD,HURRICANE-IAN,/homes/j244s673/documents/wsu/phd/dataset/MOUNT-SEMERU-ERUPTION,/homes/j244s673/documents/wsu/phd/dataset/xBD,/homes/j244s673/documents/wsu/phd/dataset/HURRICANE-IAN,train,val,test,"Train HRTBDA from scratch on MOUNT-SEMERU-ERUPTION + xBD, test on HURRICANE-IAN",,,,,,,,Not started,
HRTBDA_COMBO_0528,HRTBDA,High Resolution Transformer Building Damage Assessment,xBD Transfer Learning,xBD pretrained HRTBDA checkpoint,MOUNT-SEMERU-ERUPTION,xBD,MOUNT-SEMERU-ERUPTION + xBD,HURRICANE-IAN,/homes/j244s673/documents/wsu/phd/dataset/MOUNT-SEMERU-ERUPTION,/homes/j244s673/documents/wsu/phd/dataset/xBD,/homes/j244s673/documents/wsu/phd/dataset/HURRICANE-IAN,train,val,test,"Initialize HRTBDA with xBD pretrained weights, fine-tune on MOUNT-SEMERU-ERUPTION + xBD, test on HURRICANE-IAN",,,,,,,,Not started,
HRTBDA_COMBO_0529,HRTBDA,High Resolution Transformer Building Damage Assessment,No Transfer Learning,Random initialization,MOUNT-SEMERU-ERUPTION,xBD,MOUNT-SEMERU-ERUPTION + xBD,HURRICANE-LAURA,/homes/j244s673/documents/wsu/phd/dataset/MOUNT-SEMERU-ERUPTION,/homes/j244s673/documents/wsu/phd/dataset/xBD,/homes/j244s673/documents/wsu/phd/dataset/HURRICANE-LAURA,train,val,test,"Train HRTBDA from scratch on MOUNT-SEMERU-ERUPTION + xBD, test on HURRICANE-LAURA",,,,,,,,Not started,
HRTBDA_COMBO_0530,HRTBDA,High Resolution Transformer Building Damage Assessment,xBD Transfer Learning,xBD pretrained HRTBDA checkpoint,MOUNT-SEMERU-ERUPTION,xBD,MOUNT-SEMERU-ERUPTION + xBD,HURRICANE-LAURA,/homes/j244s673/documents/wsu/phd/dataset/MOUNT-SEMERU-ERUPTION,/homes/j244s673/documents/wsu/phd/dataset/xBD,/homes/j244s673/documents/wsu/phd/dataset/HURRICANE-LAURA,train,val,test,"Initialize HRTBDA with xBD pretrained weights, fine-tune on MOUNT-SEMERU-ERUPTION + xBD, test on HURRICANE-LAURA",,,,,,,,Not started,
HRTBDA_COMBO_0531,HRTBDA,High Resolution Transformer Building Damage Assessment,No Transfer Learning,Random initialization,MOUNT-SEMERU-ERUPTION,xBD,MOUNT-SEMERU-ERUPTION + xBD,MOUNT-SEMERU-ERUPTION,/homes/j244s673/documents/wsu/phd/dataset/MOUNT-SEMERU-ERUPTION,/homes/j244s673/documents/wsu/phd/dataset/xBD,/homes/j244s673/documents/wsu/phd/dataset/MOUNT-SEMERU-ERUPTION,train,val,test,"Train HRTBDA from scratch on MOUNT-SEMERU-ERUPTION + xBD, test on MOUNT-SEMERU-ERUPTION",,,,,,,,Not started,
HRTBDA_COMBO_0532,HRTBDA,High Resolution Transformer Building Damage Assessment,xBD Transfer Learning,xBD pretrained HRTBDA checkpoint,MOUNT-SEMERU-ERUPTION,xBD,MOUNT-SEMERU-ERUPTION + xBD,MOUNT-SEMERU-ERUPTION,/homes/j244s673/documents/wsu/phd/dataset/MOUNT-SEMERU-ERUPTION,/homes/j244s673/documents/wsu/phd/dataset/xBD,/homes/j244s673/documents/wsu/phd/dataset/MOUNT-SEMERU-ERUPTION,train,val,test,"Initialize HRTBDA with xBD pretrained weights, fine-tune on MOUNT-SEMERU-ERUPTION + xBD, test on MOUNT-SEMERU-ERUPTION",,,,,,,,Not started,
HRTBDA_COMBO_0533,HRTBDA,High Resolution Transformer Building Damage Assessment,No Transfer Learning,Random initialization,MOUNT-SEMERU-ERUPTION,xBD,MOUNT-SEMERU-ERUPTION + xBD,STVINCENT-VOLCANO,/homes/j244s673/documents/wsu/phd/dataset/MOUNT-SEMERU-ERUPTION,/homes/j244s673/documents/wsu/phd/dataset/xBD,/homes/j244s673/documents/wsu/phd/dataset/STVINCENT-VOLCANO,train,val,test,"Train HRTBDA from scratch on MOUNT-SEMERU-ERUPTION + xBD, test on STVINCENT-VOLCANO",,,,,,,,Not started,
HRTBDA_COMBO_0534,HRTBDA,High Resolution Transformer Building Damage Assessment,xBD Transfer Learning,xBD pretrained HRTBDA checkpoint,MOUNT-SEMERU-ERUPTION,xBD,MOUNT-SEMERU-ERUPTION + xBD,STVINCENT-VOLCANO,/homes/j244s673/documents/wsu/phd/dataset/MOUNT-SEMERU-ERUPTION,/homes/j244s673/documents/wsu/phd/dataset/xBD,/homes/j244s673/documents/wsu/phd/dataset/STVINCENT-VOLCANO,train,val,test,"Initialize HRTBDA with xBD pretrained weights, fine-tune on MOUNT-SEMERU-ERUPTION + xBD, test on STVINCENT-VOLCANO",,,,,,,,Not started,
HRTBDA_COMBO_0535,HRTBDA,High Resolution Transformer Building Damage Assessment,No Transfer Learning,Random initialization,MOUNT-SEMERU-ERUPTION,xBD,MOUNT-SEMERU-ERUPTION + xBD,TEXAS-TORNADOES,/homes/j244s673/documents/wsu/phd/dataset/MOUNT-SEMERU-ERUPTION,/homes/j244s673/documents/wsu/phd/dataset/xBD,/homes/j244s673/documents/wsu/phd/dataset/TEXAS-TORNADOES,train,val,test,"Train HRTBDA from scratch on MOUNT-SEMERU-ERUPTION + xBD, test on TEXAS-TORNADOES",,,,,,,,Not started,
HRTBDA_COMBO_0536,HRTBDA,High Resolution Transformer Building Damage Assessment,xBD Transfer Learning,xBD pretrained HRTBDA checkpoint,MOUNT-SEMERU-ERUPTION,xBD,MOUNT-SEMERU-ERUPTION + xBD,TEXAS-TORNADOES,/homes/j244s673/documents/wsu/phd/dataset/MOUNT-SEMERU-ERUPTION,/homes/j244s673/documents/wsu/phd/dataset/xBD,/homes/j244s673/documents/wsu/phd/dataset/TEXAS-TORNADOES,train,val,test,"Initialize HRTBDA with xBD pretrained weights, fine-tune on MOUNT-SEMERU-ERUPTION + xBD, test on TEXAS-TORNADOES",,,,,,,,Not started,
HRTBDA_COMBO_0537,HRTBDA,High Resolution Transformer Building Damage Assessment,No Transfer Learning,Random initialization,MOUNT-SEMERU-ERUPTION,xBD,MOUNT-SEMERU-ERUPTION + xBD,TONGA-VOLCANO,/homes/j244s673/documents/wsu/phd/dataset/MOUNT-SEMERU-ERUPTION,/homes/j244s673/documents/wsu/phd/dataset/xBD,/homes/j244s673/documents/wsu/phd/dataset/TONGA-VOLCANO,train,val,test,"Train HRTBDA from scratch on MOUNT-SEMERU-ERUPTION + xBD, test on TONGA-VOLCANO",,,,,,,,Not started,
HRTBDA_COMBO_0538,HRTBDA,High Resolution Transformer Building Damage Assessment,xBD Transfer Learning,xBD pretrained HRTBDA checkpoint,MOUNT-SEMERU-ERUPTION,xBD,MOUNT-SEMERU-ERUPTION + xBD,TONGA-VOLCANO,/homes/j244s673/documents/wsu/phd/dataset/MOUNT-SEMERU-ERUPTION,/homes/j244s673/documents/wsu/phd/dataset/xBD,/homes/j244s673/documents/wsu/phd/dataset/TONGA-VOLCANO,train,val,test,"Initialize HRTBDA with xBD pretrained weights, fine-tune on MOUNT-SEMERU-ERUPTION + xBD, test on TONGA-VOLCANO",,,,,,,,Not started,
HRTBDA_COMBO_0539,HRTBDA,High Resolution Transformer Building Damage Assessment,No Transfer Learning,Random initialization,MOUNT-SEMERU-ERUPTION,xBD,MOUNT-SEMERU-ERUPTION + xBD,xBD,/homes/j244s673/documents/wsu/phd/dataset/MOUNT-SEMERU-ERUPTION,/homes/j244s673/documents/wsu/phd/dataset/xBD,/homes/j244s673/documents/wsu/phd/dataset/xBD,train,val,test,"Train HRTBDA from scratch on MOUNT-SEMERU-ERUPTION + xBD, test on xBD",,,,,,,,Not started,
HRTBDA_COMBO_0540,HRTBDA,High Resolution Transformer Building Damage Assessment,xBD Transfer Learning,xBD pretrained HRTBDA checkpoint,MOUNT-SEMERU-ERUPTION,xBD,MOUNT-SEMERU-ERUPTION + xBD,xBD,/homes/j244s673/documents/wsu/phd/dataset/MOUNT-SEMERU-ERUPTION,/homes/j244s673/documents/wsu/phd/dataset/xBD,/homes/j244s673/documents/wsu/phd/dataset/xBD,train,val,test,"Initialize HRTBDA with xBD pretrained weights, fine-tune on MOUNT-SEMERU-ERUPTION + xBD, test on xBD",,,,,,,,Not started,
HRTBDA_COMBO_0541,HRTBDA,High Resolution Transformer Building Damage Assessment,No Transfer Learning,Random initialization,STVINCENT-VOLCANO,TEXAS-TORNADOES,STVINCENT-VOLCANO + TEXAS-TORNADOES,EARTHQUAKE-TURKEY,/homes/j244s673/documents/wsu/phd/dataset/STVINCENT-VOLCANO,/homes/j244s673/documents/wsu/phd/dataset/TEXAS-TORNADOES,/homes/j244s673/documents/wsu/phd/dataset/EARTHQUAKE-TURKEY,train,val,test,"Train HRTBDA from scratch on STVINCENT-VOLCANO + TEXAS-TORNADOES, test on EARTHQUAKE-TURKEY",,,,,,,,Not started,
HRTBDA_COMBO_0542,HRTBDA,High Resolution Transformer Building Damage Assessment,xBD Transfer Learning,xBD pretrained HRTBDA checkpoint,STVINCENT-VOLCANO,TEXAS-TORNADOES,STVINCENT-VOLCANO + TEXAS-TORNADOES,EARTHQUAKE-TURKEY,/homes/j244s673/documents/wsu/phd/dataset/STVINCENT-VOLCANO,/homes/j244s673/documents/wsu/phd/dataset/TEXAS-TORNADOES,/homes/j244s673/documents/wsu/phd/dataset/EARTHQUAKE-TURKEY,train,val,test,"Initialize HRTBDA with xBD pretrained weights, fine-tune on STVINCENT-VOLCANO + TEXAS-TORNADOES, test on EARTHQUAKE-TURKEY",,,,,,,,Not started,
HRTBDA_COMBO_0543,HRTBDA,High Resolution Transformer Building Damage Assessment,No Transfer Learning,Random initialization,STVINCENT-VOLCANO,TEXAS-TORNADOES,STVINCENT-VOLCANO + TEXAS-TORNADOES,HURRICANE-DELTA,/homes/j244s673/documents/wsu/phd/dataset/STVINCENT-VOLCANO,/homes/j244s673/documents/wsu/phd/dataset/TEXAS-TORNADOES,/homes/j244s673/documents/wsu/phd/dataset/HURRICANE-DELTA,train,val,test,"Train HRTBDA from scratch on STVINCENT-VOLCANO + TEXAS-TORNADOES, test on HURRICANE-DELTA",,,,,,,,Not started,
HRTBDA_COMBO_0544,HRTBDA,High Resolution Transformer Building Damage Assessment,xBD Transfer Learning,xBD pretrained HRTBDA checkpoint,STVINCENT-VOLCANO,TEXAS-TORNADOES,STVINCENT-VOLCANO + TEXAS-TORNADOES,HURRICANE-DELTA,/homes/j244s673/documents/wsu/phd/dataset/STVINCENT-VOLCANO,/homes/j244s673/documents/wsu/phd/dataset/TEXAS-TORNADOES,/homes/j244s673/documents/wsu/phd/dataset/HURRICANE-DELTA,train,val,test,"Initialize HRTBDA with xBD pretrained weights, fine-tune on STVINCENT-VOLCANO + TEXAS-TORNADOES, test on HURRICANE-DELTA",,,,,,,,Not started,
HRTBDA_COMBO_0545,HRTBDA,High Resolution Transformer Building Damage Assessment,No Transfer Learning,Random initialization,STVINCENT-VOLCANO,TEXAS-TORNADOES,STVINCENT-VOLCANO + TEXAS-TORNADOES,HURRICANE-IAN,/homes/j244s673/documents/wsu/phd/dataset/STVINCENT-VOLCANO,/homes/j244s673/documents/wsu/phd/dataset/TEXAS-TORNADOES,/homes/j244s673/documents/wsu/phd/dataset/HURRICANE-IAN,train,val,test,"Train HRTBDA from scratch on STVINCENT-VOLCANO + TEXAS-TORNADOES, test on HURRICANE-IAN",,,,,,,,Not started,
HRTBDA_COMBO_0546,HRTBDA,High Resolution Transformer Building Damage Assessment,xBD Transfer Learning,xBD pretrained HRTBDA checkpoint,STVINCENT-VOLCANO,TEXAS-TORNADOES,STVINCENT-VOLCANO + TEXAS-TORNADOES,HURRICANE-IAN,/homes/j244s673/documents/wsu/phd/dataset/STVINCENT-VOLCANO,/homes/j244s673/documents/wsu/phd/dataset/TEXAS-TORNADOES,/homes/j244s673/documents/wsu/phd/dataset/HURRICANE-IAN,train,val,test,"Initialize HRTBDA with xBD pretrained weights, fine-tune on STVINCENT-VOLCANO + TEXAS-TORNADOES, test on HURRICANE-IAN",,,,,,,,Not started,
HRTBDA_COMBO_0547,HRTBDA,High Resolution Transformer Building Damage Assessment,No Transfer Learning,Random initialization,STVINCENT-VOLCANO,TEXAS-TORNADOES,STVINCENT-VOLCANO + TEXAS-TORNADOES,HURRICANE-LAURA,/homes/j244s673/documents/wsu/phd/dataset/STVINCENT-VOLCANO,/homes/j244s673/documents/wsu/phd/dataset/TEXAS-TORNADOES,/homes/j244s673/documents/wsu/phd/dataset/HURRICANE-LAURA,train,val,test,"Train HRTBDA from scratch on STVINCENT-VOLCANO + TEXAS-TORNADOES, test on HURRICANE-LAURA",,,,,,,,Not started,
HRTBDA_COMBO_0548,HRTBDA,High Resolution Transformer Building Damage Assessment,xBD Transfer Learning,xBD pretrained HRTBDA checkpoint,STVINCENT-VOLCANO,TEXAS-TORNADOES,STVINCENT-VOLCANO + TEXAS-TORNADOES,HURRICANE-LAURA,/homes/j244s673/documents/wsu/phd/dataset/STVINCENT-VOLCANO,/homes/j244s673/documents/wsu/phd/dataset/TEXAS-TORNADOES,/homes/j244s673/documents/wsu/phd/dataset/HURRICANE-LAURA,train,val,test,"Initialize HRTBDA with xBD pretrained weights, fine-tune on STVINCENT-VOLCANO + TEXAS-TORNADOES, test on HURRICANE-LAURA",,,,,,,,Not started,
HRTBDA_COMBO_0549,HRTBDA,High Resolution Transformer Building Damage Assessment,No Transfer Learning,Random initialization,STVINCENT-VOLCANO,TEXAS-TORNADOES,STVINCENT-VOLCANO + TEXAS-TORNADOES,MOUNT-SEMERU-ERUPTION,/homes/j244s673/documents/wsu/phd/dataset/STVINCENT-VOLCANO,/homes/j244s673/documents/wsu/phd/dataset/TEXAS-TORNADOES,/homes/j244s673/documents/wsu/phd/dataset/MOUNT-SEMERU-ERUPTION,train,val,test,"Train HRTBDA from scratch on STVINCENT-VOLCANO + TEXAS-TORNADOES, test on MOUNT-SEMERU-ERUPTION",,,,,,,,Not started,
HRTBDA_COMBO_0550,HRTBDA,High Resolution Transformer Building Damage Assessment,xBD Transfer Learning,xBD pretrained HRTBDA checkpoint,STVINCENT-VOLCANO,TEXAS-TORNADOES,STVINCENT-VOLCANO + TEXAS-TORNADOES,MOUNT-SEMERU-ERUPTION,/homes/j244s673/documents/wsu/phd/dataset/STVINCENT-VOLCANO,/homes/j244s673/documents/wsu/phd/dataset/TEXAS-TORNADOES,/homes/j244s673/documents/wsu/phd/dataset/MOUNT-SEMERU-ERUPTION,train,val,test,"Initialize HRTBDA with xBD pretrained weights, fine-tune on STVINCENT-VOLCANO + TEXAS-TORNADOES, test on MOUNT-SEMERU-ERUPTION",,,,,,,,Not started,
HRTBDA_COMBO_0551,HRTBDA,High Resolution Transformer Building Damage Assessment,No Transfer Learning,Random initialization,STVINCENT-VOLCANO,TEXAS-TORNADOES,STVINCENT-VOLCANO + TEXAS-TORNADOES,STVINCENT-VOLCANO,/homes/j244s673/documents/wsu/phd/dataset/STVINCENT-VOLCANO,/homes/j244s673/documents/wsu/phd/dataset/TEXAS-TORNADOES,/homes/j244s673/documents/wsu/phd/dataset/STVINCENT-VOLCANO,train,val,test,"Train HRTBDA from scratch on STVINCENT-VOLCANO + TEXAS-TORNADOES, test on STVINCENT-VOLCANO",,,,,,,,Not started,
HRTBDA_COMBO_0552,HRTBDA,High Resolution Transformer Building Damage Assessment,xBD Transfer Learning,xBD pretrained HRTBDA checkpoint,STVINCENT-VOLCANO,TEXAS-TORNADOES,STVINCENT-VOLCANO + TEXAS-TORNADOES,STVINCENT-VOLCANO,/homes/j244s673/documents/wsu/phd/dataset/STVINCENT-VOLCANO,/homes/j244s673/documents/wsu/phd/dataset/TEXAS-TORNADOES,/homes/j244s673/documents/wsu/phd/dataset/STVINCENT-VOLCANO,train,val,test,"Initialize HRTBDA with xBD pretrained weights, fine-tune on STVINCENT-VOLCANO + TEXAS-TORNADOES, test on STVINCENT-VOLCANO",,,,,,,,Not started,
HRTBDA_COMBO_0553,HRTBDA,High Resolution Transformer Building Damage Assessment,No Transfer Learning,Random initialization,STVINCENT-VOLCANO,TEXAS-TORNADOES,STVINCENT-VOLCANO + TEXAS-TORNADOES,TEXAS-TORNADOES,/homes/j244s673/documents/wsu/phd/dataset/STVINCENT-VOLCANO,/homes/j244s673/documents/wsu/phd/dataset/TEXAS-TORNADOES,/homes/j244s673/documents/wsu/phd/dataset/TEXAS-TORNADOES,train,val,test,"Train HRTBDA from scratch on STVINCENT-VOLCANO + TEXAS-TORNADOES, test on TEXAS-TORNADOES",,,,,,,,Not started,
HRTBDA_COMBO_0554,HRTBDA,High Resolution Transformer Building Damage Assessment,xBD Transfer Learning,xBD pretrained HRTBDA checkpoint,STVINCENT-VOLCANO,TEXAS-TORNADOES,STVINCENT-VOLCANO + TEXAS-TORNADOES,TEXAS-TORNADOES,/homes/j244s673/documents/wsu/phd/dataset/STVINCENT-VOLCANO,/homes/j244s673/documents/wsu/phd/dataset/TEXAS-TORNADOES,/homes/j244s673/documents/wsu/phd/dataset/TEXAS-TORNADOES,train,val,test,"Initialize HRTBDA with xBD pretrained weights, fine-tune on STVINCENT-VOLCANO + TEXAS-TORNADOES, test on TEXAS-TORNADOES",,,,,,,,Not started,
HRTBDA_COMBO_0555,HRTBDA,High Resolution Transformer Building Damage Assessment,No Transfer Learning,Random initialization,STVINCENT-VOLCANO,TEXAS-TORNADOES,STVINCENT-VOLCANO + TEXAS-TORNADOES,TONGA-VOLCANO,/homes/j244s673/documents/wsu/phd/dataset/STVINCENT-VOLCANO,/homes/j244s673/documents/wsu/phd/dataset/TEXAS-TORNADOES,/homes/j244s673/documents/wsu/phd/dataset/TONGA-VOLCANO,train,val,test,"Train HRTBDA from scratch on STVINCENT-VOLCANO + TEXAS-TORNADOES, test on TONGA-VOLCANO",,,,,,,,Not started,
HRTBDA_COMBO_0556,HRTBDA,High Resolution Transformer Building Damage Assessment,xBD Transfer Learning,xBD pretrained HRTBDA checkpoint,STVINCENT-VOLCANO,TEXAS-TORNADOES,STVINCENT-VOLCANO + TEXAS-TORNADOES,TONGA-VOLCANO,/homes/j244s673/documents/wsu/phd/dataset/STVINCENT-VOLCANO,/homes/j244s673/documents/wsu/phd/dataset/TEXAS-TORNADOES,/homes/j244s673/documents/wsu/phd/dataset/TONGA-VOLCANO,train,val,test,"Initialize HRTBDA with xBD pretrained weights, fine-tune on STVINCENT-VOLCANO + TEXAS-TORNADOES, test on TONGA-VOLCANO",,,,,,,,Not started,
HRTBDA_COMBO_0557,HRTBDA,High Resolution Transformer Building Damage Assessment,No Transfer Learning,Random initialization,STVINCENT-VOLCANO,TEXAS-TORNADOES,STVINCENT-VOLCANO + TEXAS-TORNADOES,xBD,/homes/j244s673/documents/wsu/phd/dataset/STVINCENT-VOLCANO,/homes/j244s673/documents/wsu/phd/dataset/TEXAS-TORNADOES,/homes/j244s673/documents/wsu/phd/dataset/xBD,train,val,test,"Train HRTBDA from scratch on STVINCENT-VOLCANO + TEXAS-TORNADOES, test on xBD",,,,,,,,Not started,
HRTBDA_COMBO_0558,HRTBDA,High Resolution Transformer Building Damage Assessment,xBD Transfer Learning,xBD pretrained HRTBDA checkpoint,STVINCENT-VOLCANO,TEXAS-TORNADOES,STVINCENT-VOLCANO + TEXAS-TORNADOES,xBD,/homes/j244s673/documents/wsu/phd/dataset/STVINCENT-VOLCANO,/homes/j244s673/documents/wsu/phd/dataset/TEXAS-TORNADOES,/homes/j244s673/documents/wsu/phd/dataset/xBD,train,val,test,"Initialize HRTBDA with xBD pretrained weights, fine-tune on STVINCENT-VOLCANO + TEXAS-TORNADOES, test on xBD",,,,,,,,Not started,
HRTBDA_COMBO_0559,HRTBDA,High Resolution Transformer Building Damage Assessment,No Transfer Learning,Random initialization,STVINCENT-VOLCANO,TONGA-VOLCANO,STVINCENT-VOLCANO + TONGA-VOLCANO,EARTHQUAKE-TURKEY,/homes/j244s673/documents/wsu/phd/dataset/STVINCENT-VOLCANO,/homes/j244s673/documents/wsu/phd/dataset/TONGA-VOLCANO,/homes/j244s673/documents/wsu/phd/dataset/EARTHQUAKE-TURKEY,train,val,test,"Train HRTBDA from scratch on STVINCENT-VOLCANO + TONGA-VOLCANO, test on EARTHQUAKE-TURKEY",,,,,,,,Not started,
HRTBDA_COMBO_0560,HRTBDA,High Resolution Transformer Building Damage Assessment,xBD Transfer Learning,xBD pretrained HRTBDA checkpoint,STVINCENT-VOLCANO,TONGA-VOLCANO,STVINCENT-VOLCANO + TONGA-VOLCANO,EARTHQUAKE-TURKEY,/homes/j244s673/documents/wsu/phd/dataset/STVINCENT-VOLCANO,/homes/j244s673/documents/wsu/phd/dataset/TONGA-VOLCANO,/homes/j244s673/documents/wsu/phd/dataset/EARTHQUAKE-TURKEY,train,val,test,"Initialize HRTBDA with xBD pretrained weights, fine-tune on STVINCENT-VOLCANO + TONGA-VOLCANO, test on EARTHQUAKE-TURKEY",,,,,,,,Not started,
HRTBDA_COMBO_0561,HRTBDA,High Resolution Transformer Building Damage Assessment,No Transfer Learning,Random initialization,STVINCENT-VOLCANO,TONGA-VOLCANO,STVINCENT-VOLCANO + TONGA-VOLCANO,HURRICANE-DELTA,/homes/j244s673/documents/wsu/phd/dataset/STVINCENT-VOLCANO,/homes/j244s673/documents/wsu/phd/dataset/TONGA-VOLCANO,/homes/j244s673/documents/wsu/phd/dataset/HURRICANE-DELTA,train,val,test,"Train HRTBDA from scratch on STVINCENT-VOLCANO + TONGA-VOLCANO, test on HURRICANE-DELTA",,,,,,,,Not started,
HRTBDA_COMBO_0562,HRTBDA,High Resolution Transformer Building Damage Assessment,xBD Transfer Learning,xBD pretrained HRTBDA checkpoint,STVINCENT-VOLCANO,TONGA-VOLCANO,STVINCENT-VOLCANO + TONGA-VOLCANO,HURRICANE-DELTA,/homes/j244s673/documents/wsu/phd/dataset/STVINCENT-VOLCANO,/homes/j244s673/documents/wsu/phd/dataset/TONGA-VOLCANO,/homes/j244s673/documents/wsu/phd/dataset/HURRICANE-DELTA,train,val,test,"Initialize HRTBDA with xBD pretrained weights, fine-tune on STVINCENT-VOLCANO + TONGA-VOLCANO, test on HURRICANE-DELTA",,,,,,,,Not started,
HRTBDA_COMBO_0563,HRTBDA,High Resolution Transformer Building Damage Assessment,No Transfer Learning,Random initialization,STVINCENT-VOLCANO,TONGA-VOLCANO,STVINCENT-VOLCANO + TONGA-VOLCANO,HURRICANE-IAN,/homes/j244s673/documents/wsu/phd/dataset/STVINCENT-VOLCANO,/homes/j244s673/documents/wsu/phd/dataset/TONGA-VOLCANO,/homes/j244s673/documents/wsu/phd/dataset/HURRICANE-IAN,train,val,test,"Train HRTBDA from scratch on STVINCENT-VOLCANO + TONGA-VOLCANO, test on HURRICANE-IAN",,,,,,,,Not started,
HRTBDA_COMBO_0564,HRTBDA,High Resolution Transformer Building Damage Assessment,xBD Transfer Learning,xBD pretrained HRTBDA checkpoint,STVINCENT-VOLCANO,TONGA-VOLCANO,STVINCENT-VOLCANO + TONGA-VOLCANO,HURRICANE-IAN,/homes/j244s673/documents/wsu/phd/dataset/STVINCENT-VOLCANO,/homes/j244s673/documents/wsu/phd/dataset/TONGA-VOLCANO,/homes/j244s673/documents/wsu/phd/dataset/HURRICANE-IAN,train,val,test,"Initialize HRTBDA with xBD pretrained weights, fine-tune on STVINCENT-VOLCANO + TONGA-VOLCANO, test on HURRICANE-IAN",,,,,,,,Not started,
HRTBDA_COMBO_0565,HRTBDA,High Resolution Transformer Building Damage Assessment,No Transfer Learning,Random initialization,STVINCENT-VOLCANO,TONGA-VOLCANO,STVINCENT-VOLCANO + TONGA-VOLCANO,HURRICANE-LAURA,/homes/j244s673/documents/wsu/phd/dataset/STVINCENT-VOLCANO,/homes/j244s673/documents/wsu/phd/dataset/TONGA-VOLCANO,/homes/j244s673/documents/wsu/phd/dataset/HURRICANE-LAURA,train,val,test,"Train HRTBDA from scratch on STVINCENT-VOLCANO + TONGA-VOLCANO, test on HURRICANE-LAURA",,,,,,,,Not started,
HRTBDA_COMBO_0566,HRTBDA,High Resolution Transformer Building Damage Assessment,xBD Transfer Learning,xBD pretrained HRTBDA checkpoint,STVINCENT-VOLCANO,TONGA-VOLCANO,STVINCENT-VOLCANO + TONGA-VOLCANO,HURRICANE-LAURA,/homes/j244s673/documents/wsu/phd/dataset/STVINCENT-VOLCANO,/homes/j244s673/documents/wsu/phd/dataset/TONGA-VOLCANO,/homes/j244s673/documents/wsu/phd/dataset/HURRICANE-LAURA,train,val,test,"Initialize HRTBDA with xBD pretrained weights, fine-tune on STVINCENT-VOLCANO + TONGA-VOLCANO, test on HURRICANE-LAURA",,,,,,,,Not started,
HRTBDA_COMBO_0567,HRTBDA,High Resolution Transformer Building Damage Assessment,No Transfer Learning,Random initialization,STVINCENT-VOLCANO,TONGA-VOLCANO,STVINCENT-VOLCANO + TONGA-VOLCANO,MOUNT-SEMERU-ERUPTION,/homes/j244s673/documents/wsu/phd/dataset/STVINCENT-VOLCANO,/homes/j244s673/documents/wsu/phd/dataset/TONGA-VOLCANO,/homes/j244s673/documents/wsu/phd/dataset/MOUNT-SEMERU-ERUPTION,train,val,test,"Train HRTBDA from scratch on STVINCENT-VOLCANO + TONGA-VOLCANO, test on MOUNT-SEMERU-ERUPTION",,,,,,,,Not started,
HRTBDA_COMBO_0568,HRTBDA,High Resolution Transformer Building Damage Assessment,xBD Transfer Learning,xBD pretrained HRTBDA checkpoint,STVINCENT-VOLCANO,TONGA-VOLCANO,STVINCENT-VOLCANO + TONGA-VOLCANO,MOUNT-SEMERU-ERUPTION,/homes/j244s673/documents/wsu/phd/dataset/STVINCENT-VOLCANO,/homes/j244s673/documents/wsu/phd/dataset/TONGA-VOLCANO,/homes/j244s673/documents/wsu/phd/dataset/MOUNT-SEMERU-ERUPTION,train,val,test,"Initialize HRTBDA with xBD pretrained weights, fine-tune on STVINCENT-VOLCANO + TONGA-VOLCANO, test on MOUNT-SEMERU-ERUPTION",,,,,,,,Not started,
HRTBDA_COMBO_0569,HRTBDA,High Resolution Transformer Building Damage Assessment,No Transfer Learning,Random initialization,STVINCENT-VOLCANO,TONGA-VOLCANO,STVINCENT-VOLCANO + TONGA-VOLCANO,STVINCENT-VOLCANO,/homes/j244s673/documents/wsu/phd/dataset/STVINCENT-VOLCANO,/homes/j244s673/documents/wsu/phd/dataset/TONGA-VOLCANO,/homes/j244s673/documents/wsu/phd/dataset/STVINCENT-VOLCANO,train,val,test,"Train HRTBDA from scratch on STVINCENT-VOLCANO + TONGA-VOLCANO, test on STVINCENT-VOLCANO",,,,,,,,Not started,
HRTBDA_COMBO_0570,HRTBDA,High Resolution Transformer Building Damage Assessment,xBD Transfer Learning,xBD pretrained HRTBDA checkpoint,STVINCENT-VOLCANO,TONGA-VOLCANO,STVINCENT-VOLCANO + TONGA-VOLCANO,STVINCENT-VOLCANO,/homes/j244s673/documents/wsu/phd/dataset/STVINCENT-VOLCANO,/homes/j244s673/documents/wsu/phd/dataset/TONGA-VOLCANO,/homes/j244s673/documents/wsu/phd/dataset/STVINCENT-VOLCANO,train,val,test,"Initialize HRTBDA with xBD pretrained weights, fine-tune on STVINCENT-VOLCANO + TONGA-VOLCANO, test on STVINCENT-VOLCANO",,,,,,,,Not started,
HRTBDA_COMBO_0571,HRTBDA,High Resolution Transformer Building Damage Assessment,No Transfer Learning,Random initialization,STVINCENT-VOLCANO,TONGA-VOLCANO,STVINCENT-VOLCANO + TONGA-VOLCANO,TEXAS-TORNADOES,/homes/j244s673/documents/wsu/phd/dataset/STVINCENT-VOLCANO,/homes/j244s673/documents/wsu/phd/dataset/TONGA-VOLCANO,/homes/j244s673/documents/wsu/phd/dataset/TEXAS-TORNADOES,train,val,test,"Train HRTBDA from scratch on STVINCENT-VOLCANO + TONGA-VOLCANO, test on TEXAS-TORNADOES",,,,,,,,Not started,
HRTBDA_COMBO_0572,HRTBDA,High Resolution Transformer Building Damage Assessment,xBD Transfer Learning,xBD pretrained HRTBDA checkpoint,STVINCENT-VOLCANO,TONGA-VOLCANO,STVINCENT-VOLCANO + TONGA-VOLCANO,TEXAS-TORNADOES,/homes/j244s673/documents/wsu/phd/dataset/STVINCENT-VOLCANO,/homes/j244s673/documents/wsu/phd/dataset/TONGA-VOLCANO,/homes/j244s673/documents/wsu/phd/dataset/TEXAS-TORNADOES,train,val,test,"Initialize HRTBDA with xBD pretrained weights, fine-tune on STVINCENT-VOLCANO + TONGA-VOLCANO, test on TEXAS-TORNADOES",,,,,,,,Not started,
HRTBDA_COMBO_0573,HRTBDA,High Resolution Transformer Building Damage Assessment,No Transfer Learning,Random initialization,STVINCENT-VOLCANO,TONGA-VOLCANO,STVINCENT-VOLCANO + TONGA-VOLCANO,TONGA-VOLCANO,/homes/j244s673/documents/wsu/phd/dataset/STVINCENT-VOLCANO,/homes/j244s673/documents/wsu/phd/dataset/TONGA-VOLCANO,/homes/j244s673/documents/wsu/phd/dataset/TONGA-VOLCANO,train,val,test,"Train HRTBDA from scratch on STVINCENT-VOLCANO + TONGA-VOLCANO, test on TONGA-VOLCANO",,,,,,,,Not started,
HRTBDA_COMBO_0574,HRTBDA,High Resolution Transformer Building Damage Assessment,xBD Transfer Learning,xBD pretrained HRTBDA checkpoint,STVINCENT-VOLCANO,TONGA-VOLCANO,STVINCENT-VOLCANO + TONGA-VOLCANO,TONGA-VOLCANO,/homes/j244s673/documents/wsu/phd/dataset/STVINCENT-VOLCANO,/homes/j244s673/documents/wsu/phd/dataset/TONGA-VOLCANO,/homes/j244s673/documents/wsu/phd/dataset/TONGA-VOLCANO,train,val,test,"Initialize HRTBDA with xBD pretrained weights, fine-tune on STVINCENT-VOLCANO + TONGA-VOLCANO, test on TONGA-VOLCANO",,,,,,,,Not started,
HRTBDA_COMBO_0575,HRTBDA,High Resolution Transformer Building Damage Assessment,No Transfer Learning,Random initialization,STVINCENT-VOLCANO,TONGA-VOLCANO,STVINCENT-VOLCANO + TONGA-VOLCANO,xBD,/homes/j244s673/documents/wsu/phd/dataset/STVINCENT-VOLCANO,/homes/j244s673/documents/wsu/phd/dataset/TONGA-VOLCANO,/homes/j244s673/documents/wsu/phd/dataset/xBD,train,val,test,"Train HRTBDA from scratch on STVINCENT-VOLCANO + TONGA-VOLCANO, test on xBD",,,,,,,,Not started,
HRTBDA_COMBO_0576,HRTBDA,High Resolution Transformer Building Damage Assessment,xBD Transfer Learning,xBD pretrained HRTBDA checkpoint,STVINCENT-VOLCANO,TONGA-VOLCANO,STVINCENT-VOLCANO + TONGA-VOLCANO,xBD,/homes/j244s673/documents/wsu/phd/dataset/STVINCENT-VOLCANO,/homes/j244s673/documents/wsu/phd/dataset/TONGA-VOLCANO,/homes/j244s673/documents/wsu/phd/dataset/xBD,train,val,test,"Initialize HRTBDA with xBD pretrained weights, fine-tune on STVINCENT-VOLCANO + TONGA-VOLCANO, test on xBD",,,,,,,,Not started,
HRTBDA_COMBO_0577,HRTBDA,High Resolution Transformer Building Damage Assessment,No Transfer Learning,Random initialization,STVINCENT-VOLCANO,xBD,STVINCENT-VOLCANO + xBD,EARTHQUAKE-TURKEY,/homes/j244s673/documents/wsu/phd/dataset/STVINCENT-VOLCANO,/homes/j244s673/documents/wsu/phd/dataset/xBD,/homes/j244s673/documents/wsu/phd/dataset/EARTHQUAKE-TURKEY,train,val,test,"Train HRTBDA from scratch on STVINCENT-VOLCANO + xBD, test on EARTHQUAKE-TURKEY",,,,,,,,Not started,
HRTBDA_COMBO_0578,HRTBDA,High Resolution Transformer Building Damage Assessment,xBD Transfer Learning,xBD pretrained HRTBDA checkpoint,STVINCENT-VOLCANO,xBD,STVINCENT-VOLCANO + xBD,EARTHQUAKE-TURKEY,/homes/j244s673/documents/wsu/phd/dataset/STVINCENT-VOLCANO,/homes/j244s673/documents/wsu/phd/dataset/xBD,/homes/j244s673/documents/wsu/phd/dataset/EARTHQUAKE-TURKEY,train,val,test,"Initialize HRTBDA with xBD pretrained weights, fine-tune on STVINCENT-VOLCANO + xBD, test on EARTHQUAKE-TURKEY",,,,,,,,Not started,
HRTBDA_COMBO_0579,HRTBDA,High Resolution Transformer Building Damage Assessment,No Transfer Learning,Random initialization,STVINCENT-VOLCANO,xBD,STVINCENT-VOLCANO + xBD,HURRICANE-DELTA,/homes/j244s673/documents/wsu/phd/dataset/STVINCENT-VOLCANO,/homes/j244s673/documents/wsu/phd/dataset/xBD,/homes/j244s673/documents/wsu/phd/dataset/HURRICANE-DELTA,train,val,test,"Train HRTBDA from scratch on STVINCENT-VOLCANO + xBD, test on HURRICANE-DELTA",,,,,,,,Not started,
HRTBDA_COMBO_0580,HRTBDA,High Resolution Transformer Building Damage Assessment,xBD Transfer Learning,xBD pretrained HRTBDA checkpoint,STVINCENT-VOLCANO,xBD,STVINCENT-VOLCANO + xBD,HURRICANE-DELTA,/homes/j244s673/documents/wsu/phd/dataset/STVINCENT-VOLCANO,/homes/j244s673/documents/wsu/phd/dataset/xBD,/homes/j244s673/documents/wsu/phd/dataset/HURRICANE-DELTA,train,val,test,"Initialize HRTBDA with xBD pretrained weights, fine-tune on STVINCENT-VOLCANO + xBD, test on HURRICANE-DELTA",,,,,,,,Not started,
HRTBDA_COMBO_0581,HRTBDA,High Resolution Transformer Building Damage Assessment,No Transfer Learning,Random initialization,STVINCENT-VOLCANO,xBD,STVINCENT-VOLCANO + xBD,HURRICANE-IAN,/homes/j244s673/documents/wsu/phd/dataset/STVINCENT-VOLCANO,/homes/j244s673/documents/wsu/phd/dataset/xBD,/homes/j244s673/documents/wsu/phd/dataset/HURRICANE-IAN,train,val,test,"Train HRTBDA from scratch on STVINCENT-VOLCANO + xBD, test on HURRICANE-IAN",,,,,,,,Not started,
HRTBDA_COMBO_0582,HRTBDA,High Resolution Transformer Building Damage Assessment,xBD Transfer Learning,xBD pretrained HRTBDA checkpoint,STVINCENT-VOLCANO,xBD,STVINCENT-VOLCANO + xBD,HURRICANE-IAN,/homes/j244s673/documents/wsu/phd/dataset/STVINCENT-VOLCANO,/homes/j244s673/documents/wsu/phd/dataset/xBD,/homes/j244s673/documents/wsu/phd/dataset/HURRICANE-IAN,train,val,test,"Initialize HRTBDA with xBD pretrained weights, fine-tune on STVINCENT-VOLCANO + xBD, test on HURRICANE-IAN",,,,,,,,Not started,
HRTBDA_COMBO_0583,HRTBDA,High Resolution Transformer Building Damage Assessment,No Transfer Learning,Random initialization,STVINCENT-VOLCANO,xBD,STVINCENT-VOLCANO + xBD,HURRICANE-LAURA,/homes/j244s673/documents/wsu/phd/dataset/STVINCENT-VOLCANO,/homes/j244s673/documents/wsu/phd/dataset/xBD,/homes/j244s673/documents/wsu/phd/dataset/HURRICANE-LAURA,train,val,test,"Train HRTBDA from scratch on STVINCENT-VOLCANO + xBD, test on HURRICANE-LAURA",,,,,,,,Not started,
HRTBDA_COMBO_0584,HRTBDA,High Resolution Transformer Building Damage Assessment,xBD Transfer Learning,xBD pretrained HRTBDA checkpoint,STVINCENT-VOLCANO,xBD,STVINCENT-VOLCANO + xBD,HURRICANE-LAURA,/homes/j244s673/documents/wsu/phd/dataset/STVINCENT-VOLCANO,/homes/j244s673/documents/wsu/phd/dataset/xBD,/homes/j244s673/documents/wsu/phd/dataset/HURRICANE-LAURA,train,val,test,"Initialize HRTBDA with xBD pretrained weights, fine-tune on STVINCENT-VOLCANO + xBD, test on HURRICANE-LAURA",,,,,,,,Not started,
HRTBDA_COMBO_0585,HRTBDA,High Resolution Transformer Building Damage Assessment,No Transfer Learning,Random initialization,STVINCENT-VOLCANO,xBD,STVINCENT-VOLCANO + xBD,MOUNT-SEMERU-ERUPTION,/homes/j244s673/documents/wsu/phd/dataset/STVINCENT-VOLCANO,/homes/j244s673/documents/wsu/phd/dataset/xBD,/homes/j244s673/documents/wsu/phd/dataset/MOUNT-SEMERU-ERUPTION,train,val,test,"Train HRTBDA from scratch on STVINCENT-VOLCANO + xBD, test on MOUNT-SEMERU-ERUPTION",,,,,,,,Not started,
HRTBDA_COMBO_0586,HRTBDA,High Resolution Transformer Building Damage Assessment,xBD Transfer Learning,xBD pretrained HRTBDA checkpoint,STVINCENT-VOLCANO,xBD,STVINCENT-VOLCANO + xBD,MOUNT-SEMERU-ERUPTION,/homes/j244s673/documents/wsu/phd/dataset/STVINCENT-VOLCANO,/homes/j244s673/documents/wsu/phd/dataset/xBD,/homes/j244s673/documents/wsu/phd/dataset/MOUNT-SEMERU-ERUPTION,train,val,test,"Initialize HRTBDA with xBD pretrained weights, fine-tune on STVINCENT-VOLCANO + xBD, test on MOUNT-SEMERU-ERUPTION",,,,,,,,Not started,
HRTBDA_COMBO_0587,HRTBDA,High Resolution Transformer Building Damage Assessment,No Transfer Learning,Random initialization,STVINCENT-VOLCANO,xBD,STVINCENT-VOLCANO + xBD,STVINCENT-VOLCANO,/homes/j244s673/documents/wsu/phd/dataset/STVINCENT-VOLCANO,/homes/j244s673/documents/wsu/phd/dataset/xBD,/homes/j244s673/documents/wsu/phd/dataset/STVINCENT-VOLCANO,train,val,test,"Train HRTBDA from scratch on STVINCENT-VOLCANO + xBD, test on STVINCENT-VOLCANO",,,,,,,,Not started,
HRTBDA_COMBO_0588,HRTBDA,High Resolution Transformer Building Damage Assessment,xBD Transfer Learning,xBD pretrained HRTBDA checkpoint,STVINCENT-VOLCANO,xBD,STVINCENT-VOLCANO + xBD,STVINCENT-VOLCANO,/homes/j244s673/documents/wsu/phd/dataset/STVINCENT-VOLCANO,/homes/j244s673/documents/wsu/phd/dataset/xBD,/homes/j244s673/documents/wsu/phd/dataset/STVINCENT-VOLCANO,train,val,test,"Initialize HRTBDA with xBD pretrained weights, fine-tune on STVINCENT-VOLCANO + xBD, test on STVINCENT-VOLCANO",,,,,,,,Not started,
HRTBDA_COMBO_0589,HRTBDA,High Resolution Transformer Building Damage Assessment,No Transfer Learning,Random initialization,STVINCENT-VOLCANO,xBD,STVINCENT-VOLCANO + xBD,TEXAS-TORNADOES,/homes/j244s673/documents/wsu/phd/dataset/STVINCENT-VOLCANO,/homes/j244s673/documents/wsu/phd/dataset/xBD,/homes/j244s673/documents/wsu/phd/dataset/TEXAS-TORNADOES,train,val,test,"Train HRTBDA from scratch on STVINCENT-VOLCANO + xBD, test on TEXAS-TORNADOES",,,,,,,,Not started,
HRTBDA_COMBO_0590,HRTBDA,High Resolution Transformer Building Damage Assessment,xBD Transfer Learning,xBD pretrained HRTBDA checkpoint,STVINCENT-VOLCANO,xBD,STVINCENT-VOLCANO + xBD,TEXAS-TORNADOES,/homes/j244s673/documents/wsu/phd/dataset/STVINCENT-VOLCANO,/homes/j244s673/documents/wsu/phd/dataset/xBD,/homes/j244s673/documents/wsu/phd/dataset/TEXAS-TORNADOES,train,val,test,"Initialize HRTBDA with xBD pretrained weights, fine-tune on STVINCENT-VOLCANO + xBD, test on TEXAS-TORNADOES",,,,,,,,Not started,
HRTBDA_COMBO_0591,HRTBDA,High Resolution Transformer Building Damage Assessment,No Transfer Learning,Random initialization,STVINCENT-VOLCANO,xBD,STVINCENT-VOLCANO + xBD,TONGA-VOLCANO,/homes/j244s673/documents/wsu/phd/dataset/STVINCENT-VOLCANO,/homes/j244s673/documents/wsu/phd/dataset/xBD,/homes/j244s673/documents/wsu/phd/dataset/TONGA-VOLCANO,train,val,test,"Train HRTBDA from scratch on STVINCENT-VOLCANO + xBD, test on TONGA-VOLCANO",,,,,,,,Not started,
HRTBDA_COMBO_0592,HRTBDA,High Resolution Transformer Building Damage Assessment,xBD Transfer Learning,xBD pretrained HRTBDA checkpoint,STVINCENT-VOLCANO,xBD,STVINCENT-VOLCANO + xBD,TONGA-VOLCANO,/homes/j244s673/documents/wsu/phd/dataset/STVINCENT-VOLCANO,/homes/j244s673/documents/wsu/phd/dataset/xBD,/homes/j244s673/documents/wsu/phd/dataset/TONGA-VOLCANO,train,val,test,"Initialize HRTBDA with xBD pretrained weights, fine-tune on STVINCENT-VOLCANO + xBD, test on TONGA-VOLCANO",,,,,,,,Not started,
HRTBDA_COMBO_0593,HRTBDA,High Resolution Transformer Building Damage Assessment,No Transfer Learning,Random initialization,STVINCENT-VOLCANO,xBD,STVINCENT-VOLCANO + xBD,xBD,/homes/j244s673/documents/wsu/phd/dataset/STVINCENT-VOLCANO,/homes/j244s673/documents/wsu/phd/dataset/xBD,/homes/j244s673/documents/wsu/phd/dataset/xBD,train,val,test,"Train HRTBDA from scratch on STVINCENT-VOLCANO + xBD, test on xBD",,,,,,,,Not started,
HRTBDA_COMBO_0594,HRTBDA,High Resolution Transformer Building Damage Assessment,xBD Transfer Learning,xBD pretrained HRTBDA checkpoint,STVINCENT-VOLCANO,xBD,STVINCENT-VOLCANO + xBD,xBD,/homes/j244s673/documents/wsu/phd/dataset/STVINCENT-VOLCANO,/homes/j244s673/documents/wsu/phd/dataset/xBD,/homes/j244s673/documents/wsu/phd/dataset/xBD,train,val,test,"Initialize HRTBDA with xBD pretrained weights, fine-tune on STVINCENT-VOLCANO + xBD, test on xBD",,,,,,,,Not started,
HRTBDA_COMBO_0595,HRTBDA,High Resolution Transformer Building Damage Assessment,No Transfer Learning,Random initialization,TEXAS-TORNADOES,TONGA-VOLCANO,TEXAS-TORNADOES + TONGA-VOLCANO,EARTHQUAKE-TURKEY,/homes/j244s673/documents/wsu/phd/dataset/TEXAS-TORNADOES,/homes/j244s673/documents/wsu/phd/dataset/TONGA-VOLCANO,/homes/j244s673/documents/wsu/phd/dataset/EARTHQUAKE-TURKEY,train,val,test,"Train HRTBDA from scratch on TEXAS-TORNADOES + TONGA-VOLCANO, test on EARTHQUAKE-TURKEY",,,,,,,,Not started,
HRTBDA_COMBO_0596,HRTBDA,High Resolution Transformer Building Damage Assessment,xBD Transfer Learning,xBD pretrained HRTBDA checkpoint,TEXAS-TORNADOES,TONGA-VOLCANO,TEXAS-TORNADOES + TONGA-VOLCANO,EARTHQUAKE-TURKEY,/homes/j244s673/documents/wsu/phd/dataset/TEXAS-TORNADOES,/homes/j244s673/documents/wsu/phd/dataset/TONGA-VOLCANO,/homes/j244s673/documents/wsu/phd/dataset/EARTHQUAKE-TURKEY,train,val,test,"Initialize HRTBDA with xBD pretrained weights, fine-tune on TEXAS-TORNADOES + TONGA-VOLCANO, test on EARTHQUAKE-TURKEY",,,,,,,,Not started,
HRTBDA_COMBO_0597,HRTBDA,High Resolution Transformer Building Damage Assessment,No Transfer Learning,Random initialization,TEXAS-TORNADOES,TONGA-VOLCANO,TEXAS-TORNADOES + TONGA-VOLCANO,HURRICANE-DELTA,/homes/j244s673/documents/wsu/phd/dataset/TEXAS-TORNADOES,/homes/j244s673/documents/wsu/phd/dataset/TONGA-VOLCANO,/homes/j244s673/documents/wsu/phd/dataset/HURRICANE-DELTA,train,val,test,"Train HRTBDA from scratch on TEXAS-TORNADOES + TONGA-VOLCANO, test on HURRICANE-DELTA",,,,,,,,Not started,
HRTBDA_COMBO_0598,HRTBDA,High Resolution Transformer Building Damage Assessment,xBD Transfer Learning,xBD pretrained HRTBDA checkpoint,TEXAS-TORNADOES,TONGA-VOLCANO,TEXAS-TORNADOES + TONGA-VOLCANO,HURRICANE-DELTA,/homes/j244s673/documents/wsu/phd/dataset/TEXAS-TORNADOES,/homes/j244s673/documents/wsu/phd/dataset/TONGA-VOLCANO,/homes/j244s673/documents/wsu/phd/dataset/HURRICANE-DELTA,train,val,test,"Initialize HRTBDA with xBD pretrained weights, fine-tune on TEXAS-TORNADOES + TONGA-VOLCANO, test on HURRICANE-DELTA",,,,,,,,Not started,
HRTBDA_COMBO_0599,HRTBDA,High Resolution Transformer Building Damage Assessment,No Transfer Learning,Random initialization,TEXAS-TORNADOES,TONGA-VOLCANO,TEXAS-TORNADOES + TONGA-VOLCANO,HURRICANE-IAN,/homes/j244s673/documents/wsu/phd/dataset/TEXAS-TORNADOES,/homes/j244s673/documents/wsu/phd/dataset/TONGA-VOLCANO,/homes/j244s673/documents/wsu/phd/dataset/HURRICANE-IAN,train,val,test,"Train HRTBDA from scratch on TEXAS-TORNADOES + TONGA-VOLCANO, test on HURRICANE-IAN",,,,,,,,Not started,
HRTBDA_COMBO_0600,HRTBDA,High Resolution Transformer Building Damage Assessment,xBD Transfer Learning,xBD pretrained HRTBDA checkpoint,TEXAS-TORNADOES,TONGA-VOLCANO,TEXAS-TORNADOES + TONGA-VOLCANO,HURRICANE-IAN,/homes/j244s673/documents/wsu/phd/dataset/TEXAS-TORNADOES,/homes/j244s673/documents/wsu/phd/dataset/TONGA-VOLCANO,/homes/j244s673/documents/wsu/phd/dataset/HURRICANE-IAN,train,val,test,"Initialize HRTBDA with xBD pretrained weights, fine-tune on TEXAS-TORNADOES + TONGA-VOLCANO, test on HURRICANE-IAN",,,,,,,,Not started,
HRTBDA_COMBO_0601,HRTBDA,High Resolution Transformer Building Damage Assessment,No Transfer Learning,Random initialization,TEXAS-TORNADOES,TONGA-VOLCANO,TEXAS-TORNADOES + TONGA-VOLCANO,HURRICANE-LAURA,/homes/j244s673/documents/wsu/phd/dataset/TEXAS-TORNADOES,/homes/j244s673/documents/wsu/phd/dataset/TONGA-VOLCANO,/homes/j244s673/documents/wsu/phd/dataset/HURRICANE-LAURA,train,val,test,"Train HRTBDA from scratch on TEXAS-TORNADOES + TONGA-VOLCANO, test on HURRICANE-LAURA",,,,,,,,Not started,
HRTBDA_COMBO_0602,HRTBDA,High Resolution Transformer Building Damage Assessment,xBD Transfer Learning,xBD pretrained HRTBDA checkpoint,TEXAS-TORNADOES,TONGA-VOLCANO,TEXAS-TORNADOES + TONGA-VOLCANO,HURRICANE-LAURA,/homes/j244s673/documents/wsu/phd/dataset/TEXAS-TORNADOES,/homes/j244s673/documents/wsu/phd/dataset/TONGA-VOLCANO,/homes/j244s673/documents/wsu/phd/dataset/HURRICANE-LAURA,train,val,test,"Initialize HRTBDA with xBD pretrained weights, fine-tune on TEXAS-TORNADOES + TONGA-VOLCANO, test on HURRICANE-LAURA",,,,,,,,Not started,
HRTBDA_COMBO_0603,HRTBDA,High Resolution Transformer Building Damage Assessment,No Transfer Learning,Random initialization,TEXAS-TORNADOES,TONGA-VOLCANO,TEXAS-TORNADOES + TONGA-VOLCANO,MOUNT-SEMERU-ERUPTION,/homes/j244s673/documents/wsu/phd/dataset/TEXAS-TORNADOES,/homes/j244s673/documents/wsu/phd/dataset/TONGA-VOLCANO,/homes/j244s673/documents/wsu/phd/dataset/MOUNT-SEMERU-ERUPTION,train,val,test,"Train HRTBDA from scratch on TEXAS-TORNADOES + TONGA-VOLCANO, test on MOUNT-SEMERU-ERUPTION",,,,,,,,Not started,
HRTBDA_COMBO_0604,HRTBDA,High Resolution Transformer Building Damage Assessment,xBD Transfer Learning,xBD pretrained HRTBDA checkpoint,TEXAS-TORNADOES,TONGA-VOLCANO,TEXAS-TORNADOES + TONGA-VOLCANO,MOUNT-SEMERU-ERUPTION,/homes/j244s673/documents/wsu/phd/dataset/TEXAS-TORNADOES,/homes/j244s673/documents/wsu/phd/dataset/TONGA-VOLCANO,/homes/j244s673/documents/wsu/phd/dataset/MOUNT-SEMERU-ERUPTION,train,val,test,"Initialize HRTBDA with xBD pretrained weights, fine-tune on TEXAS-TORNADOES + TONGA-VOLCANO, test on MOUNT-SEMERU-ERUPTION",,,,,,,,Not started,
HRTBDA_COMBO_0605,HRTBDA,High Resolution Transformer Building Damage Assessment,No Transfer Learning,Random initialization,TEXAS-TORNADOES,TONGA-VOLCANO,TEXAS-TORNADOES + TONGA-VOLCANO,STVINCENT-VOLCANO,/homes/j244s673/documents/wsu/phd/dataset/TEXAS-TORNADOES,/homes/j244s673/documents/wsu/phd/dataset/TONGA-VOLCANO,/homes/j244s673/documents/wsu/phd/dataset/STVINCENT-VOLCANO,train,val,test,"Train HRTBDA from scratch on TEXAS-TORNADOES + TONGA-VOLCANO, test on STVINCENT-VOLCANO",,,,,,,,Not started,
HRTBDA_COMBO_0606,HRTBDA,High Resolution Transformer Building Damage Assessment,xBD Transfer Learning,xBD pretrained HRTBDA checkpoint,TEXAS-TORNADOES,TONGA-VOLCANO,TEXAS-TORNADOES + TONGA-VOLCANO,STVINCENT-VOLCANO,/homes/j244s673/documents/wsu/phd/dataset/TEXAS-TORNADOES,/homes/j244s673/documents/wsu/phd/dataset/TONGA-VOLCANO,/homes/j244s673/documents/wsu/phd/dataset/STVINCENT-VOLCANO,train,val,test,"Initialize HRTBDA with xBD pretrained weights, fine-tune on TEXAS-TORNADOES + TONGA-VOLCANO, test on STVINCENT-VOLCANO",,,,,,,,Not started,
HRTBDA_COMBO_0607,HRTBDA,High Resolution Transformer Building Damage Assessment,No Transfer Learning,Random initialization,TEXAS-TORNADOES,TONGA-VOLCANO,TEXAS-TORNADOES + TONGA-VOLCANO,TEXAS-TORNADOES,/homes/j244s673/documents/wsu/phd/dataset/TEXAS-TORNADOES,/homes/j244s673/documents/wsu/phd/dataset/TONGA-VOLCANO,/homes/j244s673/documents/wsu/phd/dataset/TEXAS-TORNADOES,train,val,test,"Train HRTBDA from scratch on TEXAS-TORNADOES + TONGA-VOLCANO, test on TEXAS-TORNADOES",,,,,,,,Not started,
HRTBDA_COMBO_0608,HRTBDA,High Resolution Transformer Building Damage Assessment,xBD Transfer Learning,xBD pretrained HRTBDA checkpoint,TEXAS-TORNADOES,TONGA-VOLCANO,TEXAS-TORNADOES + TONGA-VOLCANO,TEXAS-TORNADOES,/homes/j244s673/documents/wsu/phd/dataset/TEXAS-TORNADOES,/homes/j244s673/documents/wsu/phd/dataset/TONGA-VOLCANO,/homes/j244s673/documents/wsu/phd/dataset/TEXAS-TORNADOES,train,val,test,"Initialize HRTBDA with xBD pretrained weights, fine-tune on TEXAS-TORNADOES + TONGA-VOLCANO, test on TEXAS-TORNADOES",,,,,,,,Not started,
HRTBDA_COMBO_0609,HRTBDA,High Resolution Transformer Building Damage Assessment,No Transfer Learning,Random initialization,TEXAS-TORNADOES,TONGA-VOLCANO,TEXAS-TORNADOES + TONGA-VOLCANO,TONGA-VOLCANO,/homes/j244s673/documents/wsu/phd/dataset/TEXAS-TORNADOES,/homes/j244s673/documents/wsu/phd/dataset/TONGA-VOLCANO,/homes/j244s673/documents/wsu/phd/dataset/TONGA-VOLCANO,train,val,test,"Train HRTBDA from scratch on TEXAS-TORNADOES + TONGA-VOLCANO, test on TONGA-VOLCANO",,,,,,,,Not started,
HRTBDA_COMBO_0610,HRTBDA,High Resolution Transformer Building Damage Assessment,xBD Transfer Learning,xBD pretrained HRTBDA checkpoint,TEXAS-TORNADOES,TONGA-VOLCANO,TEXAS-TORNADOES + TONGA-VOLCANO,TONGA-VOLCANO,/homes/j244s673/documents/wsu/phd/dataset/TEXAS-TORNADOES,/homes/j244s673/documents/wsu/phd/dataset/TONGA-VOLCANO,/homes/j244s673/documents/wsu/phd/dataset/TONGA-VOLCANO,train,val,test,"Initialize HRTBDA with xBD pretrained weights, fine-tune on TEXAS-TORNADOES + TONGA-VOLCANO, test on TONGA-VOLCANO",,,,,,,,Not started,
HRTBDA_COMBO_0611,HRTBDA,High Resolution Transformer Building Damage Assessment,No Transfer Learning,Random initialization,TEXAS-TORNADOES,TONGA-VOLCANO,TEXAS-TORNADOES + TONGA-VOLCANO,xBD,/homes/j244s673/documents/wsu/phd/dataset/TEXAS-TORNADOES,/homes/j244s673/documents/wsu/phd/dataset/TONGA-VOLCANO,/homes/j244s673/documents/wsu/phd/dataset/xBD,train,val,test,"Train HRTBDA from scratch on TEXAS-TORNADOES + TONGA-VOLCANO, test on xBD",,,,,,,,Not started,
HRTBDA_COMBO_0612,HRTBDA,High Resolution Transformer Building Damage Assessment,xBD Transfer Learning,xBD pretrained HRTBDA checkpoint,TEXAS-TORNADOES,TONGA-VOLCANO,TEXAS-TORNADOES + TONGA-VOLCANO,xBD,/homes/j244s673/documents/wsu/phd/dataset/TEXAS-TORNADOES,/homes/j244s673/documents/wsu/phd/dataset/TONGA-VOLCANO,/homes/j244s673/documents/wsu/phd/dataset/xBD,train,val,test,"Initialize HRTBDA with xBD pretrained weights, fine-tune on TEXAS-TORNADOES + TONGA-VOLCANO, test on xBD",,,,,,,,Not started,
HRTBDA_COMBO_0613,HRTBDA,High Resolution Transformer Building Damage Assessment,No Transfer Learning,Random initialization,TEXAS-TORNADOES,xBD,TEXAS-TORNADOES + xBD,EARTHQUAKE-TURKEY,/homes/j244s673/documents/wsu/phd/dataset/TEXAS-TORNADOES,/homes/j244s673/documents/wsu/phd/dataset/xBD,/homes/j244s673/documents/wsu/phd/dataset/EARTHQUAKE-TURKEY,train,val,test,"Train HRTBDA from scratch on TEXAS-TORNADOES + xBD, test on EARTHQUAKE-TURKEY",,,,,,,,Not started,
HRTBDA_COMBO_0614,HRTBDA,High Resolution Transformer Building Damage Assessment,xBD Transfer Learning,xBD pretrained HRTBDA checkpoint,TEXAS-TORNADOES,xBD,TEXAS-TORNADOES + xBD,EARTHQUAKE-TURKEY,/homes/j244s673/documents/wsu/phd/dataset/TEXAS-TORNADOES,/homes/j244s673/documents/wsu/phd/dataset/xBD,/homes/j244s673/documents/wsu/phd/dataset/EARTHQUAKE-TURKEY,train,val,test,"Initialize HRTBDA with xBD pretrained weights, fine-tune on TEXAS-TORNADOES + xBD, test on EARTHQUAKE-TURKEY",,,,,,,,Not started,
HRTBDA_COMBO_0615,HRTBDA,High Resolution Transformer Building Damage Assessment,No Transfer Learning,Random initialization,TEXAS-TORNADOES,xBD,TEXAS-TORNADOES + xBD,HURRICANE-DELTA,/homes/j244s673/documents/wsu/phd/dataset/TEXAS-TORNADOES,/homes/j244s673/documents/wsu/phd/dataset/xBD,/homes/j244s673/documents/wsu/phd/dataset/HURRICANE-DELTA,train,val,test,"Train HRTBDA from scratch on TEXAS-TORNADOES + xBD, test on HURRICANE-DELTA",,,,,,,,Not started,
HRTBDA_COMBO_0616,HRTBDA,High Resolution Transformer Building Damage Assessment,xBD Transfer Learning,xBD pretrained HRTBDA checkpoint,TEXAS-TORNADOES,xBD,TEXAS-TORNADOES + xBD,HURRICANE-DELTA,/homes/j244s673/documents/wsu/phd/dataset/TEXAS-TORNADOES,/homes/j244s673/documents/wsu/phd/dataset/xBD,/homes/j244s673/documents/wsu/phd/dataset/HURRICANE-DELTA,train,val,test,"Initialize HRTBDA with xBD pretrained weights, fine-tune on TEXAS-TORNADOES + xBD, test on HURRICANE-DELTA",,,,,,,,Not started,
HRTBDA_COMBO_0617,HRTBDA,High Resolution Transformer Building Damage Assessment,No Transfer Learning,Random initialization,TEXAS-TORNADOES,xBD,TEXAS-TORNADOES + xBD,HURRICANE-IAN,/homes/j244s673/documents/wsu/phd/dataset/TEXAS-TORNADOES,/homes/j244s673/documents/wsu/phd/dataset/xBD,/homes/j244s673/documents/wsu/phd/dataset/HURRICANE-IAN,train,val,test,"Train HRTBDA from scratch on TEXAS-TORNADOES + xBD, test on HURRICANE-IAN",,,,,,,,Not started,
HRTBDA_COMBO_0618,HRTBDA,High Resolution Transformer Building Damage Assessment,xBD Transfer Learning,xBD pretrained HRTBDA checkpoint,TEXAS-TORNADOES,xBD,TEXAS-TORNADOES + xBD,HURRICANE-IAN,/homes/j244s673/documents/wsu/phd/dataset/TEXAS-TORNADOES,/homes/j244s673/documents/wsu/phd/dataset/xBD,/homes/j244s673/documents/wsu/phd/dataset/HURRICANE-IAN,train,val,test,"Initialize HRTBDA with xBD pretrained weights, fine-tune on TEXAS-TORNADOES + xBD, test on HURRICANE-IAN",,,,,,,,Not started,
HRTBDA_COMBO_0619,HRTBDA,High Resolution Transformer Building Damage Assessment,No Transfer Learning,Random initialization,TEXAS-TORNADOES,xBD,TEXAS-TORNADOES + xBD,HURRICANE-LAURA,/homes/j244s673/documents/wsu/phd/dataset/TEXAS-TORNADOES,/homes/j244s673/documents/wsu/phd/dataset/xBD,/homes/j244s673/documents/wsu/phd/dataset/HURRICANE-LAURA,train,val,test,"Train HRTBDA from scratch on TEXAS-TORNADOES + xBD, test on HURRICANE-LAURA",,,,,,,,Not started,
HRTBDA_COMBO_0620,HRTBDA,High Resolution Transformer Building Damage Assessment,xBD Transfer Learning,xBD pretrained HRTBDA checkpoint,TEXAS-TORNADOES,xBD,TEXAS-TORNADOES + xBD,HURRICANE-LAURA,/homes/j244s673/documents/wsu/phd/dataset/TEXAS-TORNADOES,/homes/j244s673/documents/wsu/phd/dataset/xBD,/homes/j244s673/documents/wsu/phd/dataset/HURRICANE-LAURA,train,val,test,"Initialize HRTBDA with xBD pretrained weights, fine-tune on TEXAS-TORNADOES + xBD, test on HURRICANE-LAURA",,,,,,,,Not started,
HRTBDA_COMBO_0621,HRTBDA,High Resolution Transformer Building Damage Assessment,No Transfer Learning,Random initialization,TEXAS-TORNADOES,xBD,TEXAS-TORNADOES + xBD,MOUNT-SEMERU-ERUPTION,/homes/j244s673/documents/wsu/phd/dataset/TEXAS-TORNADOES,/homes/j244s673/documents/wsu/phd/dataset/xBD,/homes/j244s673/documents/wsu/phd/dataset/MOUNT-SEMERU-ERUPTION,train,val,test,"Train HRTBDA from scratch on TEXAS-TORNADOES + xBD, test on MOUNT-SEMERU-ERUPTION",,,,,,,,Not started,
HRTBDA_COMBO_0622,HRTBDA,High Resolution Transformer Building Damage Assessment,xBD Transfer Learning,xBD pretrained HRTBDA checkpoint,TEXAS-TORNADOES,xBD,TEXAS-TORNADOES + xBD,MOUNT-SEMERU-ERUPTION,/homes/j244s673/documents/wsu/phd/dataset/TEXAS-TORNADOES,/homes/j244s673/documents/wsu/phd/dataset/xBD,/homes/j244s673/documents/wsu/phd/dataset/MOUNT-SEMERU-ERUPTION,train,val,test,"Initialize HRTBDA with xBD pretrained weights, fine-tune on TEXAS-TORNADOES + xBD, test on MOUNT-SEMERU-ERUPTION",,,,,,,,Not started,
HRTBDA_COMBO_0623,HRTBDA,High Resolution Transformer Building Damage Assessment,No Transfer Learning,Random initialization,TEXAS-TORNADOES,xBD,TEXAS-TORNADOES + xBD,STVINCENT-VOLCANO,/homes/j244s673/documents/wsu/phd/dataset/TEXAS-TORNADOES,/homes/j244s673/documents/wsu/phd/dataset/xBD,/homes/j244s673/documents/wsu/phd/dataset/STVINCENT-VOLCANO,train,val,test,"Train HRTBDA from scratch on TEXAS-TORNADOES + xBD, test on STVINCENT-VOLCANO",,,,,,,,Not started,
HRTBDA_COMBO_0624,HRTBDA,High Resolution Transformer Building Damage Assessment,xBD Transfer Learning,xBD pretrained HRTBDA checkpoint,TEXAS-TORNADOES,xBD,TEXAS-TORNADOES + xBD,STVINCENT-VOLCANO,/homes/j244s673/documents/wsu/phd/dataset/TEXAS-TORNADOES,/homes/j244s673/documents/wsu/phd/dataset/xBD,/homes/j244s673/documents/wsu/phd/dataset/STVINCENT-VOLCANO,train,val,test,"Initialize HRTBDA with xBD pretrained weights, fine-tune on TEXAS-TORNADOES + xBD, test on STVINCENT-VOLCANO",,,,,,,,Not started,
HRTBDA_COMBO_0625,HRTBDA,High Resolution Transformer Building Damage Assessment,No Transfer Learning,Random initialization,TEXAS-TORNADOES,xBD,TEXAS-TORNADOES + xBD,TEXAS-TORNADOES,/homes/j244s673/documents/wsu/phd/dataset/TEXAS-TORNADOES,/homes/j244s673/documents/wsu/phd/dataset/xBD,/homes/j244s673/documents/wsu/phd/dataset/TEXAS-TORNADOES,train,val,test,"Train HRTBDA from scratch on TEXAS-TORNADOES + xBD, test on TEXAS-TORNADOES",,,,,,,,Not started,
HRTBDA_COMBO_0626,HRTBDA,High Resolution Transformer Building Damage Assessment,xBD Transfer Learning,xBD pretrained HRTBDA checkpoint,TEXAS-TORNADOES,xBD,TEXAS-TORNADOES + xBD,TEXAS-TORNADOES,/homes/j244s673/documents/wsu/phd/dataset/TEXAS-TORNADOES,/homes/j244s673/documents/wsu/phd/dataset/xBD,/homes/j244s673/documents/wsu/phd/dataset/TEXAS-TORNADOES,train,val,test,"Initialize HRTBDA with xBD pretrained weights, fine-tune on TEXAS-TORNADOES + xBD, test on TEXAS-TORNADOES",,,,,,,,Not started,
HRTBDA_COMBO_0627,HRTBDA,High Resolution Transformer Building Damage Assessment,No Transfer Learning,Random initialization,TEXAS-TORNADOES,xBD,TEXAS-TORNADOES + xBD,TONGA-VOLCANO,/homes/j244s673/documents/wsu/phd/dataset/TEXAS-TORNADOES,/homes/j244s673/documents/wsu/phd/dataset/xBD,/homes/j244s673/documents/wsu/phd/dataset/TONGA-VOLCANO,train,val,test,"Train HRTBDA from scratch on TEXAS-TORNADOES + xBD, test on TONGA-VOLCANO",,,,,,,,Not started,
HRTBDA_COMBO_0628,HRTBDA,High Resolution Transformer Building Damage Assessment,xBD Transfer Learning,xBD pretrained HRTBDA checkpoint,TEXAS-TORNADOES,xBD,TEXAS-TORNADOES + xBD,TONGA-VOLCANO,/homes/j244s673/documents/wsu/phd/dataset/TEXAS-TORNADOES,/homes/j244s673/documents/wsu/phd/dataset/xBD,/homes/j244s673/documents/wsu/phd/dataset/TONGA-VOLCANO,train,val,test,"Initialize HRTBDA with xBD pretrained weights, fine-tune on TEXAS-TORNADOES + xBD, test on TONGA-VOLCANO",,,,,,,,Not started,
HRTBDA_COMBO_0629,HRTBDA,High Resolution Transformer Building Damage Assessment,No Transfer Learning,Random initialization,TEXAS-TORNADOES,xBD,TEXAS-TORNADOES + xBD,xBD,/homes/j244s673/documents/wsu/phd/dataset/TEXAS-TORNADOES,/homes/j244s673/documents/wsu/phd/dataset/xBD,/homes/j244s673/documents/wsu/phd/dataset/xBD,train,val,test,"Train HRTBDA from scratch on TEXAS-TORNADOES + xBD, test on xBD",,,,,,,,Not started,
HRTBDA_COMBO_0630,HRTBDA,High Resolution Transformer Building Damage Assessment,xBD Transfer Learning,xBD pretrained HRTBDA checkpoint,TEXAS-TORNADOES,xBD,TEXAS-TORNADOES + xBD,xBD,/homes/j244s673/documents/wsu/phd/dataset/TEXAS-TORNADOES,/homes/j244s673/documents/wsu/phd/dataset/xBD,/homes/j244s673/documents/wsu/phd/dataset/xBD,train,val,test,"Initialize HRTBDA with xBD pretrained weights, fine-tune on TEXAS-TORNADOES + xBD, test on xBD",,,,,,,,Not started,
HRTBDA_COMBO_0631,HRTBDA,High Resolution Transformer Building Damage Assessment,No Transfer Learning,Random initialization,TONGA-VOLCANO,xBD,TONGA-VOLCANO + xBD,EARTHQUAKE-TURKEY,/homes/j244s673/documents/wsu/phd/dataset/TONGA-VOLCANO,/homes/j244s673/documents/wsu/phd/dataset/xBD,/homes/j244s673/documents/wsu/phd/dataset/EARTHQUAKE-TURKEY,train,val,test,"Train HRTBDA from scratch on TONGA-VOLCANO + xBD, test on EARTHQUAKE-TURKEY",,,,,,,,Not started,
HRTBDA_COMBO_0632,HRTBDA,High Resolution Transformer Building Damage Assessment,xBD Transfer Learning,xBD pretrained HRTBDA checkpoint,TONGA-VOLCANO,xBD,TONGA-VOLCANO + xBD,EARTHQUAKE-TURKEY,/homes/j244s673/documents/wsu/phd/dataset/TONGA-VOLCANO,/homes/j244s673/documents/wsu/phd/dataset/xBD,/homes/j244s673/documents/wsu/phd/dataset/EARTHQUAKE-TURKEY,train,val,test,"Initialize HRTBDA with xBD pretrained weights, fine-tune on TONGA-VOLCANO + xBD, test on EARTHQUAKE-TURKEY",,,,,,,,Not started,
HRTBDA_COMBO_0633,HRTBDA,High Resolution Transformer Building Damage Assessment,No Transfer Learning,Random initialization,TONGA-VOLCANO,xBD,TONGA-VOLCANO + xBD,HURRICANE-DELTA,/homes/j244s673/documents/wsu/phd/dataset/TONGA-VOLCANO,/homes/j244s673/documents/wsu/phd/dataset/xBD,/homes/j244s673/documents/wsu/phd/dataset/HURRICANE-DELTA,train,val,test,"Train HRTBDA from scratch on TONGA-VOLCANO + xBD, test on HURRICANE-DELTA",,,,,,,,Not started,
HRTBDA_COMBO_0634,HRTBDA,High Resolution Transformer Building Damage Assessment,xBD Transfer Learning,xBD pretrained HRTBDA checkpoint,TONGA-VOLCANO,xBD,TONGA-VOLCANO + xBD,HURRICANE-DELTA,/homes/j244s673/documents/wsu/phd/dataset/TONGA-VOLCANO,/homes/j244s673/documents/wsu/phd/dataset/xBD,/homes/j244s673/documents/wsu/phd/dataset/HURRICANE-DELTA,train,val,test,"Initialize HRTBDA with xBD pretrained weights, fine-tune on TONGA-VOLCANO + xBD, test on HURRICANE-DELTA",,,,,,,,Not started,
HRTBDA_COMBO_0635,HRTBDA,High Resolution Transformer Building Damage Assessment,No Transfer Learning,Random initialization,TONGA-VOLCANO,xBD,TONGA-VOLCANO + xBD,HURRICANE-IAN,/homes/j244s673/documents/wsu/phd/dataset/TONGA-VOLCANO,/homes/j244s673/documents/wsu/phd/dataset/xBD,/homes/j244s673/documents/wsu/phd/dataset/HURRICANE-IAN,train,val,test,"Train HRTBDA from scratch on TONGA-VOLCANO + xBD, test on HURRICANE-IAN",,,,,,,,Not started,
HRTBDA_COMBO_0636,HRTBDA,High Resolution Transformer Building Damage Assessment,xBD Transfer Learning,xBD pretrained HRTBDA checkpoint,TONGA-VOLCANO,xBD,TONGA-VOLCANO + xBD,HURRICANE-IAN,/homes/j244s673/documents/wsu/phd/dataset/TONGA-VOLCANO,/homes/j244s673/documents/wsu/phd/dataset/xBD,/homes/j244s673/documents/wsu/phd/dataset/HURRICANE-IAN,train,val,test,"Initialize HRTBDA with xBD pretrained weights, fine-tune on TONGA-VOLCANO + xBD, test on HURRICANE-IAN",,,,,,,,Not started,
HRTBDA_COMBO_0637,HRTBDA,High Resolution Transformer Building Damage Assessment,No Transfer Learning,Random initialization,TONGA-VOLCANO,xBD,TONGA-VOLCANO + xBD,HURRICANE-LAURA,/homes/j244s673/documents/wsu/phd/dataset/TONGA-VOLCANO,/homes/j244s673/documents/wsu/phd/dataset/xBD,/homes/j244s673/documents/wsu/phd/dataset/HURRICANE-LAURA,train,val,test,"Train HRTBDA from scratch on TONGA-VOLCANO + xBD, test on HURRICANE-LAURA",,,,,,,,Not started,
HRTBDA_COMBO_0638,HRTBDA,High Resolution Transformer Building Damage Assessment,xBD Transfer Learning,xBD pretrained HRTBDA checkpoint,TONGA-VOLCANO,xBD,TONGA-VOLCANO + xBD,HURRICANE-LAURA,/homes/j244s673/documents/wsu/phd/dataset/TONGA-VOLCANO,/homes/j244s673/documents/wsu/phd/dataset/xBD,/homes/j244s673/documents/wsu/phd/dataset/HURRICANE-LAURA,train,val,test,"Initialize HRTBDA with xBD pretrained weights, fine-tune on TONGA-VOLCANO + xBD, test on HURRICANE-LAURA",,,,,,,,Not started,
HRTBDA_COMBO_0639,HRTBDA,High Resolution Transformer Building Damage Assessment,No Transfer Learning,Random initialization,TONGA-VOLCANO,xBD,TONGA-VOLCANO + xBD,MOUNT-SEMERU-ERUPTION,/homes/j244s673/documents/wsu/phd/dataset/TONGA-VOLCANO,/homes/j244s673/documents/wsu/phd/dataset/xBD,/homes/j244s673/documents/wsu/phd/dataset/MOUNT-SEMERU-ERUPTION,train,val,test,"Train HRTBDA from scratch on TONGA-VOLCANO + xBD, test on MOUNT-SEMERU-ERUPTION",,,,,,,,Not started,
HRTBDA_COMBO_0640,HRTBDA,High Resolution Transformer Building Damage Assessment,xBD Transfer Learning,xBD pretrained HRTBDA checkpoint,TONGA-VOLCANO,xBD,TONGA-VOLCANO + xBD,MOUNT-SEMERU-ERUPTION,/homes/j244s673/documents/wsu/phd/dataset/TONGA-VOLCANO,/homes/j244s673/documents/wsu/phd/dataset/xBD,/homes/j244s673/documents/wsu/phd/dataset/MOUNT-SEMERU-ERUPTION,train,val,test,"Initialize HRTBDA with xBD pretrained weights, fine-tune on TONGA-VOLCANO + xBD, test on MOUNT-SEMERU-ERUPTION",,,,,,,,Not started,
HRTBDA_COMBO_0641,HRTBDA,High Resolution Transformer Building Damage Assessment,No Transfer Learning,Random initialization,TONGA-VOLCANO,xBD,TONGA-VOLCANO + xBD,STVINCENT-VOLCANO,/homes/j244s673/documents/wsu/phd/dataset/TONGA-VOLCANO,/homes/j244s673/documents/wsu/phd/dataset/xBD,/homes/j244s673/documents/wsu/phd/dataset/STVINCENT-VOLCANO,train,val,test,"Train HRTBDA from scratch on TONGA-VOLCANO + xBD, test on STVINCENT-VOLCANO",,,,,,,,Not started,
HRTBDA_COMBO_0642,HRTBDA,High Resolution Transformer Building Damage Assessment,xBD Transfer Learning,xBD pretrained HRTBDA checkpoint,TONGA-VOLCANO,xBD,TONGA-VOLCANO + xBD,STVINCENT-VOLCANO,/homes/j244s673/documents/wsu/phd/dataset/TONGA-VOLCANO,/homes/j244s673/documents/wsu/phd/dataset/xBD,/homes/j244s673/documents/wsu/phd/dataset/STVINCENT-VOLCANO,train,val,test,"Initialize HRTBDA with xBD pretrained weights, fine-tune on TONGA-VOLCANO + xBD, test on STVINCENT-VOLCANO",,,,,,,,Not started,
HRTBDA_COMBO_0643,HRTBDA,High Resolution Transformer Building Damage Assessment,No Transfer Learning,Random initialization,TONGA-VOLCANO,xBD,TONGA-VOLCANO + xBD,TEXAS-TORNADOES,/homes/j244s673/documents/wsu/phd/dataset/TONGA-VOLCANO,/homes/j244s673/documents/wsu/phd/dataset/xBD,/homes/j244s673/documents/wsu/phd/dataset/TEXAS-TORNADOES,train,val,test,"Train HRTBDA from scratch on TONGA-VOLCANO + xBD, test on TEXAS-TORNADOES",,,,,,,,Not started,
HRTBDA_COMBO_0644,HRTBDA,High Resolution Transformer Building Damage Assessment,xBD Transfer Learning,xBD pretrained HRTBDA checkpoint,TONGA-VOLCANO,xBD,TONGA-VOLCANO + xBD,TEXAS-TORNADOES,/homes/j244s673/documents/wsu/phd/dataset/TONGA-VOLCANO,/homes/j244s673/documents/wsu/phd/dataset/xBD,/homes/j244s673/documents/wsu/phd/dataset/TEXAS-TORNADOES,train,val,test,"Initialize HRTBDA with xBD pretrained weights, fine-tune on TONGA-VOLCANO + xBD, test on TEXAS-TORNADOES",,,,,,,,Not started,
HRTBDA_COMBO_0645,HRTBDA,High Resolution Transformer Building Damage Assessment,No Transfer Learning,Random initialization,TONGA-VOLCANO,xBD,TONGA-VOLCANO + xBD,TONGA-VOLCANO,/homes/j244s673/documents/wsu/phd/dataset/TONGA-VOLCANO,/homes/j244s673/documents/wsu/phd/dataset/xBD,/homes/j244s673/documents/wsu/phd/dataset/TONGA-VOLCANO,train,val,test,"Train HRTBDA from scratch on TONGA-VOLCANO + xBD, test on TONGA-VOLCANO",,,,,,,,Not started,
HRTBDA_COMBO_0646,HRTBDA,High Resolution Transformer Building Damage Assessment,xBD Transfer Learning,xBD pretrained HRTBDA checkpoint,TONGA-VOLCANO,xBD,TONGA-VOLCANO + xBD,TONGA-VOLCANO,/homes/j244s673/documents/wsu/phd/dataset/TONGA-VOLCANO,/homes/j244s673/documents/wsu/phd/dataset/xBD,/homes/j244s673/documents/wsu/phd/dataset/TONGA-VOLCANO,train,val,test,"Initialize HRTBDA with xBD pretrained weights, fine-tune on TONGA-VOLCANO + xBD, test on TONGA-VOLCANO",,,,,,,,Not started,
HRTBDA_COMBO_0647,HRTBDA,High Resolution Transformer Building Damage Assessment,No Transfer Learning,Random initialization,TONGA-VOLCANO,xBD,TONGA-VOLCANO + xBD,xBD,/homes/j244s673/documents/wsu/phd/dataset/TONGA-VOLCANO,/homes/j244s673/documents/wsu/phd/dataset/xBD,/homes/j244s673/documents/wsu/phd/dataset/xBD,train,val,test,"Train HRTBDA from scratch on TONGA-VOLCANO + xBD, test on xBD",,,,,,,,Not started,
HRTBDA_COMBO_0648,HRTBDA,High Resolution Transformer Building Damage Assessment,xBD Transfer Learning,xBD pretrained HRTBDA checkpoint,TONGA-VOLCANO,xBD,TONGA-VOLCANO + xBD,xBD,/homes/j244s673/documents/wsu/phd/dataset/TONGA-VOLCANO,/homes/j244s673/documents/wsu/phd/dataset/xBD,/homes/j244s673/documents/wsu/phd/dataset/xBD,train,val,test,"Initialize HRTBDA with xBD pretrained weights, fine-tune on TONGA-VOLCANO + xBD, test on xBD",,,,,,,,Not started,
